[02May2025 20:50:21.933] [main/INFO] [cpw.mods.modlauncher.Launcher/MODLAUNCHER]: ModLauncher running: args [--launchTarget, forgeserver, --fml.forgeVersion, 47.3.7, --fml.mcVersion, 1.20.1, --fml.forgeGroup, net.minecraftforge, --fml.mcpVersion, 20230612.114412, nogui]
[02May2025 20:50:21.937] [main/INFO] [cpw.mods.modlauncher.Launcher/MODLAUNCHER]: ModLauncher 10.0.9+10.0.9+main.dcd20f30 starting: java version 17.0.14 by Ubuntu; OS Linux arch amd64 version 6.8.0-1026-azure
[02May2025 20:50:21.992] [main/DEBUG] [cpw.mods.modlauncher.LaunchServiceHandler/MODLAUNCHER]: Found launch services [fmlclientdev,forgeclient,minecraft,forgegametestserverdev,fmlserveruserdev,fmlclient,fmldatauserdev,forgeserverdev,forgeserveruserdev,forgeclientdev,forgeclientuserdev,forgeserver,forgedatadev,fmlserver,fmlclientuserdev,fmlserverdev,forgedatauserdev,testharness,forgegametestserveruserdev]
[02May2025 20:50:22.012] [main/DEBUG] [cpw.mods.modlauncher.NameMappingServiceHandler/MODLAUNCHER]: Found naming services : [srgtomcp]
[02May2025 20:50:22.032] [main/DEBUG] [cpw.mods.modlauncher.LaunchPluginHandler/MODLAUNCHER]: Found launch plugins: [mixin,eventbus,slf4jfixer,object_holder_definalize,runtime_enum_extender,capability_token_subclass,accesstransformer,runtimedistcleaner]
[02May2025 20:50:22.049] [main/DEBUG] [cpw.mods.modlauncher.TransformationServicesHandler/MODLAUNCHER]: Discovering transformation services
[02May2025 20:50:22.056] [main/DEBUG] [net.minecraftforge.fml.loading.FMLPaths/CORE]: Path GAMEDIR is /workspaces/minecraftrpg/servidor_minecraft
[02May2025 20:50:22.057] [main/DEBUG] [net.minecraftforge.fml.loading.FMLPaths/CORE]: Path MODSDIR is /workspaces/minecraftrpg/servidor_minecraft/mods
[02May2025 20:50:22.057] [main/DEBUG] [net.minecraftforge.fml.loading.FMLPaths/CORE]: Path CONFIGDIR is /workspaces/minecraftrpg/servidor_minecraft/config
[02May2025 20:50:22.057] [main/DEBUG] [net.minecraftforge.fml.loading.FMLPaths/CORE]: Path FMLCONFIG is /workspaces/minecraftrpg/servidor_minecraft/config/fml.toml
[02May2025 20:50:22.911] [main/DEBUG] [cpw.mods.modlauncher.TransformationServicesHandler/MODLAUNCHER]: Found additional transformation services from discovery services: [/workspaces/minecraftrpg/servidor_minecraft/mods/OptiFine_1.20.1_HD_U_I6.jar]
[02May2025 20:50:22.972] [main/INFO] [net.minecraftforge.fml.loading.ImmediateWindowHandler/]: ImmediateWindowProvider not loading because launch target is forgeserver
[02May2025 20:50:22.991] [main/DEBUG] [cpw.mods.modlauncher.TransformationServicesHandler/MODLAUNCHER]: Found transformer services : [mixin,OptiFine,fml]
[02May2025 20:50:22.991] [main/DEBUG] [cpw.mods.modlauncher.TransformationServicesHandler/MODLAUNCHER]: Transformation services loading
[02May2025 20:50:22.995] [main/DEBUG] [cpw.mods.modlauncher.TransformationServiceDecorator/MODLAUNCHER]: Loading service mixin
[02May2025 20:50:22.996] [main/DEBUG] [cpw.mods.modlauncher.TransformationServiceDecorator/MODLAUNCHER]: Loaded service mixin
[02May2025 20:50:22.996] [main/DEBUG] [cpw.mods.modlauncher.TransformationServiceDecorator/MODLAUNCHER]: Loading service OptiFine
[02May2025 20:50:22.996] [main/INFO] [optifine.OptiFineTransformationService/]: OptiFineTransformationService.onLoad
[02May2025 20:50:22.998] [main/INFO] [optifine.OptiFineTransformationService/]: OptiFine ZIP file URL: union:/workspaces/minecraftrpg/servidor_minecraft/mods/OptiFine_1.20.1_HD_U_I6.jar%23136!/
[02May2025 20:50:23.010] [main/INFO] [optifine.OptiFineTransformationService/]: OptiFine ZIP file: /workspaces/minecraftrpg/servidor_minecraft/mods/OptiFine_1.20.1_HD_U_I6.jar
[02May2025 20:50:23.012] [main/INFO] [optifine.OptiFineTransformer/]: Target.PRE_CLASS is available
[02May2025 20:50:23.027] [main/DEBUG] [cpw.mods.modlauncher.TransformationServiceDecorator/MODLAUNCHER]: Loaded service OptiFine
[02May2025 20:50:23.027] [main/DEBUG] [cpw.mods.modlauncher.TransformationServiceDecorator/MODLAUNCHER]: Loading service fml
[02May2025 20:50:23.029] [main/DEBUG] [net.minecraftforge.fml.loading.LauncherVersion/CORE]: Found FMLLauncher version 1.0
[02May2025 20:50:23.029] [main/DEBUG] [net.minecraftforge.fml.loading.FMLLoader/CORE]: FML 1.0 loading
[02May2025 20:50:23.029] [main/DEBUG] [net.minecraftforge.fml.loading.FMLLoader/CORE]: FML found ModLauncher version : 10.0.9+10.0.9+main.dcd20f30
[02May2025 20:50:23.032] [main/DEBUG] [net.minecraftforge.fml.loading.FMLLoader/CORE]: FML found AccessTransformer version : 8.0.4+66+master.c09db6d7
[02May2025 20:50:23.032] [main/DEBUG] [net.minecraftforge.fml.loading.FMLLoader/CORE]: FML found EventBus version : 6.0.5+6.0.5+master.eb8e549b
[02May2025 20:50:23.033] [main/DEBUG] [net.minecraftforge.fml.loading.FMLLoader/CORE]: Found Runtime Dist Cleaner
[02May2025 20:50:23.036] [main/DEBUG] [net.minecraftforge.fml.loading.FMLLoader/CORE]: FML found CoreMod version : 5.1.6
[02May2025 20:50:23.036] [main/DEBUG] [net.minecraftforge.fml.loading.FMLLoader/CORE]: Found ForgeSPI package implementation version 7.0.1+7.0.1+master.d2b38bf6
[02May2025 20:50:23.037] [main/DEBUG] [net.minecraftforge.fml.loading.FMLLoader/CORE]: Found ForgeSPI package specification 5
[02May2025 20:50:23.037] [main/DEBUG] [cpw.mods.modlauncher.TransformationServiceDecorator/MODLAUNCHER]: Loaded service fml
[02May2025 20:50:23.038] [main/DEBUG] [cpw.mods.modlauncher.TransformationServicesHandler/MODLAUNCHER]: Configuring option handling for services
[02May2025 20:50:23.052] [main/DEBUG] [cpw.mods.modlauncher.TransformationServicesHandler/MODLAUNCHER]: Transformation services initializing
[02May2025 20:50:23.053] [main/DEBUG] [cpw.mods.modlauncher.TransformationServiceDecorator/MODLAUNCHER]: Initializing transformation service mixin
[02May2025 20:50:23.072] [main/DEBUG] [mixin/]: MixinService [ModLauncher] was successfully booted in cpw.mods.cl.ModuleClassLoader@7a3d45bd
[02May2025 20:50:23.088] [main/INFO] [mixin/]: SpongePowered MIXIN Subsystem Version=0.8.5 Source=union:/workspaces/minecraftrpg/servidor_minecraft/libraries/org/spongepowered/mixin/0.8.5/mixin-0.8.5.jar%2365!/ Service=ModLauncher Env=SERVER
[02May2025 20:50:23.094] [main/DEBUG] [mixin/]: Initialising Mixin Platform Manager
[02May2025 20:50:23.095] [main/DEBUG] [mixin/]: Adding mixin platform agents for container ModLauncher Root Container(ModLauncher:4f56a0a2)
[02May2025 20:50:23.098] [main/DEBUG] [mixin/]: Instancing new MixinPlatformAgentMinecraftForge for ModLauncher Root Container(ModLauncher:4f56a0a2)
[02May2025 20:50:23.098] [main/DEBUG] [mixin/]: MixinPlatformAgentMinecraftForge rejected container ModLauncher Root Container(ModLauncher:4f56a0a2)
[02May2025 20:50:23.099] [main/DEBUG] [mixin/]: Instancing new MixinPlatformAgentDefault for ModLauncher Root Container(ModLauncher:4f56a0a2)
[02May2025 20:50:23.099] [main/DEBUG] [mixin/]: MixinPlatformAgentDefault accepted container ModLauncher Root Container(ModLauncher:4f56a0a2)
[02May2025 20:50:23.102] [main/DEBUG] [cpw.mods.modlauncher.TransformationServiceDecorator/MODLAUNCHER]: Initialized transformation service mixin
[02May2025 20:50:23.102] [main/DEBUG] [cpw.mods.modlauncher.TransformationServiceDecorator/MODLAUNCHER]: Initializing transformation service OptiFine
[02May2025 20:50:23.102] [main/INFO] [optifine.OptiFineTransformationService/]: OptiFineTransformationService.initialize
[02May2025 20:50:23.105] [main/DEBUG] [cpw.mods.modlauncher.TransformationServiceDecorator/MODLAUNCHER]: Initialized transformation service OptiFine
[02May2025 20:50:23.105] [main/DEBUG] [cpw.mods.modlauncher.TransformationServiceDecorator/MODLAUNCHER]: Initializing transformation service fml
[02May2025 20:50:23.105] [main/DEBUG] [net.minecraftforge.fml.loading.FMLServiceProvider/CORE]: Setting up basic FML game directories
[02May2025 20:50:23.106] [main/DEBUG] [net.minecraftforge.fml.loading.FMLPaths/CORE]: Path GAMEDIR is /workspaces/minecraftrpg/servidor_minecraft
[02May2025 20:50:23.106] [main/DEBUG] [net.minecraftforge.fml.loading.FMLPaths/CORE]: Path MODSDIR is /workspaces/minecraftrpg/servidor_minecraft/mods
[02May2025 20:50:23.106] [main/DEBUG] [net.minecraftforge.fml.loading.FMLPaths/CORE]: Path CONFIGDIR is /workspaces/minecraftrpg/servidor_minecraft/config
[02May2025 20:50:23.106] [main/DEBUG] [net.minecraftforge.fml.loading.FMLPaths/CORE]: Path FMLCONFIG is /workspaces/minecraftrpg/servidor_minecraft/config/fml.toml
[02May2025 20:50:23.107] [main/DEBUG] [net.minecraftforge.fml.loading.FMLServiceProvider/CORE]: Loading configuration
[02May2025 20:50:23.115] [main/DEBUG] [net.minecraftforge.fml.loading.FMLServiceProvider/CORE]: Preparing ModFile
[02May2025 20:50:23.123] [main/DEBUG] [net.minecraftforge.fml.loading.FMLServiceProvider/CORE]: Preparing launch handler
[02May2025 20:50:23.123] [main/DEBUG] [net.minecraftforge.fml.loading.FMLLoader/CORE]: Using forgeserver as launch service
[02May2025 20:50:23.144] [main/DEBUG] [net.minecraftforge.fml.loading.FMLLoader/CORE]: Received command line version data  : VersionInfo[forgeVersion=47.3.7, mcVersion=1.20.1, mcpVersion=20230612.114412, forgeGroup=net.minecraftforge]
[02May2025 20:50:23.148] [main/DEBUG] [cpw.mods.modlauncher.TransformationServiceDecorator/MODLAUNCHER]: Initialized transformation service fml
[02May2025 20:50:23.148] [main/DEBUG] [cpw.mods.modlauncher.NameMappingServiceHandler/MODLAUNCHER]: Current naming domain is 'srg'
[02May2025 20:50:23.149] [main/DEBUG] [cpw.mods.modlauncher.NameMappingServiceHandler/MODLAUNCHER]: Identified name mapping providers {}
[02May2025 20:50:23.149] [main/DEBUG] [cpw.mods.modlauncher.TransformationServicesHandler/MODLAUNCHER]: Transformation services begin scanning
[02May2025 20:50:23.150] [main/DEBUG] [cpw.mods.modlauncher.TransformationServiceDecorator/MODLAUNCHER]: Beginning scan trigger - transformation service mixin
[02May2025 20:50:23.151] [main/DEBUG] [cpw.mods.modlauncher.TransformationServiceDecorator/MODLAUNCHER]: End scan trigger - transformation service mixin
[02May2025 20:50:23.151] [main/DEBUG] [cpw.mods.modlauncher.TransformationServiceDecorator/MODLAUNCHER]: Beginning scan trigger - transformation service OptiFine
[02May2025 20:50:23.151] [main/DEBUG] [cpw.mods.modlauncher.TransformationServiceDecorator/MODLAUNCHER]: End scan trigger - transformation service OptiFine
[02May2025 20:50:23.151] [main/DEBUG] [cpw.mods.modlauncher.TransformationServiceDecorator/MODLAUNCHER]: Beginning scan trigger - transformation service fml
[02May2025 20:50:23.151] [main/DEBUG] [net.minecraftforge.fml.loading.FMLServiceProvider/CORE]: Initiating mod scan
[02May2025 20:50:23.167] [main/DEBUG] [net.minecraftforge.fml.loading.moddiscovery.ModListHandler/CORE]: Found mod coordinates from lists: []
[02May2025 20:50:23.172] [main/DEBUG] [net.minecraftforge.fml.loading.moddiscovery.ModDiscoverer/CORE]: Found Mod Locators : (mods folder:null),(maven libs:null),(exploded directory:null),(minecraft:null),(userdev classpath:null)
[02May2025 20:50:23.173] [main/DEBUG] [net.minecraftforge.fml.loading.moddiscovery.ModDiscoverer/CORE]: Found Dependency Locators : (JarInJar:null)
[02May2025 20:50:23.183] [main/DEBUG] [net.minecraftforge.fml.loading.moddiscovery.ModFileParser/LOADING]: Considering mod file candidate /workspaces/minecraftrpg/servidor_minecraft/mods/[1.20.1][Forge] RPG-HUD-3.10.jar
[02May2025 20:50:23.233] [main/DEBUG] [net.minecraftforge.fml.loading.moddiscovery.ModFileInfo/LOADING]: Found valid mod file [1.20.1][Forge] RPG-HUD-3.10.jar with {rpghud} mods - versions {3.10}
[02May2025 20:50:23.234] [main/DEBUG] [net.minecraftforge.fml.loading.moddiscovery.ModFileParser/LOADING]: Considering mod file candidate /workspaces/minecraftrpg/servidor_minecraft/mods/AmbientSounds_FORGE_v6.1.9_mc1.20.1.jar
[02May2025 20:50:23.246] [main/DEBUG] [net.minecraftforge.fml.loading.moddiscovery.ModFileInfo/LOADING]: Found valid mod file AmbientSounds_FORGE_v6.1.9_mc1.20.1.jar with {ambientsounds} mods - versions {6.1.9}
[02May2025 20:50:23.248] [main/DEBUG] [net.minecraftforge.fml.loading.moddiscovery.ModFileParser/LOADING]: Considering mod file candidate /workspaces/minecraftrpg/servidor_minecraft/mods/archbows-1.1.9-1.20.1.jar
[02May2025 20:50:23.259] [main/DEBUG] [net.minecraftforge.fml.loading.moddiscovery.ModFileInfo/LOADING]: Found valid mod file archbows-1.1.9-1.20.1.jar with {archbows} mods - versions {1.1.9-1.20.1}
[02May2025 20:50:23.262] [main/DEBUG] [net.minecraftforge.fml.loading.moddiscovery.ModFileParser/LOADING]: Considering mod file candidate /workspaces/minecraftrpg/servidor_minecraft/mods/architectury-9.2.14-forge.jar
[02May2025 20:50:23.266] [main/DEBUG] [net.minecraftforge.fml.loading.moddiscovery.ModFileInfo/LOADING]: Found valid mod file architectury-9.2.14-forge.jar with {architectury} mods - versions {9.2.14}
[02May2025 20:50:23.271] [main/DEBUG] [net.minecraftforge.fml.loading.moddiscovery.ModFileParser/LOADING]: Considering mod file candidate /workspaces/minecraftrpg/servidor_minecraft/mods/ars_nouveau-1.20.1-4.12.6-all.jar
[02May2025 20:50:23.276] [main/DEBUG] [net.minecraftforge.fml.loading.moddiscovery.ModFileInfo/LOADING]: Found valid mod file ars_nouveau-1.20.1-4.12.6-all.jar with {ars_nouveau} mods - versions {4.12.6}
[02May2025 20:50:23.282] [main/DEBUG] [net.minecraftforge.fml.loading.moddiscovery.ModFileParser/LOADING]: Considering mod file candidate /workspaces/minecraftrpg/servidor_minecraft/mods/balm-forge-1.20.1-7.3.27-all.jar
[02May2025 20:50:23.287] [main/DEBUG] [net.minecraftforge.fml.loading.moddiscovery.ModFileInfo/LOADING]: Found valid mod file balm-forge-1.20.1-7.3.27-all.jar with {balm} mods - versions {7.3.27}
[02May2025 20:50:23.289] [main/DEBUG] [net.minecraftforge.fml.loading.moddiscovery.ModFileParser/LOADING]: Considering mod file candidate /workspaces/minecraftrpg/servidor_minecraft/mods/bettercombat-forge-1.8.6+1.20.1.jar
[02May2025 20:50:23.295] [main/DEBUG] [net.minecraftforge.fml.loading.moddiscovery.ModFileInfo/LOADING]: Found valid mod file bettercombat-forge-1.8.6+1.20.1.jar with {bettercombat} mods - versions {1.8.6+1.20.1}
[02May2025 20:50:23.301] [main/DEBUG] [net.minecraftforge.fml.loading.moddiscovery.ModFileParser/LOADING]: Considering mod file candidate /workspaces/minecraftrpg/servidor_minecraft/mods/BiomesOPlenty-forge-1.20.1-19.0.0.96.jar
[02May2025 20:50:23.305] [main/DEBUG] [net.minecraftforge.fml.loading.moddiscovery.ModFileInfo/LOADING]: Found valid mod file BiomesOPlenty-forge-1.20.1-19.0.0.96.jar with {biomesoplenty} mods - versions {19.0.0.96}
[02May2025 20:50:23.315] [main/DEBUG] [net.minecraftforge.fml.loading.moddiscovery.ModFileParser/LOADING]: Considering mod file candidate /workspaces/minecraftrpg/servidor_minecraft/mods/born_in_chaos_[Forge]1.20.1_1.6.3.jar
[02May2025 20:50:23.316] [main/DEBUG] [net.minecraftforge.fml.loading.moddiscovery.ModFileInfo/LOADING]: Found valid mod file born_in_chaos_[Forge]1.20.1_1.6.3.jar with {born_in_chaos_v1} mods - versions {1.6.3}
[02May2025 20:50:23.318] [main/DEBUG] [net.minecraftforge.fml.loading.moddiscovery.ModFileParser/LOADING]: Considering mod file candidate /workspaces/minecraftrpg/servidor_minecraft/mods/Bountiful-6.0.4+1.20.1-forge.jar
[02May2025 20:50:23.322] [main/DEBUG] [net.minecraftforge.fml.loading.moddiscovery.ModFileInfo/LOADING]: Found valid mod file Bountiful-6.0.4+1.20.1-forge.jar with {bountiful} mods - versions {6.0.4+1.20.1}
[02May2025 20:50:23.323] [main/DEBUG] [net.minecraftforge.fml.loading.moddiscovery.ModFileParser/LOADING]: Considering mod file candidate /workspaces/minecraftrpg/servidor_minecraft/mods/cloth-config-11.1.136-forge.jar
[02May2025 20:50:23.324] [main/DEBUG] [net.minecraftforge.fml.loading.moddiscovery.ModFileInfo/LOADING]: Found valid mod file cloth-config-11.1.136-forge.jar with {cloth_config} mods - versions {11.1.136}
[02May2025 20:50:23.326] [main/DEBUG] [net.minecraftforge.fml.loading.moddiscovery.ModFileParser/LOADING]: Considering mod file candidate /workspaces/minecraftrpg/servidor_minecraft/mods/CreativeCore_FORGE_v2.12.32_mc1.20.1.jar
[02May2025 20:50:23.327] [main/DEBUG] [net.minecraftforge.fml.loading.moddiscovery.ModFileInfo/LOADING]: Found valid mod file CreativeCore_FORGE_v2.12.32_mc1.20.1.jar with {creativecore} mods - versions {2.12.32}
[02May2025 20:50:23.329] [main/DEBUG] [net.minecraftforge.fml.loading.moddiscovery.ModFileParser/LOADING]: Considering mod file candidate /workspaces/minecraftrpg/servidor_minecraft/mods/curios-forge-5.14.1+1.20.1.jar
[02May2025 20:50:23.331] [main/DEBUG] [net.minecraftforge.fml.loading.moddiscovery.ModFileInfo/LOADING]: Found valid mod file curios-forge-5.14.1+1.20.1.jar with {curios} mods - versions {5.14.1+1.20.1}
[02May2025 20:50:23.334] [main/DEBUG] [net.minecraftforge.fml.loading.moddiscovery.ModFileParser/LOADING]: Considering mod file candidate /workspaces/minecraftrpg/servidor_minecraft/mods/geckolib-forge-1.20.1-4.7.1.2.jar
[02May2025 20:50:23.335] [main/DEBUG] [net.minecraftforge.fml.loading.moddiscovery.ModFileInfo/LOADING]: Found valid mod file geckolib-forge-1.20.1-4.7.1.2.jar with {geckolib} mods - versions {4.7.1.2}
[02May2025 20:50:23.336] [main/DEBUG] [net.minecraftforge.fml.loading.moddiscovery.ModFileParser/LOADING]: Considering mod file candidate /workspaces/minecraftrpg/servidor_minecraft/mods/GlitchCore-forge-1.20.1-0.0.1.1.jar
[02May2025 20:50:23.338] [main/DEBUG] [net.minecraftforge.fml.loading.moddiscovery.ModFileInfo/LOADING]: Found valid mod file GlitchCore-forge-1.20.1-0.0.1.1.jar with {glitchcore} mods - versions {0.0.1.1}
[02May2025 20:50:23.339] [main/DEBUG] [net.minecraftforge.fml.loading.moddiscovery.ModFileParser/LOADING]: Considering mod file candidate /workspaces/minecraftrpg/servidor_minecraft/mods/gravestone-forge-1.20.1-1.0.24.jar
[02May2025 20:50:23.342] [main/DEBUG] [net.minecraftforge.fml.loading.moddiscovery.ModFileInfo/LOADING]: Found valid mod file gravestone-forge-1.20.1-1.0.24.jar with {gravestone} mods - versions {1.20.1-1.0.24}
[02May2025 20:50:23.343] [main/DEBUG] [net.minecraftforge.fml.loading.moddiscovery.ModFileParser/LOADING]: Considering mod file candidate /workspaces/minecraftrpg/servidor_minecraft/mods/interaction_boxes-0.693.jar
[02May2025 20:50:23.344] [main/DEBUG] [net.minecraftforge.fml.loading.moddiscovery.ModFileInfo/LOADING]: Found valid mod file interaction_boxes-0.693.jar with {interaction_boxes} mods - versions {0.693}
[02May2025 20:50:23.346] [main/DEBUG] [net.minecraftforge.fml.loading.moddiscovery.ModFileParser/LOADING]: Considering mod file candidate /workspaces/minecraftrpg/servidor_minecraft/mods/jei-1.20.1-forge-15.20.0.106.jar
[02May2025 20:50:23.348] [main/DEBUG] [net.minecraftforge.fml.loading.moddiscovery.ModFileInfo/LOADING]: Found valid mod file jei-1.20.1-forge-15.20.0.106.jar with {jei} mods - versions {15.20.0.106}
[02May2025 20:50:23.351] [main/DEBUG] [net.minecraftforge.fml.loading.moddiscovery.ModFileParser/LOADING]: Considering mod file candidate /workspaces/minecraftrpg/servidor_minecraft/mods/jet_and_elias_armors-1.4-1.20.1-CF.jar
[02May2025 20:50:23.352] [main/DEBUG] [net.minecraftforge.fml.loading.moddiscovery.ModFileInfo/LOADING]: Found valid mod file jet_and_elias_armors-1.4-1.20.1-CF.jar with {jet_and_elias_armors} mods - versions {1.0.0}
[02May2025 20:50:23.353] [main/DEBUG] [net.minecraftforge.fml.loading.moddiscovery.ModFileParser/LOADING]: Considering mod file candidate /workspaces/minecraftrpg/servidor_minecraft/mods/JustEnoughResources-1.20.1-1.4.0.247.jar
[02May2025 20:50:23.355] [main/DEBUG] [net.minecraftforge.fml.loading.moddiscovery.ModFileInfo/LOADING]: Found valid mod file JustEnoughResources-1.20.1-1.4.0.247.jar with {jeresources} mods - versions {1.4.0.247}
[02May2025 20:50:23.355] [main/DEBUG] [net.minecraftforge.fml.loading.moddiscovery.ModFileParser/LOADING]: Considering mod file candidate /workspaces/minecraftrpg/servidor_minecraft/mods/Kambrik-6.1.1+1.20.1-forge.jar
[02May2025 20:50:23.356] [main/DEBUG] [net.minecraftforge.fml.loading.moddiscovery.ModFileInfo/LOADING]: Found valid mod file Kambrik-6.1.1+1.20.1-forge.jar with {kambrik} mods - versions {6.1.1+1.20.1}
[02May2025 20:50:23.412] [main/DEBUG] [net.minecraftforge.fml.loading.moddiscovery.ModFileParser/LOADING]: Considering mod file candidate /workspaces/minecraftrpg/servidor_minecraft/mods/Paraglider-forge-20.1.3.jar
[02May2025 20:50:23.413] [main/DEBUG] [net.minecraftforge.fml.loading.moddiscovery.ModFileInfo/LOADING]: Found valid mod file Paraglider-forge-20.1.3.jar with {paraglider} mods - versions {20.1.3}
[02May2025 20:50:23.414] [main/DEBUG] [net.minecraftforge.fml.loading.moddiscovery.ModFileParser/LOADING]: Considering mod file candidate /workspaces/minecraftrpg/servidor_minecraft/mods/Patchouli-1.20.1-84.1-FORGE.jar
[02May2025 20:50:23.415] [main/DEBUG] [net.minecraftforge.fml.loading.moddiscovery.ModFileInfo/LOADING]: Found valid mod file Patchouli-1.20.1-84.1-FORGE.jar with {patchouli} mods - versions {1.20.1-84.1-FORGE}
[02May2025 20:50:23.416] [main/DEBUG] [net.minecraftforge.fml.loading.moddiscovery.ModFileParser/LOADING]: Considering mod file candidate /workspaces/minecraftrpg/servidor_minecraft/mods/player-animation-lib-forge-1.0.2-rc1+1.20.jar
[02May2025 20:50:23.417] [main/DEBUG] [net.minecraftforge.fml.loading.moddiscovery.ModFileInfo/LOADING]: Found valid mod file player-animation-lib-forge-1.0.2-rc1+1.20.jar with {playeranimator} mods - versions {1.0.2-rc1+1.20}
[02May2025 20:50:23.423] [main/DEBUG] [net.minecraftforge.fml.loading.moddiscovery.ModFileParser/LOADING]: Considering mod file candidate /workspaces/minecraftrpg/servidor_minecraft/mods/simplyswords-forge-1.56.0-1.20.1.jar
[02May2025 20:50:23.425] [main/DEBUG] [net.minecraftforge.fml.loading.moddiscovery.ModFileInfo/LOADING]: Found valid mod file simplyswords-forge-1.56.0-1.20.1.jar with {simplyswords} mods - versions {1.56.0-1.20.1}
[02May2025 20:50:23.426] [main/DEBUG] [net.minecraftforge.fml.loading.moddiscovery.ModFileParser/LOADING]: Considering mod file candidate /workspaces/minecraftrpg/servidor_minecraft/mods/skinrestorer-2.3.0+1.20-forge.jar
[02May2025 20:50:23.427] [main/DEBUG] [net.minecraftforge.fml.loading.moddiscovery.ModFileInfo/LOADING]: Found valid mod file skinrestorer-2.3.0+1.20-forge.jar with {skinrestorer} mods - versions {2.3.0+1.20-forge}
[02May2025 20:50:23.444] [main/DEBUG] [net.minecraftforge.fml.loading.moddiscovery.ModFileParser/LOADING]: Considering mod file candidate /workspaces/minecraftrpg/servidor_minecraft/mods/sophisticatedbackpacks-1.20.1-3.23.13.1230.jar
[02May2025 20:50:23.445] [main/DEBUG] [net.minecraftforge.fml.loading.moddiscovery.ModFileInfo/LOADING]: Found valid mod file sophisticatedbackpacks-1.20.1-3.23.13.1230.jar with {sophisticatedbackpacks} mods - versions {3.23.13.1230}
[02May2025 20:50:23.447] [main/DEBUG] [net.minecraftforge.fml.loading.moddiscovery.ModFileParser/LOADING]: Considering mod file candidate /workspaces/minecraftrpg/servidor_minecraft/mods/sophisticatedcore-1.20.1-1.2.49.962.jar
[02May2025 20:50:23.449] [main/DEBUG] [net.minecraftforge.fml.loading.moddiscovery.ModFileInfo/LOADING]: Found valid mod file sophisticatedcore-1.20.1-1.2.49.962.jar with {sophisticatedcore} mods - versions {1.2.49.962}
[02May2025 20:50:23.449] [main/DEBUG] [net.minecraftforge.fml.loading.moddiscovery.ModFileParser/LOADING]: Considering mod file candidate /workspaces/minecraftrpg/servidor_minecraft/mods/sound-physics-remastered-forge-1.20.1-1.4.10.jar
[02May2025 20:50:23.451] [main/DEBUG] [net.minecraftforge.fml.loading.moddiscovery.ModFileInfo/LOADING]: Found valid mod file sound-physics-remastered-forge-1.20.1-1.4.10.jar with {sound_physics_remastered} mods - versions {1.20.1-1.4.10}
[02May2025 20:50:23.451] [main/DEBUG] [net.minecraftforge.fml.loading.moddiscovery.ModFileParser/LOADING]: Considering mod file candidate /workspaces/minecraftrpg/servidor_minecraft/mods/TerraBlender-forge-1.20.1-3.0.1.10.jar
[02May2025 20:50:23.452] [main/DEBUG] [net.minecraftforge.fml.loading.moddiscovery.ModFileInfo/LOADING]: Found valid mod file TerraBlender-forge-1.20.1-3.0.1.10.jar with {terrablender} mods - versions {3.0.1.10}
[02May2025 20:50:23.453] [main/DEBUG] [net.minecraftforge.fml.loading.moddiscovery.ModFileParser/LOADING]: Considering mod file candidate /workspaces/minecraftrpg/servidor_minecraft/mods/the-orcs-1.0-FORGE-1.20.x.jar
[02May2025 20:50:23.454] [main/DEBUG] [net.minecraftforge.fml.loading.moddiscovery.ModFileInfo/LOADING]: Found valid mod file the-orcs-1.0-FORGE-1.20.x.jar with {theorcs} mods - versions {1.0-FORGE-1.20.x}
[02May2025 20:50:23.456] [main/DEBUG] [net.minecraftforge.fml.loading.moddiscovery.ModFileParser/LOADING]: Considering mod file candidate /workspaces/minecraftrpg/servidor_minecraft/mods/uniquedungeons-0.70.3.2-47.2.0.jar
[02May2025 20:50:23.457] [main/DEBUG] [net.minecraftforge.fml.loading.moddiscovery.ModFileInfo/LOADING]: Found valid mod file uniquedungeons-0.70.3.2-47.2.0.jar with {uniquedungeons} mods - versions {0.70.3}
[02May2025 20:50:23.459] [main/DEBUG] [net.minecraftforge.fml.loading.moddiscovery.ModFileParser/LOADING]: Considering mod file candidate /workspaces/minecraftrpg/servidor_minecraft/mods/voicechat-forge-1.20.1-2.5.30.jar
[02May2025 20:50:23.460] [main/DEBUG] [net.minecraftforge.fml.loading.moddiscovery.ModFileInfo/LOADING]: Found valid mod file voicechat-forge-1.20.1-2.5.30.jar with {voicechat} mods - versions {1.20.1-2.5.30}
[02May2025 20:50:23.461] [main/DEBUG] [net.minecraftforge.fml.loading.moddiscovery.ModFileParser/LOADING]: Considering mod file candidate /workspaces/minecraftrpg/servidor_minecraft/mods/waystones-forge-1.20.1-14.1.11.jar
[02May2025 20:50:23.462] [main/DEBUG] [net.minecraftforge.fml.loading.moddiscovery.ModFileInfo/LOADING]: Found valid mod file waystones-forge-1.20.1-14.1.11.jar with {waystones} mods - versions {14.1.11}
[02May2025 20:50:23.625] [main/DEBUG] [net.minecraftforge.fml.loading.moddiscovery.ModFileInfo/LOADING]: Found valid mod file server-1.20.1-20230612.114412-srg.jar with {minecraft} mods - versions {1.20.1}
[02May2025 20:50:23.627] [main/DEBUG] [net.minecraftforge.fml.loading.moddiscovery.ModFileParser/LOADING]: Considering mod file candidate /workspaces/minecraftrpg/servidor_minecraft/libraries/net/minecraftforge/fmlcore/1.20.1-47.3.7/fmlcore-1.20.1-47.3.7.jar
[02May2025 20:50:23.627] [main/WARN] [net.minecraftforge.fml.loading.moddiscovery.ModFileParser/LOADING]: Mod file /workspaces/minecraftrpg/servidor_minecraft/libraries/net/minecraftforge/fmlcore/1.20.1-47.3.7/fmlcore-1.20.1-47.3.7.jar is missing mods.toml file
[02May2025 20:50:23.629] [main/DEBUG] [net.minecraftforge.fml.loading.moddiscovery.ModFileParser/LOADING]: Considering mod file candidate /workspaces/minecraftrpg/servidor_minecraft/libraries/net/minecraftforge/javafmllanguage/1.20.1-47.3.7/javafmllanguage-1.20.1-47.3.7.jar
[02May2025 20:50:23.631] [main/WARN] [net.minecraftforge.fml.loading.moddiscovery.ModFileParser/LOADING]: Mod file /workspaces/minecraftrpg/servidor_minecraft/libraries/net/minecraftforge/javafmllanguage/1.20.1-47.3.7/javafmllanguage-1.20.1-47.3.7.jar is missing mods.toml file
[02May2025 20:50:23.634] [main/DEBUG] [net.minecraftforge.fml.loading.moddiscovery.ModFileParser/LOADING]: Considering mod file candidate /workspaces/minecraftrpg/servidor_minecraft/libraries/net/minecraftforge/lowcodelanguage/1.20.1-47.3.7/lowcodelanguage-1.20.1-47.3.7.jar
[02May2025 20:50:23.634] [main/WARN] [net.minecraftforge.fml.loading.moddiscovery.ModFileParser/LOADING]: Mod file /workspaces/minecraftrpg/servidor_minecraft/libraries/net/minecraftforge/lowcodelanguage/1.20.1-47.3.7/lowcodelanguage-1.20.1-47.3.7.jar is missing mods.toml file
[02May2025 20:50:23.636] [main/DEBUG] [net.minecraftforge.fml.loading.moddiscovery.ModFileParser/LOADING]: Considering mod file candidate /workspaces/minecraftrpg/servidor_minecraft/libraries/net/minecraftforge/mclanguage/1.20.1-47.3.7/mclanguage-1.20.1-47.3.7.jar
[02May2025 20:50:23.637] [main/WARN] [net.minecraftforge.fml.loading.moddiscovery.ModFileParser/LOADING]: Mod file /workspaces/minecraftrpg/servidor_minecraft/libraries/net/minecraftforge/mclanguage/1.20.1-47.3.7/mclanguage-1.20.1-47.3.7.jar is missing mods.toml file
[02May2025 20:50:23.720] [main/DEBUG] [net.minecraftforge.fml.loading.moddiscovery.ModFileParser/LOADING]: Considering mod file candidate /workspaces/minecraftrpg/servidor_minecraft/libraries/net/minecraftforge/forge/1.20.1-47.3.7/forge-1.20.1-47.3.7-universal.jar
[02May2025 20:50:23.721] [main/DEBUG] [net.minecraftforge.fml.loading.moddiscovery.ModFileInfo/LOADING]: Found valid mod file forge-1.20.1-47.3.7-universal.jar with {forge} mods - versions {47.3.7}
[02May2025 20:50:23.735] [main/DEBUG] [net.minecraftforge.fml.loading.moddiscovery.AbstractJarFileDependencyLocator/]: Failed to load resource META-INF/jarjar/metadata.json from server-1.20.1-20230612.114412-srg.jar, it does not contain dependency information.
[02May2025 20:50:23.736] [main/DEBUG] [net.minecraftforge.fml.loading.moddiscovery.AbstractJarFileDependencyLocator/]: Failed to load resource META-INF/jarjar/metadata.json from uniquedungeons-0.70.3.2-47.2.0.jar, it does not contain dependency information.
[02May2025 20:50:23.736] [main/DEBUG] [net.minecraftforge.fml.loading.moddiscovery.AbstractJarFileDependencyLocator/]: Failed to load resource META-INF/jarjar/metadata.json from voicechat-forge-1.20.1-2.5.30.jar, it does not contain dependency information.
[02May2025 20:50:23.737] [main/DEBUG] [net.minecraftforge.fml.loading.moddiscovery.AbstractJarFileDependencyLocator/]: Failed to load resource META-INF/jarjar/metadata.json from simplyswords-forge-1.56.0-1.20.1.jar, it does not contain dependency information.
[02May2025 20:50:23.737] [main/DEBUG] [net.minecraftforge.fml.loading.moddiscovery.AbstractJarFileDependencyLocator/]: Failed to load resource META-INF/jarjar/metadata.json from TerraBlender-forge-1.20.1-3.0.1.10.jar, it does not contain dependency information.
[02May2025 20:50:23.738] [main/DEBUG] [net.minecraftforge.fml.loading.moddiscovery.AbstractJarFileDependencyLocator/]: Failed to load resource META-INF/jarjar/metadata.json from AmbientSounds_FORGE_v6.1.9_mc1.20.1.jar, it does not contain dependency information.
[02May2025 20:50:23.738] [main/DEBUG] [net.minecraftforge.fml.loading.moddiscovery.AbstractJarFileDependencyLocator/]: Failed to load resource META-INF/jarjar/metadata.json from BiomesOPlenty-forge-1.20.1-19.0.0.96.jar, it does not contain dependency information.
[02May2025 20:50:23.739] [main/DEBUG] [net.minecraftforge.fml.loading.moddiscovery.AbstractJarFileDependencyLocator/]: Failed to load resource META-INF/jarjar/metadata.json from jet_and_elias_armors-1.4-1.20.1-CF.jar, it does not contain dependency information.
[02May2025 20:50:23.740] [main/DEBUG] [net.minecraftforge.fml.loading.moddiscovery.AbstractJarFileDependencyLocator/]: Failed to load resource META-INF/jarjar/metadata.json from the-orcs-1.0-FORGE-1.20.x.jar, it does not contain dependency information.
[02May2025 20:50:23.740] [main/DEBUG] [net.minecraftforge.fml.loading.moddiscovery.AbstractJarFileDependencyLocator/]: Failed to load resource META-INF/jarjar/metadata.json from player-animation-lib-forge-1.0.2-rc1+1.20.jar, it does not contain dependency information.
[02May2025 20:50:23.740] [main/DEBUG] [net.minecraftforge.fml.loading.moddiscovery.AbstractJarFileDependencyLocator/]: Failed to load resource META-INF/jarjar/metadata.json from CreativeCore_FORGE_v2.12.32_mc1.20.1.jar, it does not contain dependency information.
[02May2025 20:50:23.740] [main/DEBUG] [net.minecraftforge.fml.loading.moddiscovery.AbstractJarFileDependencyLocator/]: Failed to load resource META-INF/jarjar/metadata.json from [1.20.1][Forge] RPG-HUD-3.10.jar, it does not contain dependency information.
[02May2025 20:50:23.740] [main/DEBUG] [net.minecraftforge.fml.loading.moddiscovery.AbstractJarFileDependencyLocator/]: Failed to load resource META-INF/jarjar/metadata.json from jei-1.20.1-forge-15.20.0.106.jar, it does not contain dependency information.
[02May2025 20:50:23.740] [main/DEBUG] [net.minecraftforge.fml.loading.moddiscovery.AbstractJarFileDependencyLocator/]: Failed to load resource META-INF/jarjar/metadata.json from archbows-1.1.9-1.20.1.jar, it does not contain dependency information.
[02May2025 20:50:23.741] [main/DEBUG] [net.minecraftforge.fml.loading.moddiscovery.AbstractJarFileDependencyLocator/]: Failed to load resource META-INF/jarjar/metadata.json from born_in_chaos_[Forge]1.20.1_1.6.3.jar, it does not contain dependency information.
[02May2025 20:50:23.741] [main/DEBUG] [net.minecraftforge.fml.loading.moddiscovery.AbstractJarFileDependencyLocator/]: Failed to load resource META-INF/jarjar/metadata.json from Bountiful-6.0.4+1.20.1-forge.jar, it does not contain dependency information.
[02May2025 20:50:23.741] [main/DEBUG] [net.minecraftforge.fml.loading.moddiscovery.AbstractJarFileDependencyLocator/]: Failed to load resource META-INF/jarjar/metadata.json from sophisticatedcore-1.20.1-1.2.49.962.jar, it does not contain dependency information.
[02May2025 20:50:23.741] [main/DEBUG] [net.minecraftforge.fml.loading.moddiscovery.AbstractJarFileDependencyLocator/]: Failed to load resource META-INF/jarjar/metadata.json from curios-forge-5.14.1+1.20.1.jar, it does not contain dependency information.
[02May2025 20:50:23.741] [main/DEBUG] [net.minecraftforge.fml.loading.moddiscovery.AbstractJarFileDependencyLocator/]: Failed to load resource META-INF/jarjar/metadata.json from sound-physics-remastered-forge-1.20.1-1.4.10.jar, it does not contain dependency information.
[02May2025 20:50:23.741] [main/DEBUG] [net.minecraftforge.fml.loading.moddiscovery.AbstractJarFileDependencyLocator/]: Failed to load resource META-INF/jarjar/metadata.json from Patchouli-1.20.1-84.1-FORGE.jar, it does not contain dependency information.
[02May2025 20:50:23.741] [main/DEBUG] [net.minecraftforge.fml.loading.moddiscovery.AbstractJarFileDependencyLocator/]: Failed to load resource META-INF/jarjar/metadata.json from waystones-forge-1.20.1-14.1.11.jar, it does not contain dependency information.
[02May2025 20:50:23.742] [main/DEBUG] [net.minecraftforge.fml.loading.moddiscovery.AbstractJarFileDependencyLocator/]: Failed to load resource META-INF/jarjar/metadata.json from gravestone-forge-1.20.1-1.0.24.jar, it does not contain dependency information.
[02May2025 20:50:23.742] [main/DEBUG] [net.minecraftforge.fml.loading.moddiscovery.AbstractJarFileDependencyLocator/]: Failed to load resource META-INF/jarjar/metadata.json from GlitchCore-forge-1.20.1-0.0.1.1.jar, it does not contain dependency information.
[02May2025 20:50:23.742] [main/DEBUG] [net.minecraftforge.fml.loading.moddiscovery.AbstractJarFileDependencyLocator/]: Failed to load resource META-INF/jarjar/metadata.json from Kambrik-6.1.1+1.20.1-forge.jar, it does not contain dependency information.
[02May2025 20:50:23.742] [main/DEBUG] [net.minecraftforge.fml.loading.moddiscovery.AbstractJarFileDependencyLocator/]: Failed to load resource META-INF/jarjar/metadata.json from sophisticatedbackpacks-1.20.1-3.23.13.1230.jar, it does not contain dependency information.
[02May2025 20:50:23.742] [main/DEBUG] [net.minecraftforge.fml.loading.moddiscovery.AbstractJarFileDependencyLocator/]: Failed to load resource META-INF/jarjar/metadata.json from architectury-9.2.14-forge.jar, it does not contain dependency information.
[02May2025 20:50:23.743] [main/DEBUG] [net.minecraftforge.fml.loading.moddiscovery.AbstractJarFileDependencyLocator/]: Failed to load resource META-INF/jarjar/metadata.json from JustEnoughResources-1.20.1-1.4.0.247.jar, it does not contain dependency information.
[02May2025 20:50:23.743] [main/DEBUG] [net.minecraftforge.fml.loading.moddiscovery.AbstractJarFileDependencyLocator/]: Failed to load resource META-INF/jarjar/metadata.json from interaction_boxes-0.693.jar, it does not contain dependency information.
[02May2025 20:50:23.744] [main/DEBUG] [net.minecraftforge.fml.loading.moddiscovery.AbstractJarFileDependencyLocator/]: Failed to load resource META-INF/jarjar/metadata.json from Paraglider-forge-20.1.3.jar, it does not contain dependency information.
[02May2025 20:50:23.744] [main/DEBUG] [net.minecraftforge.fml.loading.moddiscovery.AbstractJarFileDependencyLocator/]: Failed to load resource META-INF/jarjar/metadata.json from cloth-config-11.1.136-forge.jar, it does not contain dependency information.
[02May2025 20:50:23.744] [main/DEBUG] [net.minecraftforge.fml.loading.moddiscovery.AbstractJarFileDependencyLocator/]: Failed to load resource META-INF/jarjar/metadata.json from forge-1.20.1-47.3.7-universal.jar, it does not contain dependency information.
[02May2025 20:50:23.744] [main/DEBUG] [net.minecraftforge.fml.loading.moddiscovery.AbstractJarFileDependencyLocator/]: Failed to load resource META-INF/jarjar/metadata.json from mclanguage-1.20.1-47.3.7.jar, it does not contain dependency information.
[02May2025 20:50:23.745] [main/DEBUG] [net.minecraftforge.fml.loading.moddiscovery.AbstractJarFileDependencyLocator/]: Failed to load resource META-INF/jarjar/metadata.json from javafmllanguage-1.20.1-47.3.7.jar, it does not contain dependency information.
[02May2025 20:50:23.745] [main/DEBUG] [net.minecraftforge.fml.loading.moddiscovery.AbstractJarFileDependencyLocator/]: Failed to load resource META-INF/jarjar/metadata.json from fmlcore-1.20.1-47.3.7.jar, it does not contain dependency information.
[02May2025 20:50:23.745] [main/DEBUG] [net.minecraftforge.fml.loading.moddiscovery.AbstractJarFileDependencyLocator/]: Failed to load resource META-INF/jarjar/metadata.json from lowcodelanguage-1.20.1-47.3.7.jar, it does not contain dependency information.
[02May2025 20:50:23.808] [main/DEBUG] [net.minecraftforge.fml.loading.moddiscovery.ModFileParser/LOADING]: Considering mod file candidate 
[02May2025 20:50:23.809] [main/DEBUG] [net.minecraftforge.fml.loading.moddiscovery.ModFileInfo/LOADING]: Found valid mod file mixinextras-forge-0.2.0-beta.8.jar with {mixinextras} mods - versions {0.2.0-beta.8}
[02May2025 20:50:23.823] [main/DEBUG] [net.minecraftforge.fml.loading.moddiscovery.ModFileParser/LOADING]: Considering mod file candidate 
[02May2025 20:50:23.824] [main/DEBUG] [net.minecraftforge.fml.loading.moddiscovery.ModFileInfo/LOADING]: Found valid mod file geckolib-forge-1.20.1-4.4.4.jar with {geckolib} mods - versions {4.4.4}
[02May2025 20:50:23.826] [main/DEBUG] [net.minecraftforge.fml.loading.moddiscovery.ModFileParser/LOADING]: Considering mod file candidate 
[02May2025 20:50:23.828] [main/DEBUG] [net.minecraftforge.fml.loading.moddiscovery.ModFileInfo/LOADING]: Found valid mod file kuma-api-forge-20.1.10+1.20.1.jar with {kuma_api} mods - versions {20.1.10}
[02May2025 20:50:23.845] [main/DEBUG] [net.minecraftforge.fml.loading.moddiscovery.ModFileParser/LOADING]: Considering mod file candidate 
[02May2025 20:50:23.846] [main/DEBUG] [net.minecraftforge.fml.loading.moddiscovery.ModFileInfo/LOADING]: Found valid mod file kffmod-4.11.0.jar with {kotlinforforge} mods - versions {4.11.0}
[02May2025 20:50:23.851] [main/DEBUG] [net.minecraftforge.fml.loading.moddiscovery.ModFileParser/LOADING]: Considering mod file candidate 
[02May2025 20:50:23.852] [main/DEBUG] [net.minecraftforge.fml.loading.moddiscovery.ModFileInfo/LOADING]: Found valid mod file mixinextras-forge-0.2.0.jar with {mixinextras} mods - versions {0.2.0}
[02May2025 20:50:23.861] [main/DEBUG] [net.minecraftforge.fml.loading.moddiscovery.AbstractJarFileDependencyLocator/]: Failed to load resource META-INF/jarjar/metadata.json from kuma-api-forge-20.1.10+1.20.1.jar, it does not contain dependency information.
[02May2025 20:50:23.861] [main/DEBUG] [net.minecraftforge.fml.loading.moddiscovery.AbstractJarFileDependencyLocator/]: Failed to load resource META-INF/jarjar/metadata.json from mclib-20.jar, it does not contain dependency information.
[02May2025 20:50:23.861] [main/DEBUG] [net.minecraftforge.fml.loading.moddiscovery.AbstractJarFileDependencyLocator/]: Failed to load resource META-INF/jarjar/metadata.json from kfflang-4.11.0.jar, it does not contain dependency information.
[02May2025 20:50:23.861] [main/DEBUG] [net.minecraftforge.fml.loading.moddiscovery.AbstractJarFileDependencyLocator/]: Failed to load resource META-INF/jarjar/metadata.json from kfflib-4.11.0.jar, it does not contain dependency information.
[02May2025 20:50:23.862] [main/DEBUG] [net.minecraftforge.fml.loading.moddiscovery.AbstractJarFileDependencyLocator/]: Failed to load resource META-INF/jarjar/metadata.json from kffmod-4.11.0.jar, it does not contain dependency information.
[02May2025 20:50:23.862] [main/DEBUG] [net.minecraftforge.fml.loading.moddiscovery.AbstractJarFileDependencyLocator/]: Failed to load resource META-INF/jarjar/metadata.json from java-client-3.0.1-SNAPSHOT.jar, it does not contain dependency information.
[02May2025 20:50:23.870] [main/DEBUG] [net.minecraftforge.fml.loading.moddiscovery.AbstractJarFileDependencyLocator/]: Failed to load resource META-INF/jarjar/metadata.json from MixinExtras-0.2.0-beta.8.jar, it does not contain dependency information.
[02May2025 20:50:23.870] [main/DEBUG] [net.minecraftforge.fml.loading.moddiscovery.AbstractJarFileDependencyLocator/]: Failed to load resource META-INF/jarjar/metadata.json from mclib-20.jar, it does not contain dependency information.
[02May2025 20:50:23.871] [main/DEBUG] [net.minecraftforge.fml.loading.moddiscovery.AbstractJarFileDependencyLocator/]: Failed to load resource META-INF/jarjar/metadata.json from MixinExtras-0.2.0.jar, it does not contain dependency information.
[02May2025 20:50:23.915] [main/DEBUG] [net.minecraftforge.fml.loading.moddiscovery.ModFileParser/LOADING]: Considering mod file candidate 
[02May2025 20:50:23.916] [main/DEBUG] [net.minecraftforge.fml.loading.moddiscovery.ModFileInfo/LOADING]: Found valid mod file mixinextras-forge-0.2.0.jar with {mixinextras} mods - versions {0.2.0}
[02May2025 20:50:23.934] [main/DEBUG] [net.minecraftforge.fml.loading.moddiscovery.ModFileParser/LOADING]: Considering mod file candidate 
[02May2025 20:50:23.940] [main/DEBUG] [net.minecraftforge.fml.loading.moddiscovery.ModFileInfo/LOADING]: Found valid mod file kffmod-4.11.0.jar with {kotlinforforge} mods - versions {4.11.0}
[02May2025 20:50:23.955] [main/DEBUG] [net.minecraftforge.fml.loading.moddiscovery.ModFileParser/LOADING]: Considering mod file candidate 
[02May2025 20:50:23.957] [main/DEBUG] [net.minecraftforge.fml.loading.moddiscovery.ModFileInfo/LOADING]: Found valid mod file geckolib-forge-1.20.1-4.4.4.jar with {geckolib} mods - versions {4.4.4}
[02May2025 20:50:23.968] [main/DEBUG] [net.minecraftforge.fml.loading.moddiscovery.ModFileParser/LOADING]: Considering mod file candidate 
[02May2025 20:50:23.968] [main/DEBUG] [net.minecraftforge.fml.loading.moddiscovery.ModFileInfo/LOADING]: Found valid mod file mixinextras-forge-0.2.0-beta.8.jar with {mixinextras} mods - versions {0.2.0-beta.8}
[02May2025 20:50:23.970] [main/DEBUG] [net.minecraftforge.fml.loading.moddiscovery.ModFileParser/LOADING]: Considering mod file candidate 
[02May2025 20:50:23.971] [main/DEBUG] [net.minecraftforge.fml.loading.moddiscovery.ModFileInfo/LOADING]: Found valid mod file kuma-api-forge-20.1.10+1.20.1.jar with {kuma_api} mods - versions {20.1.10}
[02May2025 20:50:23.978] [main/WARN] [net.minecraftforge.jarjar.selection.JarSelector/]: Attempted to select two dependency jars from JarJar which have the same identification: Mod File:  and Mod File: . Using Mod File: 
[02May2025 20:50:23.980] [main/WARN] [net.minecraftforge.jarjar.selection.JarSelector/]: Attempted to select a dependency jar for JarJar which was passed in as source: geckolib. Using Mod File: /workspaces/minecraftrpg/servidor_minecraft/mods/geckolib-forge-1.20.1-4.7.1.2.jar
[02May2025 20:50:23.980] [main/INFO] [net.minecraftforge.fml.loading.moddiscovery.JarInJarDependencyLocator/]: Found 8 dependencies adding them to mods collection
[02May2025 20:50:23.984] [main/DEBUG] [net.minecraftforge.fml.loading.moddiscovery.ModFileInfo/LOADING]: Found valid mod file server-1.20.1-20230612.114412-srg.jar with {minecraft} mods - versions {1.20.1}
[02May2025 20:50:23.990] [main/DEBUG] [net.minecraftforge.fml.loading.moddiscovery.ModFile/LOADING]: Loading mod file /workspaces/minecraftrpg/servidor_minecraft/libraries/net/minecraft/server/1.20.1-20230612.114412/server-1.20.1-20230612.114412-srg.jar with languages [LanguageSpec[languageName=minecraft, acceptedVersions=1]]
[02May2025 20:50:23.992] [main/DEBUG] [net.minecraftforge.fml.loading.moddiscovery.ModFileParser/LOADING]: Considering mod file candidate /workspaces/minecraftrpg/servidor_minecraft/mods/uniquedungeons-0.70.3.2-47.2.0.jar
[02May2025 20:50:23.993] [main/DEBUG] [net.minecraftforge.fml.loading.moddiscovery.ModFileInfo/LOADING]: Found valid mod file uniquedungeons-0.70.3.2-47.2.0.jar with {uniquedungeons} mods - versions {0.70.3}
[02May2025 20:50:23.993] [main/DEBUG] [net.minecraftforge.fml.loading.moddiscovery.ModFile/LOADING]: Loading mod file /workspaces/minecraftrpg/servidor_minecraft/mods/uniquedungeons-0.70.3.2-47.2.0.jar with languages [LanguageSpec[languageName=javafml, acceptedVersions=[36,)]]
[02May2025 20:50:23.993] [main/DEBUG] [net.minecraftforge.fml.loading.moddiscovery.ModFileParser/LOADING]: Considering mod file candidate 
[02May2025 20:50:23.994] [main/DEBUG] [net.minecraftforge.fml.loading.moddiscovery.ModFileInfo/LOADING]: Found valid mod file kuma-api-forge-20.1.10+1.20.1.jar with {kuma_api} mods - versions {20.1.10}
[02May2025 20:50:23.994] [main/DEBUG] [net.minecraftforge.fml.loading.moddiscovery.ModFile/LOADING]: Loading mod file  with languages [LanguageSpec[languageName=javafml, acceptedVersions=[47,)]]
[02May2025 20:50:23.995] [main/DEBUG] [net.minecraftforge.fml.loading.moddiscovery.ModFileParser/LOADING]: Considering mod file candidate /workspaces/minecraftrpg/servidor_minecraft/mods/simplyswords-forge-1.56.0-1.20.1.jar
[02May2025 20:50:23.996] [main/DEBUG] [net.minecraftforge.fml.loading.moddiscovery.ModFileInfo/LOADING]: Found valid mod file simplyswords-forge-1.56.0-1.20.1.jar with {simplyswords} mods - versions {1.56.0-1.20.1}
[02May2025 20:50:23.996] [main/DEBUG] [net.minecraftforge.fml.loading.moddiscovery.ModFile/LOADING]: Loading mod file /workspaces/minecraftrpg/servidor_minecraft/mods/simplyswords-forge-1.56.0-1.20.1.jar with languages [LanguageSpec[languageName=javafml, acceptedVersions=[41,)]]
[02May2025 20:50:23.996] [main/DEBUG] [net.minecraftforge.fml.loading.moddiscovery.ModFileParser/LOADING]: Considering mod file candidate /workspaces/minecraftrpg/servidor_minecraft/mods/voicechat-forge-1.20.1-2.5.30.jar
[02May2025 20:50:23.997] [main/DEBUG] [net.minecraftforge.fml.loading.moddiscovery.ModFileInfo/LOADING]: Found valid mod file voicechat-forge-1.20.1-2.5.30.jar with {voicechat} mods - versions {1.20.1-2.5.30}
[02May2025 20:50:23.997] [main/DEBUG] [net.minecraftforge.fml.loading.moddiscovery.ModFile/LOADING]: Loading mod file /workspaces/minecraftrpg/servidor_minecraft/mods/voicechat-forge-1.20.1-2.5.30.jar with languages [LanguageSpec[languageName=javafml, acceptedVersions=*]]
[02May2025 20:50:23.997] [main/DEBUG] [net.minecraftforge.fml.loading.moddiscovery.ModFileParser/LOADING]: Considering mod file candidate /workspaces/minecraftrpg/servidor_minecraft/mods/AmbientSounds_FORGE_v6.1.9_mc1.20.1.jar
[02May2025 20:50:23.998] [main/DEBUG] [net.minecraftforge.fml.loading.moddiscovery.ModFileInfo/LOADING]: Found valid mod file AmbientSounds_FORGE_v6.1.9_mc1.20.1.jar with {ambientsounds} mods - versions {6.1.9}
[02May2025 20:50:23.998] [main/DEBUG] [net.minecraftforge.fml.loading.moddiscovery.ModFile/LOADING]: Loading mod file /workspaces/minecraftrpg/servidor_minecraft/mods/AmbientSounds_FORGE_v6.1.9_mc1.20.1.jar with languages [LanguageSpec[languageName=javafml, acceptedVersions=[46,)]]
[02May2025 20:50:23.998] [main/DEBUG] [net.minecraftforge.fml.loading.moddiscovery.ModFileParser/LOADING]: Considering mod file candidate /workspaces/minecraftrpg/servidor_minecraft/mods/TerraBlender-forge-1.20.1-3.0.1.10.jar
[02May2025 20:50:23.999] [main/DEBUG] [net.minecraftforge.fml.loading.moddiscovery.ModFileInfo/LOADING]: Found valid mod file TerraBlender-forge-1.20.1-3.0.1.10.jar with {terrablender} mods - versions {3.0.1.10}
[02May2025 20:50:23.999] [main/DEBUG] [net.minecraftforge.fml.loading.moddiscovery.ModFile/LOADING]: Loading mod file /workspaces/minecraftrpg/servidor_minecraft/mods/TerraBlender-forge-1.20.1-3.0.1.10.jar with languages [LanguageSpec[languageName=javafml, acceptedVersions=[47,)]]
[02May2025 20:50:23.999] [main/DEBUG] [net.minecraftforge.fml.loading.moddiscovery.ModFileParser/LOADING]: Considering mod file candidate /workspaces/minecraftrpg/servidor_minecraft/mods/bettercombat-forge-1.8.6+1.20.1.jar
[02May2025 20:50:24.001] [main/DEBUG] [net.minecraftforge.fml.loading.moddiscovery.ModFileInfo/LOADING]: Found valid mod file bettercombat-forge-1.8.6+1.20.1.jar with {bettercombat} mods - versions {1.8.6+1.20.1}
[02May2025 20:50:24.003] [main/DEBUG] [net.minecraftforge.fml.loading.moddiscovery.ModFile/LOADING]: Loading mod file /workspaces/minecraftrpg/servidor_minecraft/mods/bettercombat-forge-1.8.6+1.20.1.jar with languages [LanguageSpec[languageName=javafml, acceptedVersions=[39,)]]
[02May2025 20:50:24.004] [main/DEBUG] [net.minecraftforge.fml.loading.moddiscovery.ModFileParser/LOADING]: Considering mod file candidate /workspaces/minecraftrpg/servidor_minecraft/mods/BiomesOPlenty-forge-1.20.1-19.0.0.96.jar
[02May2025 20:50:24.005] [main/DEBUG] [net.minecraftforge.fml.loading.moddiscovery.ModFileInfo/LOADING]: Found valid mod file BiomesOPlenty-forge-1.20.1-19.0.0.96.jar with {biomesoplenty} mods - versions {19.0.0.96}
[02May2025 20:50:24.007] [main/DEBUG] [net.minecraftforge.fml.loading.moddiscovery.ModFile/LOADING]: Loading mod file /workspaces/minecraftrpg/servidor_minecraft/mods/BiomesOPlenty-forge-1.20.1-19.0.0.96.jar with languages [LanguageSpec[languageName=javafml, acceptedVersions=[47,)]]
[02May2025 20:50:24.007] [main/DEBUG] [net.minecraftforge.fml.loading.moddiscovery.ModFileParser/LOADING]: Considering mod file candidate /workspaces/minecraftrpg/servidor_minecraft/mods/jet_and_elias_armors-1.4-1.20.1-CF.jar
[02May2025 20:50:24.009] [main/DEBUG] [net.minecraftforge.fml.loading.moddiscovery.ModFileInfo/LOADING]: Found valid mod file jet_and_elias_armors-1.4-1.20.1-CF.jar with {jet_and_elias_armors} mods - versions {1.0.0}
[02May2025 20:50:24.009] [main/DEBUG] [net.minecraftforge.fml.loading.moddiscovery.ModFile/LOADING]: Loading mod file /workspaces/minecraftrpg/servidor_minecraft/mods/jet_and_elias_armors-1.4-1.20.1-CF.jar with languages [LanguageSpec[languageName=javafml, acceptedVersions=[47,)]]
[02May2025 20:50:24.009] [main/DEBUG] [net.minecraftforge.fml.loading.moddiscovery.ModFileParser/LOADING]: Considering mod file candidate /workspaces/minecraftrpg/servidor_minecraft/mods/geckolib-forge-1.20.1-4.7.1.2.jar
[02May2025 20:50:24.009] [main/DEBUG] [net.minecraftforge.fml.loading.moddiscovery.ModFileInfo/LOADING]: Found valid mod file geckolib-forge-1.20.1-4.7.1.2.jar with {geckolib} mods - versions {4.7.1.2}
[02May2025 20:50:24.010] [main/DEBUG] [net.minecraftforge.fml.loading.moddiscovery.ModFile/LOADING]: Loading mod file /workspaces/minecraftrpg/servidor_minecraft/mods/geckolib-forge-1.20.1-4.7.1.2.jar with languages [LanguageSpec[languageName=javafml, acceptedVersions=[47,)]]
[02May2025 20:50:24.010] [main/DEBUG] [net.minecraftforge.fml.loading.moddiscovery.ModFileParser/LOADING]: Considering mod file candidate /workspaces/minecraftrpg/servidor_minecraft/mods/the-orcs-1.0-FORGE-1.20.x.jar
[02May2025 20:50:24.013] [main/DEBUG] [net.minecraftforge.fml.loading.moddiscovery.ModFileInfo/LOADING]: Found valid mod file the-orcs-1.0-FORGE-1.20.x.jar with {theorcs} mods - versions {1.0-FORGE-1.20.x}
[02May2025 20:50:24.013] [main/DEBUG] [net.minecraftforge.fml.loading.moddiscovery.ModFile/LOADING]: Loading mod file /workspaces/minecraftrpg/servidor_minecraft/mods/the-orcs-1.0-FORGE-1.20.x.jar with languages [LanguageSpec[languageName=javafml, acceptedVersions=[40,)]]
[02May2025 20:50:24.013] [main/DEBUG] [net.minecraftforge.fml.loading.moddiscovery.ModFileParser/LOADING]: Considering mod file candidate /workspaces/minecraftrpg/servidor_minecraft/mods/CreativeCore_FORGE_v2.12.32_mc1.20.1.jar
[02May2025 20:50:24.017] [main/DEBUG] [net.minecraftforge.fml.loading.moddiscovery.ModFileInfo/LOADING]: Found valid mod file CreativeCore_FORGE_v2.12.32_mc1.20.1.jar with {creativecore} mods - versions {2.12.32}
[02May2025 20:50:24.018] [main/DEBUG] [net.minecraftforge.fml.loading.moddiscovery.ModFile/LOADING]: Loading mod file /workspaces/minecraftrpg/servidor_minecraft/mods/CreativeCore_FORGE_v2.12.32_mc1.20.1.jar with languages [LanguageSpec[languageName=javafml, acceptedVersions=[46,)]]
[02May2025 20:50:24.018] [main/DEBUG] [net.minecraftforge.fml.loading.moddiscovery.ModFileParser/LOADING]: Considering mod file candidate /workspaces/minecraftrpg/servidor_minecraft/mods/player-animation-lib-forge-1.0.2-rc1+1.20.jar
[02May2025 20:50:24.021] [main/DEBUG] [net.minecraftforge.fml.loading.moddiscovery.ModFileInfo/LOADING]: Found valid mod file player-animation-lib-forge-1.0.2-rc1+1.20.jar with {playeranimator} mods - versions {1.0.2-rc1+1.20}
[02May2025 20:50:24.021] [main/DEBUG] [net.minecraftforge.fml.loading.moddiscovery.ModFile/LOADING]: Loading mod file /workspaces/minecraftrpg/servidor_minecraft/mods/player-animation-lib-forge-1.0.2-rc1+1.20.jar with languages [LanguageSpec[languageName=javafml, acceptedVersions=[46.0.0,)]]
[02May2025 20:50:24.022] [main/DEBUG] [net.minecraftforge.fml.loading.moddiscovery.ModFileParser/LOADING]: Considering mod file candidate /workspaces/minecraftrpg/servidor_minecraft/mods/[1.20.1][Forge] RPG-HUD-3.10.jar
[02May2025 20:50:24.023] [main/DEBUG] [net.minecraftforge.fml.loading.moddiscovery.ModFileInfo/LOADING]: Found valid mod file [1.20.1][Forge] RPG-HUD-3.10.jar with {rpghud} mods - versions {3.10}
[02May2025 20:50:24.024] [main/DEBUG] [net.minecraftforge.fml.loading.moddiscovery.ModFile/LOADING]: Loading mod file /workspaces/minecraftrpg/servidor_minecraft/mods/[1.20.1][Forge] RPG-HUD-3.10.jar with languages [LanguageSpec[languageName=javafml, acceptedVersions=[47,)]]
[02May2025 20:50:24.024] [main/DEBUG] [net.minecraftforge.fml.loading.moddiscovery.ModFileParser/LOADING]: Considering mod file candidate /workspaces/minecraftrpg/servidor_minecraft/mods/jei-1.20.1-forge-15.20.0.106.jar
[02May2025 20:50:24.026] [main/DEBUG] [net.minecraftforge.fml.loading.moddiscovery.ModFileInfo/LOADING]: Found valid mod file jei-1.20.1-forge-15.20.0.106.jar with {jei} mods - versions {15.20.0.106}
[02May2025 20:50:24.028] [main/DEBUG] [net.minecraftforge.fml.loading.moddiscovery.ModFile/LOADING]: Loading mod file /workspaces/minecraftrpg/servidor_minecraft/mods/jei-1.20.1-forge-15.20.0.106.jar with languages [LanguageSpec[languageName=javafml, acceptedVersions=[47,)]]
[02May2025 20:50:24.028] [main/DEBUG] [net.minecraftforge.fml.loading.moddiscovery.ModFileParser/LOADING]: Considering mod file candidate /workspaces/minecraftrpg/servidor_minecraft/mods/archbows-1.1.9-1.20.1.jar
[02May2025 20:50:24.029] [main/DEBUG] [net.minecraftforge.fml.loading.moddiscovery.ModFileInfo/LOADING]: Found valid mod file archbows-1.1.9-1.20.1.jar with {archbows} mods - versions {1.1.9-1.20.1}
[02May2025 20:50:24.029] [main/DEBUG] [net.minecraftforge.fml.loading.moddiscovery.ModFile/LOADING]: Loading mod file /workspaces/minecraftrpg/servidor_minecraft/mods/archbows-1.1.9-1.20.1.jar with languages [LanguageSpec[languageName=javafml, acceptedVersions=[43,)]]
[02May2025 20:50:24.029] [main/DEBUG] [net.minecraftforge.fml.loading.moddiscovery.ModFileParser/LOADING]: Considering mod file candidate /workspaces/minecraftrpg/servidor_minecraft/mods/born_in_chaos_[Forge]1.20.1_1.6.3.jar
[02May2025 20:50:24.034] [main/DEBUG] [net.minecraftforge.fml.loading.moddiscovery.ModFileInfo/LOADING]: Found valid mod file born_in_chaos_[Forge]1.20.1_1.6.3.jar with {born_in_chaos_v1} mods - versions {1.6.3}
[02May2025 20:50:24.035] [main/DEBUG] [net.minecraftforge.fml.loading.moddiscovery.ModFile/LOADING]: Loading mod file /workspaces/minecraftrpg/servidor_minecraft/mods/born_in_chaos_[Forge]1.20.1_1.6.3.jar with languages [LanguageSpec[languageName=javafml, acceptedVersions=[47,)]]
[02May2025 20:50:24.035] [main/DEBUG] [net.minecraftforge.fml.loading.moddiscovery.ModFileParser/LOADING]: Considering mod file candidate 
[02May2025 20:50:24.035] [main/DEBUG] [net.minecraftforge.fml.loading.moddiscovery.ModFileInfo/LOADING]: Found valid mod file kffmod-4.11.0.jar with {kotlinforforge} mods - versions {4.11.0}
[02May2025 20:50:24.036] [main/DEBUG] [net.minecraftforge.fml.loading.moddiscovery.ModFile/LOADING]: Loading mod file  with languages [LanguageSpec[languageName=kotlinforforge, acceptedVersions=[4,)]]
[02May2025 20:50:24.036] [main/DEBUG] [net.minecraftforge.fml.loading.moddiscovery.ModFileParser/LOADING]: Considering mod file candidate /workspaces/minecraftrpg/servidor_minecraft/mods/Bountiful-6.0.4+1.20.1-forge.jar
[02May2025 20:50:24.039] [main/DEBUG] [net.minecraftforge.fml.loading.moddiscovery.ModFileInfo/LOADING]: Found valid mod file Bountiful-6.0.4+1.20.1-forge.jar with {bountiful} mods - versions {6.0.4+1.20.1}
[02May2025 20:50:24.040] [main/DEBUG] [net.minecraftforge.fml.loading.moddiscovery.ModFile/LOADING]: Loading mod file /workspaces/minecraftrpg/servidor_minecraft/mods/Bountiful-6.0.4+1.20.1-forge.jar with languages [LanguageSpec[languageName=kotlinforforge, acceptedVersions=[4,)]]
[02May2025 20:50:24.041] [main/DEBUG] [net.minecraftforge.fml.loading.moddiscovery.ModFileParser/LOADING]: Considering mod file candidate /workspaces/minecraftrpg/servidor_minecraft/mods/sophisticatedcore-1.20.1-1.2.49.962.jar
[02May2025 20:50:24.044] [main/DEBUG] [net.minecraftforge.fml.loading.moddiscovery.ModFileInfo/LOADING]: Found valid mod file sophisticatedcore-1.20.1-1.2.49.962.jar with {sophisticatedcore} mods - versions {1.2.49.962}
[02May2025 20:50:24.045] [main/DEBUG] [net.minecraftforge.fml.loading.moddiscovery.ModFile/LOADING]: Loading mod file /workspaces/minecraftrpg/servidor_minecraft/mods/sophisticatedcore-1.20.1-1.2.49.962.jar with languages [LanguageSpec[languageName=javafml, acceptedVersions=[47,)]]
[02May2025 20:50:24.045] [main/DEBUG] [net.minecraftforge.fml.loading.moddiscovery.ModFileParser/LOADING]: Considering mod file candidate /workspaces/minecraftrpg/servidor_minecraft/mods/curios-forge-5.14.1+1.20.1.jar
[02May2025 20:50:24.046] [main/DEBUG] [net.minecraftforge.fml.loading.moddiscovery.ModFileInfo/LOADING]: Found valid mod file curios-forge-5.14.1+1.20.1.jar with {curios} mods - versions {5.14.1+1.20.1}
[02May2025 20:50:24.046] [main/DEBUG] [net.minecraftforge.fml.loading.moddiscovery.ModFile/LOADING]: Loading mod file /workspaces/minecraftrpg/servidor_minecraft/mods/curios-forge-5.14.1+1.20.1.jar with languages [LanguageSpec[languageName=javafml, acceptedVersions=[41,)]]
[02May2025 20:50:24.048] [main/DEBUG] [net.minecraftforge.fml.loading.moddiscovery.ModFileParser/LOADING]: Considering mod file candidate /workspaces/minecraftrpg/servidor_minecraft/mods/Patchouli-1.20.1-84.1-FORGE.jar
[02May2025 20:50:24.051] [main/DEBUG] [net.minecraftforge.fml.loading.moddiscovery.ModFileInfo/LOADING]: Found valid mod file Patchouli-1.20.1-84.1-FORGE.jar with {patchouli} mods - versions {1.20.1-84.1-FORGE}
[02May2025 20:50:24.052] [main/DEBUG] [net.minecraftforge.fml.loading.moddiscovery.ModFile/LOADING]: Loading mod file /workspaces/minecraftrpg/servidor_minecraft/mods/Patchouli-1.20.1-84.1-FORGE.jar with languages [LanguageSpec[languageName=javafml, acceptedVersions=[47,)]]
[02May2025 20:50:24.052] [main/DEBUG] [net.minecraftforge.fml.loading.moddiscovery.ModFileParser/LOADING]: Considering mod file candidate /workspaces/minecraftrpg/servidor_minecraft/mods/sound-physics-remastered-forge-1.20.1-1.4.10.jar
[02May2025 20:50:24.054] [main/DEBUG] [net.minecraftforge.fml.loading.moddiscovery.ModFileInfo/LOADING]: Found valid mod file sound-physics-remastered-forge-1.20.1-1.4.10.jar with {sound_physics_remastered} mods - versions {1.20.1-1.4.10}
[02May2025 20:50:24.055] [main/DEBUG] [net.minecraftforge.fml.loading.moddiscovery.ModFile/LOADING]: Loading mod file /workspaces/minecraftrpg/servidor_minecraft/mods/sound-physics-remastered-forge-1.20.1-1.4.10.jar with languages [LanguageSpec[languageName=javafml, acceptedVersions=*]]
[02May2025 20:50:24.056] [main/DEBUG] [net.minecraftforge.fml.loading.moddiscovery.ModFileParser/LOADING]: Considering mod file candidate /workspaces/minecraftrpg/servidor_minecraft/mods/waystones-forge-1.20.1-14.1.11.jar
[02May2025 20:50:24.058] [main/DEBUG] [net.minecraftforge.fml.loading.moddiscovery.ModFileInfo/LOADING]: Found valid mod file waystones-forge-1.20.1-14.1.11.jar with {waystones} mods - versions {14.1.11}
[02May2025 20:50:24.058] [main/DEBUG] [net.minecraftforge.fml.loading.moddiscovery.ModFile/LOADING]: Loading mod file /workspaces/minecraftrpg/servidor_minecraft/mods/waystones-forge-1.20.1-14.1.11.jar with languages [LanguageSpec[languageName=javafml, acceptedVersions=[46,)]]
[02May2025 20:50:24.059] [main/DEBUG] [net.minecraftforge.fml.loading.moddiscovery.ModFileParser/LOADING]: Considering mod file candidate /workspaces/minecraftrpg/servidor_minecraft/mods/gravestone-forge-1.20.1-1.0.24.jar
[02May2025 20:50:24.060] [main/DEBUG] [net.minecraftforge.fml.loading.moddiscovery.ModFileInfo/LOADING]: Found valid mod file gravestone-forge-1.20.1-1.0.24.jar with {gravestone} mods - versions {1.20.1-1.0.24}
[02May2025 20:50:24.061] [main/DEBUG] [net.minecraftforge.fml.loading.moddiscovery.ModFile/LOADING]: Loading mod file /workspaces/minecraftrpg/servidor_minecraft/mods/gravestone-forge-1.20.1-1.0.24.jar with languages [LanguageSpec[languageName=javafml, acceptedVersions=*]]
[02May2025 20:50:24.061] [main/DEBUG] [net.minecraftforge.fml.loading.moddiscovery.ModFileParser/LOADING]: Considering mod file candidate /workspaces/minecraftrpg/servidor_minecraft/mods/GlitchCore-forge-1.20.1-0.0.1.1.jar
[02May2025 20:50:24.061] [main/DEBUG] [net.minecraftforge.fml.loading.moddiscovery.ModFileInfo/LOADING]: Found valid mod file GlitchCore-forge-1.20.1-0.0.1.1.jar with {glitchcore} mods - versions {0.0.1.1}
[02May2025 20:50:24.062] [main/DEBUG] [net.minecraftforge.fml.loading.moddiscovery.ModFile/LOADING]: Loading mod file /workspaces/minecraftrpg/servidor_minecraft/mods/GlitchCore-forge-1.20.1-0.0.1.1.jar with languages [LanguageSpec[languageName=javafml, acceptedVersions=[47,)]]
[02May2025 20:50:24.062] [main/DEBUG] [net.minecraftforge.fml.loading.moddiscovery.ModFileParser/LOADING]: Considering mod file candidate /workspaces/minecraftrpg/servidor_minecraft/mods/Kambrik-6.1.1+1.20.1-forge.jar
[02May2025 20:50:24.062] [main/DEBUG] [net.minecraftforge.fml.loading.moddiscovery.ModFileInfo/LOADING]: Found valid mod file Kambrik-6.1.1+1.20.1-forge.jar with {kambrik} mods - versions {6.1.1+1.20.1}
[02May2025 20:50:24.062] [main/DEBUG] [net.minecraftforge.fml.loading.moddiscovery.ModFile/LOADING]: Loading mod file /workspaces/minecraftrpg/servidor_minecraft/mods/Kambrik-6.1.1+1.20.1-forge.jar with languages [LanguageSpec[languageName=kotlinforforge, acceptedVersions=[4,)]]
[02May2025 20:50:24.062] [main/DEBUG] [net.minecraftforge.fml.loading.moddiscovery.ModFileParser/LOADING]: Considering mod file candidate /workspaces/minecraftrpg/servidor_minecraft/mods/sophisticatedbackpacks-1.20.1-3.23.13.1230.jar
[02May2025 20:50:24.066] [main/DEBUG] [net.minecraftforge.fml.loading.moddiscovery.ModFileInfo/LOADING]: Found valid mod file sophisticatedbackpacks-1.20.1-3.23.13.1230.jar with {sophisticatedbackpacks} mods - versions {3.23.13.1230}
[02May2025 20:50:24.066] [main/DEBUG] [net.minecraftforge.fml.loading.moddiscovery.ModFile/LOADING]: Loading mod file /workspaces/minecraftrpg/servidor_minecraft/mods/sophisticatedbackpacks-1.20.1-3.23.13.1230.jar with languages [LanguageSpec[languageName=javafml, acceptedVersions=[47,)]]
[02May2025 20:50:24.066] [main/DEBUG] [net.minecraftforge.fml.loading.moddiscovery.ModFileParser/LOADING]: Considering mod file candidate /workspaces/minecraftrpg/servidor_minecraft/mods/architectury-9.2.14-forge.jar
[02May2025 20:50:24.067] [main/DEBUG] [net.minecraftforge.fml.loading.moddiscovery.ModFileInfo/LOADING]: Found valid mod file architectury-9.2.14-forge.jar with {architectury} mods - versions {9.2.14}
[02May2025 20:50:24.067] [main/DEBUG] [net.minecraftforge.fml.loading.moddiscovery.ModFile/LOADING]: Loading mod file /workspaces/minecraftrpg/servidor_minecraft/mods/architectury-9.2.14-forge.jar with languages [LanguageSpec[languageName=javafml, acceptedVersions=[46,)]]
[02May2025 20:50:24.067] [main/DEBUG] [net.minecraftforge.fml.loading.moddiscovery.ModFileParser/LOADING]: Considering mod file candidate /workspaces/minecraftrpg/servidor_minecraft/mods/balm-forge-1.20.1-7.3.27-all.jar
[02May2025 20:50:24.068] [main/DEBUG] [net.minecraftforge.fml.loading.moddiscovery.ModFileInfo/LOADING]: Found valid mod file balm-forge-1.20.1-7.3.27-all.jar with {balm} mods - versions {7.3.27}
[02May2025 20:50:24.068] [main/DEBUG] [net.minecraftforge.fml.loading.moddiscovery.ModFile/LOADING]: Loading mod file /workspaces/minecraftrpg/servidor_minecraft/mods/balm-forge-1.20.1-7.3.27-all.jar with languages [LanguageSpec[languageName=javafml, acceptedVersions=[46,)]]
[02May2025 20:50:24.069] [main/DEBUG] [net.minecraftforge.fml.loading.moddiscovery.ModFileParser/LOADING]: Considering mod file candidate /workspaces/minecraftrpg/servidor_minecraft/mods/ars_nouveau-1.20.1-4.12.6-all.jar
[02May2025 20:50:24.070] [main/DEBUG] [net.minecraftforge.fml.loading.moddiscovery.ModFileInfo/LOADING]: Found valid mod file ars_nouveau-1.20.1-4.12.6-all.jar with {ars_nouveau} mods - versions {4.12.6}
[02May2025 20:50:24.072] [main/DEBUG] [net.minecraftforge.fml.loading.moddiscovery.ModFile/LOADING]: Loading mod file /workspaces/minecraftrpg/servidor_minecraft/mods/ars_nouveau-1.20.1-4.12.6-all.jar with languages [LanguageSpec[languageName=javafml, acceptedVersions=[40,)]]
[02May2025 20:50:24.072] [main/DEBUG] [net.minecraftforge.fml.loading.moddiscovery.ModFileParser/LOADING]: Considering mod file candidate /workspaces/minecraftrpg/servidor_minecraft/mods/interaction_boxes-0.693.jar
[02May2025 20:50:24.073] [main/DEBUG] [net.minecraftforge.fml.loading.moddiscovery.ModFileInfo/LOADING]: Found valid mod file interaction_boxes-0.693.jar with {interaction_boxes} mods - versions {0.693}
[02May2025 20:50:24.073] [main/DEBUG] [net.minecraftforge.fml.loading.moddiscovery.ModFile/LOADING]: Loading mod file /workspaces/minecraftrpg/servidor_minecraft/mods/interaction_boxes-0.693.jar with languages [LanguageSpec[languageName=javafml, acceptedVersions=[36,)]]
[02May2025 20:50:24.073] [main/DEBUG] [net.minecraftforge.fml.loading.moddiscovery.ModFileParser/LOADING]: Considering mod file candidate /workspaces/minecraftrpg/servidor_minecraft/mods/JustEnoughResources-1.20.1-1.4.0.247.jar
[02May2025 20:50:24.073] [main/DEBUG] [net.minecraftforge.fml.loading.moddiscovery.ModFileInfo/LOADING]: Found valid mod file JustEnoughResources-1.20.1-1.4.0.247.jar with {jeresources} mods - versions {1.4.0.247}
[02May2025 20:50:24.073] [main/DEBUG] [net.minecraftforge.fml.loading.moddiscovery.ModFile/LOADING]: Loading mod file /workspaces/minecraftrpg/servidor_minecraft/mods/JustEnoughResources-1.20.1-1.4.0.247.jar with languages [LanguageSpec[languageName=javafml, acceptedVersions=[47,)]]
[02May2025 20:50:24.074] [main/DEBUG] [net.minecraftforge.fml.loading.moddiscovery.ModFileParser/LOADING]: Considering mod file candidate /workspaces/minecraftrpg/servidor_minecraft/mods/cloth-config-11.1.136-forge.jar
[02May2025 20:50:24.076] [main/DEBUG] [net.minecraftforge.fml.loading.moddiscovery.ModFileInfo/LOADING]: Found valid mod file cloth-config-11.1.136-forge.jar with {cloth_config} mods - versions {11.1.136}
[02May2025 20:50:24.076] [main/DEBUG] [net.minecraftforge.fml.loading.moddiscovery.ModFile/LOADING]: Loading mod file /workspaces/minecraftrpg/servidor_minecraft/mods/cloth-config-11.1.136-forge.jar with languages [LanguageSpec[languageName=javafml, acceptedVersions=[34,)]]
[02May2025 20:50:24.076] [main/DEBUG] [net.minecraftforge.fml.loading.moddiscovery.ModFileParser/LOADING]: Considering mod file candidate /workspaces/minecraftrpg/servidor_minecraft/mods/Paraglider-forge-20.1.3.jar
[02May2025 20:50:24.077] [main/DEBUG] [net.minecraftforge.fml.loading.moddiscovery.ModFileInfo/LOADING]: Found valid mod file Paraglider-forge-20.1.3.jar with {paraglider} mods - versions {20.1.3}
[02May2025 20:50:24.077] [main/DEBUG] [net.minecraftforge.fml.loading.moddiscovery.ModFile/LOADING]: Loading mod file /workspaces/minecraftrpg/servidor_minecraft/mods/Paraglider-forge-20.1.3.jar with languages [LanguageSpec[languageName=javafml, acceptedVersions=[47,)]]
[02May2025 20:50:24.077] [main/DEBUG] [net.minecraftforge.fml.loading.moddiscovery.ModFileParser/LOADING]: Considering mod file candidate /workspaces/minecraftrpg/servidor_minecraft/libraries/net/minecraftforge/forge/1.20.1-47.3.7/forge-1.20.1-47.3.7-universal.jar
[02May2025 20:50:24.078] [main/DEBUG] [net.minecraftforge.fml.loading.moddiscovery.ModFileInfo/LOADING]: Found valid mod file forge-1.20.1-47.3.7-universal.jar with {forge} mods - versions {47.3.7}
[02May2025 20:50:24.078] [main/DEBUG] [net.minecraftforge.fml.loading.moddiscovery.ModFile/LOADING]: Loading mod file /workspaces/minecraftrpg/servidor_minecraft/libraries/net/minecraftforge/forge/1.20.1-47.3.7/forge-1.20.1-47.3.7-universal.jar with languages [LanguageSpec[languageName=javafml, acceptedVersions=[24,]]]
[02May2025 20:50:24.085] [main/DEBUG] [net.minecraftforge.fml.loading.moddiscovery.ModFileParser/LOADING]: Found coremod field_to_method with Javascript path coremods/field_to_method.js
[02May2025 20:50:24.085] [main/DEBUG] [net.minecraftforge.fml.loading.moddiscovery.ModFileParser/LOADING]: Found coremod field_to_instanceof with Javascript path coremods/field_to_instanceof.js
[02May2025 20:50:24.085] [main/DEBUG] [net.minecraftforge.fml.loading.moddiscovery.ModFileParser/LOADING]: Found coremod add_bouncer_method with Javascript path coremods/add_bouncer_method.js
[02May2025 20:50:24.086] [main/DEBUG] [net.minecraftforge.fml.loading.moddiscovery.ModFileParser/LOADING]: Found coremod method_redirector with Javascript path coremods/method_redirector.js
[02May2025 20:50:24.087] [main/DEBUG] [net.minecraftforge.fml.loading.moddiscovery.ModFile/LOADING]: Found coremod coremods/field_to_method.js
[02May2025 20:50:24.087] [main/DEBUG] [net.minecraftforge.fml.loading.moddiscovery.ModFile/LOADING]: Found coremod coremods/field_to_instanceof.js
[02May2025 20:50:24.087] [main/DEBUG] [net.minecraftforge.fml.loading.moddiscovery.ModFile/LOADING]: Found coremod coremods/add_bouncer_method.js
[02May2025 20:50:24.087] [main/DEBUG] [net.minecraftforge.fml.loading.moddiscovery.ModFile/LOADING]: Found coremod coremods/method_redirector.js
[02May2025 20:50:24.087] [main/DEBUG] [net.minecraftforge.fml.loading.moddiscovery.ModFileParser/LOADING]: Considering mod file candidate /workspaces/minecraftrpg/servidor_minecraft/mods/skinrestorer-2.3.0+1.20-forge.jar
[02May2025 20:50:24.091] [main/DEBUG] [net.minecraftforge.fml.loading.moddiscovery.ModFileInfo/LOADING]: Found valid mod file skinrestorer-2.3.0+1.20-forge.jar with {skinrestorer} mods - versions {2.3.0+1.20-forge}
[02May2025 20:50:24.091] [main/DEBUG] [net.minecraftforge.fml.loading.moddiscovery.ModFile/LOADING]: Loading mod file /workspaces/minecraftrpg/servidor_minecraft/mods/skinrestorer-2.3.0+1.20-forge.jar with languages [LanguageSpec[languageName=javafml, acceptedVersions=[46,)]]
[02May2025 20:50:24.091] [main/DEBUG] [net.minecraftforge.fml.loading.moddiscovery.ModFile/LOADING]: Loading mod file  with languages []
[02May2025 20:50:24.091] [main/DEBUG] [net.minecraftforge.fml.loading.moddiscovery.ModFile/LOADING]: Loading mod file  with languages []
[02May2025 20:50:24.093] [main/DEBUG] [net.minecraftforge.fml.loading.moddiscovery.ModFile/LOADING]: Loading mod file  with languages []
[02May2025 20:50:24.094] [main/DEBUG] [net.minecraftforge.fml.loading.moddiscovery.ModFileParser/LOADING]: Considering mod file candidate 
[02May2025 20:50:24.094] [main/DEBUG] [net.minecraftforge.fml.loading.moddiscovery.ModFileInfo/LOADING]: Found valid mod file mixinextras-forge-0.2.0.jar with {mixinextras} mods - versions {0.2.0}
[02May2025 20:50:24.094] [main/DEBUG] [net.minecraftforge.fml.loading.moddiscovery.ModFile/LOADING]: Loading mod file  with languages [LanguageSpec[languageName=javafml, acceptedVersions=*]]
[02May2025 20:50:24.097] [main/DEBUG] [net.minecraftforge.fml.loading.moddiscovery.ModFile/LOADING]: Loading mod file  with languages []
[02May2025 20:50:24.098] [main/DEBUG] [net.minecraftforge.fml.loading.moddiscovery.ModFile/LOADING]: Loading mod file  with languages []
[02May2025 20:50:24.099] [main/DEBUG] [net.minecraftforge.fml.loading.moddiscovery.ModFile/LOADING]: Loading mod file  with languages []
[02May2025 20:50:24.099] [main/DEBUG] [net.minecraftforge.fml.loading.moddiscovery.ModFile/LOADING]: Loading mod file  with languages []
[02May2025 20:50:24.099] [main/DEBUG] [net.minecraftforge.fml.loading.moddiscovery.ModFileParser/LOADING]: Considering mod file candidate 
[02May2025 20:50:24.100] [main/DEBUG] [net.minecraftforge.fml.loading.moddiscovery.ModFileInfo/LOADING]: Found valid mod file mixinextras-forge-0.2.0.jar with {mixinextras} mods - versions {0.2.0}
[02May2025 20:50:24.100] [main/DEBUG] [net.minecraftforge.fml.loading.moddiscovery.ModFile/LOADING]: Loading mod file  with languages [LanguageSpec[languageName=javafml, acceptedVersions=*]]
[02May2025 20:50:24.100] [main/DEBUG] [net.minecraftforge.fml.loading.moddiscovery.ModFile/LOADING]: Loading mod file  with languages []
[02May2025 20:50:24.105] [main/DEBUG] [cpw.mods.modlauncher.TransformationServiceDecorator/MODLAUNCHER]: End scan trigger - transformation service fml
[02May2025 20:50:24.199] [main/DEBUG] [net.minecraftforge.fml.loading.LanguageLoadingProvider/CORE]: Found 4 language providers
[02May2025 20:50:24.202] [main/DEBUG] [net.minecraftforge.fml.loading.LanguageLoadingProvider/CORE]: Found language provider minecraft, version 1.0
[02May2025 20:50:24.203] [main/DEBUG] [net.minecraftforge.fml.loading.LanguageLoadingProvider/CORE]: Found language provider kotlinforforge, version 4.11.0
[02May2025 20:50:24.209] [main/DEBUG] [net.minecraftforge.fml.loading.LanguageLoadingProvider/CORE]: Found language provider javafml, version 47
[02May2025 20:50:24.210] [main/DEBUG] [net.minecraftforge.fml.loading.LanguageLoadingProvider/CORE]: Found language provider lowcodefml, version 47
[02May2025 20:50:24.222] [main/DEBUG] [net.minecraftforge.fml.loading.UniqueModListBuilder/]: Found 2 mods for first modid mclib, selecting most recent based on version data
[02May2025 20:50:24.223] [main/DEBUG] [net.minecraftforge.fml.loading.UniqueModListBuilder/]: Selected file mclib-20.jar for modid mclib with version 0.0NONE
[02May2025 20:50:24.223] [main/DEBUG] [net.minecraftforge.fml.loading.UniqueModListBuilder/]: Found 2 mods for first modid java.client.SNAPSHOT, selecting most recent based on version data
[02May2025 20:50:24.223] [main/DEBUG] [net.minecraftforge.fml.loading.UniqueModListBuilder/]: Selected file java-client-3.0.1-SNAPSHOT.jar for modid java.client.SNAPSHOT with version 0.0NONE
[02May2025 20:50:24.223] [main/DEBUG] [net.minecraftforge.fml.loading.UniqueModListBuilder/]: Found 2 mods for first modid mixinextras, selecting most recent based on version data
[02May2025 20:50:24.223] [main/DEBUG] [net.minecraftforge.fml.loading.UniqueModListBuilder/]: Selected file mixinextras-forge-0.2.0.jar for modid mixinextras with version 0.2.0
[02May2025 20:50:24.223] [main/DEBUG] [net.minecraftforge.fml.loading.UniqueModListBuilder/]: Found 2 mods for first modid thedarkcolour.kotlinforforge.kfflib, selecting most recent based on version data
[02May2025 20:50:24.223] [main/DEBUG] [net.minecraftforge.fml.loading.UniqueModListBuilder/]: Selected file kfflib-4.11.0.jar for modid thedarkcolour.kotlinforforge.kfflib with version 4.11.0
[02May2025 20:50:24.224] [main/DEBUG] [net.minecraftforge.fml.loading.UniqueModListBuilder/]: Found 2 mods for first modid MixinExtras, selecting most recent based on version data
[02May2025 20:50:24.224] [main/DEBUG] [net.minecraftforge.fml.loading.UniqueModListBuilder/]: Selected file MixinExtras-0.2.0.jar for modid MixinExtras with version 0.0NONE
[02May2025 20:50:24.236] [main/DEBUG] [net.minecraftforge.fml.loading.ModSorter/]: Configured system mods: [minecraft, forge]
[02May2025 20:50:24.238] [main/DEBUG] [net.minecraftforge.fml.loading.ModSorter/]: Found system mod: minecraft
[02May2025 20:50:24.238] [main/DEBUG] [net.minecraftforge.fml.loading.ModSorter/]: Found system mod: forge
[02May2025 20:50:24.245] [main/DEBUG] [net.minecraftforge.fml.loading.ModSorter/LOADING]: Found 77 mod requirements (71 mandatory, 6 optional)
[02May2025 20:50:24.249] [main/DEBUG] [net.minecraftforge.fml.loading.ModSorter/LOADING]: Found 0 mod requirements missing (0 mandatory, 0 optional)
[02May2025 20:50:25.161] [main/DEBUG] [cpw.mods.modlauncher.TransformationServicesHandler/MODLAUNCHER]: Transformation services loading transformers
[02May2025 20:50:25.163] [main/DEBUG] [cpw.mods.modlauncher.TransformationServiceDecorator/MODLAUNCHER]: Initializing transformers for transformation service mixin
[02May2025 20:50:25.168] [main/DEBUG] [cpw.mods.modlauncher.TransformationServiceDecorator/MODLAUNCHER]: Initialized transformers for transformation service mixin
[02May2025 20:50:25.169] [main/DEBUG] [cpw.mods.modlauncher.TransformationServiceDecorator/MODLAUNCHER]: Initializing transformers for transformation service OptiFine
[02May2025 20:50:25.169] [main/INFO] [optifine.OptiFineTransformationService/]: OptiFineTransformationService.transformers
[02May2025 20:50:25.222] [main/INFO] [optifine.OptiFineTransformer/]: Targets: 412
[02May2025 20:50:25.232] [main/DEBUG] [cpw.mods.modlauncher.TransformStore/MODLAUNCHER]: Adding transformer optifine.OptiFineTransformer@6c9320c2 to Target : PRE_CLASS {Lcom/mojang/blaze3d/vertex/VertexFormatElement$Type;} {} {V}
[02May2025 20:50:25.233] [main/DEBUG] [cpw.mods.modlauncher.TransformStore/MODLAUNCHER]: Adding transformer optifine.OptiFineTransformer@6c9320c2 to Target : PRE_CLASS {Lnet/minecraft/client/renderer/chunk/VisibilitySet;} {} {V}
[02May2025 20:50:25.233] [main/DEBUG] [cpw.mods.modlauncher.TransformStore/MODLAUNCHER]: Adding transformer optifine.OptiFineTransformer@6c9320c2 to Target : PRE_CLASS {Lnet/minecraft/world/level/ChunkPos;} {} {V}
[02May2025 20:50:25.233] [main/DEBUG] [cpw.mods.modlauncher.TransformStore/MODLAUNCHER]: Adding transformer optifine.OptiFineTransformer@6c9320c2 to Target : PRE_CLASS {Lnet/minecraft/client/model/Model;} {} {V}
[02May2025 20:50:25.233] [main/DEBUG] [cpw.mods.modlauncher.TransformStore/MODLAUNCHER]: Adding transformer optifine.OptiFineTransformer@6c9320c2 to Target : PRE_CLASS {Lnet/minecraft/client/OptionInstance$IntRange;} {} {V}
[02May2025 20:50:25.233] [main/DEBUG] [cpw.mods.modlauncher.TransformStore/MODLAUNCHER]: Adding transformer optifine.OptiFineTransformer@6c9320c2 to Target : PRE_CLASS {Lnet/minecraft/client/particle/ItemPickupParticle;} {} {V}
[02May2025 20:50:25.234] [main/DEBUG] [cpw.mods.modlauncher.TransformStore/MODLAUNCHER]: Adding transformer optifine.OptiFineTransformer@6c9320c2 to Target : PRE_CLASS {Lnet/minecraft/client/renderer/chunk/ChunkRenderDispatcher$CompiledChunk;} {} {V}
[02May2025 20:50:25.234] [main/DEBUG] [cpw.mods.modlauncher.TransformStore/MODLAUNCHER]: Adding transformer optifine.OptiFineTransformer@6c9320c2 to Target : PRE_CLASS {Lnet/minecraft/client/renderer/block/ModelBlockRenderer$1;} {} {V}
[02May2025 20:50:25.234] [main/DEBUG] [cpw.mods.modlauncher.TransformStore/MODLAUNCHER]: Adding transformer optifine.OptiFineTransformer@6c9320c2 to Target : PRE_CLASS {Lcom/mojang/blaze3d/platform/GlStateManager$StencilState;} {} {V}
[02May2025 20:50:25.238] [main/DEBUG] [cpw.mods.modlauncher.TransformStore/MODLAUNCHER]: Adding transformer optifine.OptiFineTransformer@6c9320c2 to Target : PRE_CLASS {Lnet/minecraft/client/renderer/block/ModelBlockRenderer;} {} {V}
[02May2025 20:50:25.238] [main/DEBUG] [cpw.mods.modlauncher.TransformStore/MODLAUNCHER]: Adding transformer optifine.OptiFineTransformer@6c9320c2 to Target : PRE_CLASS {Lnet/minecraft/client/Options$1;} {} {V}
[02May2025 20:50:25.238] [main/DEBUG] [cpw.mods.modlauncher.TransformStore/MODLAUNCHER]: Adding transformer optifine.OptiFineTransformer@6c9320c2 to Target : PRE_CLASS {Lnet/minecraft/client/gui/screens/SkinCustomizationScreen;} {} {V}
[02May2025 20:50:25.238] [main/DEBUG] [cpw.mods.modlauncher.TransformStore/MODLAUNCHER]: Adding transformer optifine.OptiFineTransformer@6c9320c2 to Target : PRE_CLASS {Lnet/minecraft/client/renderer/MultiBufferSource$BufferSource;} {} {V}
[02May2025 20:50:25.239] [main/DEBUG] [cpw.mods.modlauncher.TransformStore/MODLAUNCHER]: Adding transformer optifine.OptiFineTransformer@6c9320c2 to Target : PRE_CLASS {Lnet/minecraft/core/Direction$Plane;} {} {V}
[02May2025 20:50:25.239] [main/DEBUG] [cpw.mods.modlauncher.TransformStore/MODLAUNCHER]: Adding transformer optifine.OptiFineTransformer@6c9320c2 to Target : PRE_CLASS {Lnet/minecraft/client/Options$3;} {} {V}
[02May2025 20:50:25.239] [main/DEBUG] [cpw.mods.modlauncher.TransformStore/MODLAUNCHER]: Adding transformer optifine.OptiFineTransformer@6c9320c2 to Target : PRE_CLASS {Lcom/mojang/blaze3d/vertex/VertexMultiConsumer$Multiple;} {} {V}
[02May2025 20:50:25.239] [main/DEBUG] [cpw.mods.modlauncher.TransformStore/MODLAUNCHER]: Adding transformer optifine.OptiFineTransformer@6c9320c2 to Target : PRE_CLASS {Lnet/minecraft/client/renderer/block/ModelBlockRenderer$Cache;} {} {V}
[02May2025 20:50:25.239] [main/DEBUG] [cpw.mods.modlauncher.TransformStore/MODLAUNCHER]: Adding transformer optifine.OptiFineTransformer@6c9320c2 to Target : PRE_CLASS {Lnet/minecraft/client/gui/components/CycleButton$ValueListSupplier$1;} {} {V}
[02May2025 20:50:25.239] [main/DEBUG] [cpw.mods.modlauncher.TransformStore/MODLAUNCHER]: Adding transformer optifine.OptiFineTransformer@6c9320c2 to Target : PRE_CLASS {Lnet/minecraft/client/resources/model/ModelBakery$BlockStateDefinitionException;} {} {V}
[02May2025 20:50:25.240] [main/DEBUG] [cpw.mods.modlauncher.TransformStore/MODLAUNCHER]: Adding transformer optifine.OptiFineTransformer@6c9320c2 to Target : PRE_CLASS {Lnet/minecraft/client/particle/ParticleEngine;} {} {V}
[02May2025 20:50:25.240] [main/DEBUG] [cpw.mods.modlauncher.TransformStore/MODLAUNCHER]: Adding transformer optifine.OptiFineTransformer@6c9320c2 to Target : PRE_CLASS {Lnet/minecraft/client/resources/language/ClientLanguage;} {} {V}
[02May2025 20:50:25.242] [main/DEBUG] [cpw.mods.modlauncher.TransformStore/MODLAUNCHER]: Adding transformer optifine.OptiFineTransformer@6c9320c2 to Target : PRE_CLASS {Lnet/minecraft/server/packs/VanillaPackResources;} {} {V}
[02May2025 20:50:25.244] [main/DEBUG] [cpw.mods.modlauncher.TransformStore/MODLAUNCHER]: Adding transformer optifine.OptiFineTransformer@6c9320c2 to Target : PRE_CLASS {Lnet/minecraft/client/gui/GuiGraphics;} {} {V}
[02May2025 20:50:25.244] [main/DEBUG] [cpw.mods.modlauncher.TransformStore/MODLAUNCHER]: Adding transformer optifine.OptiFineTransformer@6c9320c2 to Target : PRE_CLASS {Lnet/minecraft/client/renderer/LevelRenderer$RenderChunkStorage;} {} {V}
[02May2025 20:50:25.244] [main/DEBUG] [cpw.mods.modlauncher.TransformStore/MODLAUNCHER]: Adding transformer optifine.OptiFineTransformer@6c9320c2 to Target : PRE_CLASS {Lnet/minecraft/world/level/material/MapColor$Brightness;} {} {V}
[02May2025 20:50:25.244] [main/DEBUG] [cpw.mods.modlauncher.TransformStore/MODLAUNCHER]: Adding transformer optifine.OptiFineTransformer@6c9320c2 to Target : PRE_CLASS {Lnet/minecraft/Util$OS$1;} {} {V}
[02May2025 20:50:25.244] [main/DEBUG] [cpw.mods.modlauncher.TransformStore/MODLAUNCHER]: Adding transformer optifine.OptiFineTransformer@6c9320c2 to Target : PRE_CLASS {Lnet/minecraft/client/renderer/entity/ExperienceOrbRenderer;} {} {V}
[02May2025 20:50:25.245] [main/DEBUG] [cpw.mods.modlauncher.TransformStore/MODLAUNCHER]: Adding transformer optifine.OptiFineTransformer@6c9320c2 to Target : PRE_CLASS {Lnet/minecraft/client/resources/model/ModelBaker;} {} {V}
[02May2025 20:50:25.245] [main/DEBUG] [cpw.mods.modlauncher.TransformStore/MODLAUNCHER]: Adding transformer optifine.OptiFineTransformer@6c9320c2 to Target : PRE_CLASS {Lcom/mojang/blaze3d/vertex/BufferBuilder$DrawState;} {} {V}
[02May2025 20:50:25.245] [main/DEBUG] [cpw.mods.modlauncher.TransformStore/MODLAUNCHER]: Adding transformer optifine.OptiFineTransformer@6c9320c2 to Target : PRE_CLASS {Lnet/minecraft/client/renderer/FogRenderer$MobEffectFogFunction;} {} {V}
[02May2025 20:50:25.245] [main/DEBUG] [cpw.mods.modlauncher.TransformStore/MODLAUNCHER]: Adding transformer optifine.OptiFineTransformer@6c9320c2 to Target : PRE_CLASS {Lnet/minecraft/server/level/ChunkLevel$1;} {} {V}
[02May2025 20:50:25.245] [main/DEBUG] [cpw.mods.modlauncher.TransformStore/MODLAUNCHER]: Adding transformer optifine.OptiFineTransformer@6c9320c2 to Target : PRE_CLASS {Lnet/minecraft/world/level/levelgen/blending/Blender$1;} {} {V}
[02May2025 20:50:25.245] [main/DEBUG] [cpw.mods.modlauncher.TransformStore/MODLAUNCHER]: Adding transformer optifine.OptiFineTransformer@6c9320c2 to Target : PRE_CLASS {Lnet/minecraft/client/renderer/entity/TntMinecartRenderer;} {} {V}
[02May2025 20:50:25.245] [main/DEBUG] [cpw.mods.modlauncher.TransformStore/MODLAUNCHER]: Adding transformer optifine.OptiFineTransformer@6c9320c2 to Target : PRE_CLASS {Lnet/minecraft/util/valueproviders/ConstantFloat;} {} {V}
[02May2025 20:50:25.245] [main/DEBUG] [cpw.mods.modlauncher.TransformStore/MODLAUNCHER]: Adding transformer optifine.OptiFineTransformer@6c9320c2 to Target : PRE_CLASS {Lnet/minecraft/client/renderer/ShaderInstance;} {} {V}
[02May2025 20:50:25.245] [main/DEBUG] [cpw.mods.modlauncher.TransformStore/MODLAUNCHER]: Adding transformer optifine.OptiFineTransformer@6c9320c2 to Target : PRE_CLASS {Lnet/minecraft/client/gui/components/ChatComponent;} {} {V}
[02May2025 20:50:25.245] [main/DEBUG] [cpw.mods.modlauncher.TransformStore/MODLAUNCHER]: Adding transformer optifine.OptiFineTransformer@6c9320c2 to Target : PRE_CLASS {Lnet/minecraft/client/renderer/RenderStateShard$TextureStateShard;} {} {V}
[02May2025 20:50:25.246] [main/DEBUG] [cpw.mods.modlauncher.TransformStore/MODLAUNCHER]: Adding transformer optifine.OptiFineTransformer@6c9320c2 to Target : PRE_CLASS {Lnet/minecraft/world/level/entity/EntitySectionStorage;} {} {V}
[02May2025 20:50:25.246] [main/DEBUG] [cpw.mods.modlauncher.TransformStore/MODLAUNCHER]: Adding transformer optifine.OptiFineTransformer@6c9320c2 to Target : PRE_CLASS {Lnet/minecraft/client/renderer/entity/layers/HumanoidArmorLayer$1;} {} {V}
[02May2025 20:50:25.246] [main/DEBUG] [cpw.mods.modlauncher.TransformStore/MODLAUNCHER]: Adding transformer optifine.OptiFineTransformer@6c9320c2 to Target : PRE_CLASS {Lnet/minecraft/client/gui/font/glyphs/BakedGlyph$Effect;} {} {V}
[02May2025 20:50:25.250] [main/DEBUG] [cpw.mods.modlauncher.TransformStore/MODLAUNCHER]: Adding transformer optifine.OptiFineTransformer@6c9320c2 to Target : PRE_CLASS {Lnet/minecraft/client/renderer/entity/EntityRenderDispatcher;} {} {V}
[02May2025 20:50:25.250] [main/DEBUG] [cpw.mods.modlauncher.TransformStore/MODLAUNCHER]: Adding transformer optifine.OptiFineTransformer@6c9320c2 to Target : PRE_CLASS {Lnet/minecraft/client/model/ModelUtils;} {} {V}
[02May2025 20:50:25.250] [main/DEBUG] [cpw.mods.modlauncher.TransformStore/MODLAUNCHER]: Adding transformer optifine.OptiFineTransformer@6c9320c2 to Target : PRE_CLASS {Lnet/minecraft/client/renderer/RenderStateShard$MultiTextureStateShard;} {} {V}
[02May2025 20:50:25.250] [main/DEBUG] [cpw.mods.modlauncher.TransformStore/MODLAUNCHER]: Adding transformer optifine.OptiFineTransformer@6c9320c2 to Target : PRE_CLASS {Lnet/minecraft/Util$7;} {} {V}
[02May2025 20:50:25.250] [main/DEBUG] [cpw.mods.modlauncher.TransformStore/MODLAUNCHER]: Adding transformer optifine.OptiFineTransformer@6c9320c2 to Target : PRE_CLASS {Lnet/minecraft/client/gui/components/DebugScreenOverlay;} {} {V}
[02May2025 20:50:25.250] [main/DEBUG] [cpw.mods.modlauncher.TransformStore/MODLAUNCHER]: Adding transformer optifine.OptiFineTransformer@6c9320c2 to Target : PRE_CLASS {Lnet/minecraft/client/resources/model/BakedModel;} {} {V}
[02May2025 20:50:25.250] [main/DEBUG] [cpw.mods.modlauncher.TransformStore/MODLAUNCHER]: Adding transformer optifine.OptiFineTransformer@6c9320c2 to Target : PRE_CLASS {Lnet/minecraft/client/resources/metadata/animation/AnimationMetadataSection$1;} {} {V}
[02May2025 20:50:25.250] [main/DEBUG] [cpw.mods.modlauncher.TransformStore/MODLAUNCHER]: Adding transformer optifine.OptiFineTransformer@6c9320c2 to Target : PRE_CLASS {Lnet/minecraft/client/gui/MapRenderer;} {} {V}
[02May2025 20:50:25.252] [main/DEBUG] [cpw.mods.modlauncher.TransformStore/MODLAUNCHER]: Adding transformer optifine.OptiFineTransformer@6c9320c2 to Target : PRE_CLASS {Lcom/mojang/blaze3d/platform/NativeImage;} {} {V}
[02May2025 20:50:25.252] [main/DEBUG] [cpw.mods.modlauncher.TransformStore/MODLAUNCHER]: Adding transformer optifine.OptiFineTransformer@6c9320c2 to Target : PRE_CLASS {Lnet/minecraft/client/OptionInstance$UnitDouble;} {} {V}
[02May2025 20:50:25.252] [main/DEBUG] [cpw.mods.modlauncher.TransformStore/MODLAUNCHER]: Adding transformer optifine.OptiFineTransformer@6c9320c2 to Target : PRE_CLASS {Lnet/minecraft/client/renderer/ShaderInstance$1;} {} {V}
[02May2025 20:50:25.252] [main/DEBUG] [cpw.mods.modlauncher.TransformStore/MODLAUNCHER]: Adding transformer optifine.OptiFineTransformer@6c9320c2 to Target : PRE_CLASS {Lnet/minecraft/world/level/levelgen/blending/Blender$CellValueGetter;} {} {V}
[02May2025 20:50:25.252] [main/DEBUG] [cpw.mods.modlauncher.TransformStore/MODLAUNCHER]: Adding transformer optifine.OptiFineTransformer@6c9320c2 to Target : PRE_CLASS {Lnet/minecraft/client/renderer/block/model/FaceBakery$1;} {} {V}
[02May2025 20:50:25.252] [main/DEBUG] [cpw.mods.modlauncher.TransformStore/MODLAUNCHER]: Adding transformer optifine.OptiFineTransformer@6c9320c2 to Target : PRE_CLASS {Lnet/minecraft/Util$5;} {} {V}
[02May2025 20:50:25.252] [main/DEBUG] [cpw.mods.modlauncher.TransformStore/MODLAUNCHER]: Adding transformer optifine.OptiFineTransformer@6c9320c2 to Target : PRE_CLASS {Lnet/minecraft/client/renderer/blockentity/SignRenderer$SignModel;} {} {V}
[02May2025 20:50:25.252] [main/DEBUG] [cpw.mods.modlauncher.TransformStore/MODLAUNCHER]: Adding transformer optifine.OptiFineTransformer@6c9320c2 to Target : PRE_CLASS {Lcom/mojang/blaze3d/systems/RenderSystem$AutoStorageIndexBuffer$IndexGenerator;} {} {V}
[02May2025 20:50:25.252] [main/DEBUG] [cpw.mods.modlauncher.TransformStore/MODLAUNCHER]: Adding transformer optifine.OptiFineTransformer@6c9320c2 to Target : PRE_CLASS {Lnet/minecraft/client/resources/model/ModelBakery$BakedCacheKey;} {} {V}
[02May2025 20:50:25.252] [main/DEBUG] [cpw.mods.modlauncher.TransformStore/MODLAUNCHER]: Adding transformer optifine.OptiFineTransformer@6c9320c2 to Target : PRE_CLASS {Lnet/minecraft/client/renderer/BlockEntityWithoutLevelRenderer;} {} {V}
[02May2025 20:50:25.252] [main/DEBUG] [cpw.mods.modlauncher.TransformStore/MODLAUNCHER]: Adding transformer optifine.OptiFineTransformer@6c9320c2 to Target : PRE_CLASS {Lnet/minecraft/util/ClassInstanceMultiMap;} {} {V}
[02May2025 20:50:25.253] [main/DEBUG] [cpw.mods.modlauncher.TransformStore/MODLAUNCHER]: Adding transformer optifine.OptiFineTransformer@6c9320c2 to Target : PRE_CLASS {Lnet/minecraft/client/renderer/entity/ItemFrameRenderer;} {} {V}
[02May2025 20:50:25.253] [main/DEBUG] [cpw.mods.modlauncher.TransformStore/MODLAUNCHER]: Adding transformer optifine.OptiFineTransformer@6c9320c2 to Target : PRE_CLASS {Lnet/minecraft/client/OptionInstance$ClampingLazyMaxIntRange;} {} {V}
[02May2025 20:50:25.253] [main/DEBUG] [cpw.mods.modlauncher.TransformStore/MODLAUNCHER]: Adding transformer optifine.OptiFineTransformer@6c9320c2 to Target : PRE_CLASS {Lnet/minecraft/client/model/geom/ModelPart$Visitor;} {} {V}
[02May2025 20:50:25.258] [main/DEBUG] [cpw.mods.modlauncher.TransformStore/MODLAUNCHER]: Adding transformer optifine.OptiFineTransformer@6c9320c2 to Target : PRE_CLASS {Lnet/minecraft/client/renderer/ItemInHandRenderer$1;} {} {V}
[02May2025 20:50:25.258] [main/DEBUG] [cpw.mods.modlauncher.TransformStore/MODLAUNCHER]: Adding transformer optifine.OptiFineTransformer@6c9320c2 to Target : PRE_CLASS {Lcom/mojang/blaze3d/platform/GlStateManager$ColorMask;} {} {V}
[02May2025 20:50:25.258] [main/DEBUG] [cpw.mods.modlauncher.TransformStore/MODLAUNCHER]: Adding transformer optifine.OptiFineTransformer@6c9320c2 to Target : PRE_CLASS {Lnet/minecraft/client/gui/components/CycleButton$OnValueChange;} {} {V}
[02May2025 20:50:25.258] [main/DEBUG] [cpw.mods.modlauncher.TransformStore/MODLAUNCHER]: Adding transformer optifine.OptiFineTransformer@6c9320c2 to Target : PRE_CLASS {Lnet/minecraft/client/renderer/texture/SimpleTexture;} {} {V}
[02May2025 20:50:25.258] [main/DEBUG] [cpw.mods.modlauncher.TransformStore/MODLAUNCHER]: Adding transformer optifine.OptiFineTransformer@6c9320c2 to Target : PRE_CLASS {Lnet/minecraft/network/syncher/SynchedEntityData$DataItem;} {} {V}
[02May2025 20:50:25.259] [main/DEBUG] [cpw.mods.modlauncher.TransformStore/MODLAUNCHER]: Adding transformer optifine.OptiFineTransformer@6c9320c2 to Target : PRE_CLASS {Lnet/minecraft/world/level/levelgen/blending/Blender;} {} {V}
[02May2025 20:50:25.259] [main/DEBUG] [cpw.mods.modlauncher.TransformStore/MODLAUNCHER]: Adding transformer optifine.OptiFineTransformer@6c9320c2 to Target : PRE_CLASS {Lnet/minecraft/client/renderer/RenderStateShard$OverlayStateShard;} {} {V}
[02May2025 20:50:25.259] [main/DEBUG] [cpw.mods.modlauncher.TransformStore/MODLAUNCHER]: Adding transformer optifine.OptiFineTransformer@6c9320c2 to Target : PRE_CLASS {Lcom/mojang/blaze3d/vertex/VertexFormatElement$Usage$SetupState;} {} {V}
[02May2025 20:50:25.259] [main/DEBUG] [cpw.mods.modlauncher.TransformStore/MODLAUNCHER]: Adding transformer optifine.OptiFineTransformer@6c9320c2 to Target : PRE_CLASS {Lnet/minecraft/client/renderer/chunk/VisGraph$1;} {} {V}
[02May2025 20:50:25.259] [main/DEBUG] [cpw.mods.modlauncher.TransformStore/MODLAUNCHER]: Adding transformer optifine.OptiFineTransformer@6c9320c2 to Target : PRE_CLASS {Lnet/minecraft/world/level/block/state/properties/Property$Value;} {} {V}
[02May2025 20:50:25.259] [main/DEBUG] [cpw.mods.modlauncher.TransformStore/MODLAUNCHER]: Adding transformer optifine.OptiFineTransformer@6c9320c2 to Target : PRE_CLASS {Lnet/minecraft/client/renderer/entity/ItemRenderer;} {} {V}
[02May2025 20:50:25.261] [main/DEBUG] [cpw.mods.modlauncher.TransformStore/MODLAUNCHER]: Adding transformer optifine.OptiFineTransformer@6c9320c2 to Target : PRE_CLASS {Lnet/minecraft/client/renderer/entity/layers/MushroomCowMushroomLayer;} {} {V}
[02May2025 20:50:25.261] [main/DEBUG] [cpw.mods.modlauncher.TransformStore/MODLAUNCHER]: Adding transformer optifine.OptiFineTransformer@6c9320c2 to Target : PRE_CLASS {Lnet/minecraft/Util$3;} {} {V}
[02May2025 20:50:25.261] [main/DEBUG] [cpw.mods.modlauncher.TransformStore/MODLAUNCHER]: Adding transformer optifine.OptiFineTransformer@6c9320c2 to Target : PRE_CLASS {Lnet/minecraft/client/gui/components/BossHealthOverlay$1;} {} {V}
[02May2025 20:50:25.261] [main/DEBUG] [cpw.mods.modlauncher.TransformStore/MODLAUNCHER]: Adding transformer optifine.OptiFineTransformer@6c9320c2 to Target : PRE_CLASS {Lnet/minecraft/client/resources/model/ModelBakery$ModelGroupKey;} {} {V}
[02May2025 20:50:25.261] [main/DEBUG] [cpw.mods.modlauncher.TransformStore/MODLAUNCHER]: Adding transformer optifine.OptiFineTransformer@6c9320c2 to Target : PRE_CLASS {Lnet/minecraft/client/renderer/chunk/RenderRegionCache$ChunkInfo;} {} {V}
[02May2025 20:50:25.261] [main/DEBUG] [cpw.mods.modlauncher.TransformStore/MODLAUNCHER]: Adding transformer optifine.OptiFineTransformer@6c9320c2 to Target : PRE_CLASS {Lnet/minecraft/client/OptionInstance$ValueSet;} {} {V}
[02May2025 20:50:25.261] [main/DEBUG] [cpw.mods.modlauncher.TransformStore/MODLAUNCHER]: Adding transformer optifine.OptiFineTransformer@6c9320c2 to Target : PRE_CLASS {Lnet/minecraft/client/multiplayer/ClientChunkCache;} {} {V}
[02May2025 20:50:25.262] [main/DEBUG] [cpw.mods.modlauncher.TransformStore/MODLAUNCHER]: Adding transformer optifine.OptiFineTransformer@6c9320c2 to Target : PRE_CLASS {Lnet/minecraft/util/CubicSampler$Vec3Fetcher;} {} {V}
[02May2025 20:50:25.262] [main/DEBUG] [cpw.mods.modlauncher.TransformStore/MODLAUNCHER]: Adding transformer optifine.OptiFineTransformer@6c9320c2 to Target : PRE_CLASS {Lnet/minecraft/client/renderer/chunk/ChunkRenderDispatcher$RenderChunk$RebuildTask$CompileResults;} {} {V}
[02May2025 20:50:25.262] [main/DEBUG] [cpw.mods.modlauncher.TransformStore/MODLAUNCHER]: Adding transformer optifine.OptiFineTransformer@6c9320c2 to Target : PRE_CLASS {Lnet/minecraft/client/renderer/entity/layers/DrownedOuterLayer;} {} {V}
[02May2025 20:50:25.265] [main/DEBUG] [cpw.mods.modlauncher.TransformStore/MODLAUNCHER]: Adding transformer optifine.OptiFineTransformer@6c9320c2 to Target : PRE_CLASS {Lcom/mojang/blaze3d/platform/GlStateManager$DepthState;} {} {V}
[02May2025 20:50:25.265] [main/DEBUG] [cpw.mods.modlauncher.TransformStore/MODLAUNCHER]: Adding transformer optifine.OptiFineTransformer@6c9320c2 to Target : PRE_CLASS {Lnet/minecraft/client/gui/font/providers/BitmapProvider$Glyph$1;} {} {V}
[02May2025 20:50:25.265] [main/DEBUG] [cpw.mods.modlauncher.TransformStore/MODLAUNCHER]: Adding transformer optifine.OptiFineTransformer@6c9320c2 to Target : PRE_CLASS {Lnet/minecraft/client/renderer/texture/MipmapGenerator;} {} {V}
[02May2025 20:50:25.266] [main/DEBUG] [cpw.mods.modlauncher.TransformStore/MODLAUNCHER]: Adding transformer optifine.OptiFineTransformer@6c9320c2 to Target : PRE_CLASS {Lnet/minecraft/client/KeyboardHandler$1;} {} {V}
[02May2025 20:50:25.266] [main/DEBUG] [cpw.mods.modlauncher.TransformStore/MODLAUNCHER]: Adding transformer optifine.OptiFineTransformer@6c9320c2 to Target : PRE_CLASS {Lnet/minecraft/client/renderer/block/BlockRenderDispatcher;} {} {V}
[02May2025 20:50:25.266] [main/DEBUG] [cpw.mods.modlauncher.TransformStore/MODLAUNCHER]: Adding transformer optifine.OptiFineTransformer@6c9320c2 to Target : PRE_CLASS {Lnet/minecraft/client/renderer/entity/LivingEntityRenderer$1;} {} {V}
[02May2025 20:50:25.266] [main/DEBUG] [cpw.mods.modlauncher.TransformStore/MODLAUNCHER]: Adding transformer optifine.OptiFineTransformer@6c9320c2 to Target : PRE_CLASS {Lnet/minecraft/client/OptionInstance$Enum;} {} {V}
[02May2025 20:50:25.266] [main/DEBUG] [cpw.mods.modlauncher.TransformStore/MODLAUNCHER]: Adding transformer optifine.OptiFineTransformer@6c9320c2 to Target : PRE_CLASS {Lnet/minecraft/Util;} {} {V}
[02May2025 20:50:25.266] [main/DEBUG] [cpw.mods.modlauncher.TransformStore/MODLAUNCHER]: Adding transformer optifine.OptiFineTransformer@6c9320c2 to Target : PRE_CLASS {Lnet/minecraft/client/renderer/RenderStateShard$ColorLogicStateShard;} {} {V}
[02May2025 20:50:25.266] [main/DEBUG] [cpw.mods.modlauncher.TransformStore/MODLAUNCHER]: Adding transformer optifine.OptiFineTransformer@6c9320c2 to Target : PRE_CLASS {Lcom/mojang/blaze3d/platform/GlStateManager$LogicOp;} {} {V}
[02May2025 20:50:25.267] [main/DEBUG] [cpw.mods.modlauncher.TransformStore/MODLAUNCHER]: Adding transformer optifine.OptiFineTransformer@6c9320c2 to Target : PRE_CLASS {Lnet/minecraft/client/gui/Font$StringRenderOutput;} {} {V}
[02May2025 20:50:25.267] [main/DEBUG] [cpw.mods.modlauncher.TransformStore/MODLAUNCHER]: Adding transformer optifine.OptiFineTransformer@6c9320c2 to Target : PRE_CLASS {Lnet/minecraft/client/OptionInstance$CycleableValueSet$ValueSetter;} {} {V}
[02May2025 20:50:25.267] [main/DEBUG] [cpw.mods.modlauncher.TransformStore/MODLAUNCHER]: Adding transformer optifine.OptiFineTransformer@6c9320c2 to Target : PRE_CLASS {Lnet/minecraft/client/renderer/RenderStateShard$LightmapStateShard;} {} {V}
[02May2025 20:50:25.267] [main/DEBUG] [cpw.mods.modlauncher.TransformStore/MODLAUNCHER]: Adding transformer optifine.OptiFineTransformer@6c9320c2 to Target : PRE_CLASS {Lnet/minecraft/CrashReport;} {} {V}
[02May2025 20:50:25.267] [main/DEBUG] [cpw.mods.modlauncher.TransformStore/MODLAUNCHER]: Adding transformer optifine.OptiFineTransformer@6c9320c2 to Target : PRE_CLASS {Lnet/minecraft/client/renderer/RenderType$CompositeState$CompositeStateBuilder;} {} {V}
[02May2025 20:50:25.267] [main/DEBUG] [cpw.mods.modlauncher.TransformStore/MODLAUNCHER]: Adding transformer optifine.OptiFineTransformer@6c9320c2 to Target : PRE_CLASS {Lnet/minecraft/client/multiplayer/ClientLevel$ClientLevelData;} {} {V}
[02May2025 20:50:25.267] [main/DEBUG] [cpw.mods.modlauncher.TransformStore/MODLAUNCHER]: Adding transformer optifine.OptiFineTransformer@6c9320c2 to Target : PRE_CLASS {Lcom/mojang/blaze3d/pipeline/RenderTarget;} {} {V}
[02May2025 20:50:25.267] [main/DEBUG] [cpw.mods.modlauncher.TransformStore/MODLAUNCHER]: Adding transformer optifine.OptiFineTransformer@6c9320c2 to Target : PRE_CLASS {Lnet/minecraft/client/OptionInstance$CaptionBasedToString;} {} {V}
[02May2025 20:50:25.267] [main/DEBUG] [cpw.mods.modlauncher.TransformStore/MODLAUNCHER]: Adding transformer optifine.OptiFineTransformer@6c9320c2 to Target : PRE_CLASS {Lnet/minecraft/client/renderer/entity/layers/RenderLayer;} {} {V}
[02May2025 20:50:25.267] [main/DEBUG] [cpw.mods.modlauncher.TransformStore/MODLAUNCHER]: Adding transformer optifine.OptiFineTransformer@6c9320c2 to Target : PRE_CLASS {Lnet/minecraft/client/renderer/RenderType$CompositeRenderType;} {} {V}
[02May2025 20:50:25.268] [main/DEBUG] [cpw.mods.modlauncher.TransformStore/MODLAUNCHER]: Adding transformer optifine.OptiFineTransformer@6c9320c2 to Target : PRE_CLASS {Lcom/mojang/blaze3d/vertex/BufferBuilder$RenderedBuffer;} {} {V}
[02May2025 20:50:25.268] [main/DEBUG] [cpw.mods.modlauncher.TransformStore/MODLAUNCHER]: Adding transformer optifine.OptiFineTransformer@6c9320c2 to Target : PRE_CLASS {Lnet/minecraft/client/renderer/RenderStateShard$MultiTextureStateShard$Builder;} {} {V}
[02May2025 20:50:25.272] [main/DEBUG] [cpw.mods.modlauncher.TransformStore/MODLAUNCHER]: Adding transformer optifine.OptiFineTransformer@6c9320c2 to Target : PRE_CLASS {Lnet/minecraft/client/renderer/SpriteCoordinateExpander;} {} {V}
[02May2025 20:50:25.272] [main/DEBUG] [cpw.mods.modlauncher.TransformStore/MODLAUNCHER]: Adding transformer optifine.OptiFineTransformer@6c9320c2 to Target : PRE_CLASS {Lnet/minecraft/world/entity/Mob;} {} {V}
[02May2025 20:50:25.272] [main/DEBUG] [cpw.mods.modlauncher.TransformStore/MODLAUNCHER]: Adding transformer optifine.OptiFineTransformer@6c9320c2 to Target : PRE_CLASS {Lnet/minecraft/client/renderer/chunk/ChunkRenderDispatcher$RenderChunk$ResortTransparencyTask;} {} {V}
[02May2025 20:50:25.272] [main/DEBUG] [cpw.mods.modlauncher.TransformStore/MODLAUNCHER]: Adding transformer optifine.OptiFineTransformer@6c9320c2 to Target : PRE_CLASS {Lnet/minecraft/core/Direction;} {} {V}
[02May2025 20:50:25.272] [main/DEBUG] [cpw.mods.modlauncher.TransformStore/MODLAUNCHER]: Adding transformer optifine.OptiFineTransformer@6c9320c2 to Target : PRE_CLASS {Lnet/minecraft/client/renderer/chunk/ChunkRenderDispatcher$RenderChunk$RebuildTask;} {} {V}
[02May2025 20:50:25.272] [main/DEBUG] [cpw.mods.modlauncher.TransformStore/MODLAUNCHER]: Adding transformer optifine.OptiFineTransformer@6c9320c2 to Target : PRE_CLASS {Lnet/minecraft/client/renderer/texture/SpriteContents;} {} {V}
[02May2025 20:50:25.272] [main/DEBUG] [cpw.mods.modlauncher.TransformStore/MODLAUNCHER]: Adding transformer optifine.OptiFineTransformer@6c9320c2 to Target : PRE_CLASS {Lnet/minecraft/client/resources/model/WeightedBakedModel;} {} {V}
[02May2025 20:50:25.273] [main/DEBUG] [cpw.mods.modlauncher.TransformStore/MODLAUNCHER]: Adding transformer optifine.OptiFineTransformer@6c9320c2 to Target : PRE_CLASS {Lnet/minecraft/world/level/chunk/PalettedContainer$Strategy$1;} {} {V}
[02May2025 20:50:25.273] [main/DEBUG] [cpw.mods.modlauncher.TransformStore/MODLAUNCHER]: Adding transformer optifine.OptiFineTransformer@6c9320c2 to Target : PRE_CLASS {Lcom/mojang/blaze3d/platform/GlStateManager$BlendState;} {} {V}
[02May2025 20:50:25.273] [main/DEBUG] [cpw.mods.modlauncher.TransformStore/MODLAUNCHER]: Adding transformer optifine.OptiFineTransformer@6c9320c2 to Target : PRE_CLASS {Lnet/minecraft/client/renderer/FogRenderer$DarknessFogFunction;} {} {V}
[02May2025 20:50:25.273] [main/DEBUG] [cpw.mods.modlauncher.TransformStore/MODLAUNCHER]: Adding transformer optifine.OptiFineTransformer@6c9320c2 to Target : PRE_CLASS {Lnet/minecraft/client/gui/screens/ChatOptionsScreen;} {} {V}
[02May2025 20:50:25.273] [main/DEBUG] [cpw.mods.modlauncher.TransformStore/MODLAUNCHER]: Adding transformer optifine.OptiFineTransformer@6c9320c2 to Target : PRE_CLASS {Lnet/minecraft/client/gui/components/CycleButton;} {} {V}
[02May2025 20:50:25.273] [main/DEBUG] [cpw.mods.modlauncher.TransformStore/MODLAUNCHER]: Adding transformer optifine.OptiFineTransformer@6c9320c2 to Target : PRE_CLASS {Lnet/minecraft/client/gui/screens/TitleScreen$WarningLabel;} {} {V}
[02May2025 20:50:25.273] [main/DEBUG] [cpw.mods.modlauncher.TransformStore/MODLAUNCHER]: Adding transformer optifine.OptiFineTransformer@6c9320c2 to Target : PRE_CLASS {Lcom/mojang/blaze3d/vertex/BufferBuilder$SortState;} {} {V}
[02May2025 20:50:25.273] [main/DEBUG] [cpw.mods.modlauncher.TransformStore/MODLAUNCHER]: Adding transformer optifine.OptiFineTransformer@6c9320c2 to Target : PRE_CLASS {Lnet/minecraft/client/renderer/texture/SpriteContents$InterpolationData;} {} {V}
[02May2025 20:50:25.273] [main/DEBUG] [cpw.mods.modlauncher.TransformStore/MODLAUNCHER]: Adding transformer optifine.OptiFineTransformer@6c9320c2 to Target : PRE_CLASS {Lnet/minecraft/network/syncher/SynchedEntityData;} {} {V}
[02May2025 20:50:25.273] [main/DEBUG] [cpw.mods.modlauncher.TransformStore/MODLAUNCHER]: Adding transformer optifine.OptiFineTransformer@6c9320c2 to Target : PRE_CLASS {Lnet/minecraft/client/renderer/texture/AbstractTexture;} {} {V}
[02May2025 20:50:25.274] [main/DEBUG] [cpw.mods.modlauncher.TransformStore/MODLAUNCHER]: Adding transformer optifine.OptiFineTransformer@6c9320c2 to Target : PRE_CLASS {Lnet/minecraft/server/packs/FilePackResources;} {} {V}
[02May2025 20:50:25.274] [main/DEBUG] [cpw.mods.modlauncher.TransformStore/MODLAUNCHER]: Adding transformer optifine.OptiFineTransformer@6c9320c2 to Target : PRE_CLASS {Lcom/mojang/blaze3d/platform/GlDebug$LogEntry;} {} {V}
[02May2025 20:50:25.274] [main/DEBUG] [cpw.mods.modlauncher.TransformStore/MODLAUNCHER]: Adding transformer optifine.OptiFineTransformer@6c9320c2 to Target : PRE_CLASS {Lnet/minecraft/client/renderer/entity/layers/WardenEmissiveLayer$DrawSelector;} {} {V}
[02May2025 20:50:25.278] [main/DEBUG] [cpw.mods.modlauncher.TransformStore/MODLAUNCHER]: Adding transformer optifine.OptiFineTransformer@6c9320c2 to Target : PRE_CLASS {Lnet/minecraft/Util$1;} {} {V}
[02May2025 20:50:25.278] [main/DEBUG] [cpw.mods.modlauncher.TransformStore/MODLAUNCHER]: Adding transformer optifine.OptiFineTransformer@6c9320c2 to Target : PRE_CLASS {Lnet/minecraft/client/renderer/blockentity/TheEndPortalRenderer;} {} {V}
[02May2025 20:50:25.278] [main/DEBUG] [cpw.mods.modlauncher.TransformStore/MODLAUNCHER]: Adding transformer optifine.OptiFineTransformer@6c9320c2 to Target : PRE_CLASS {Lnet/minecraft/client/renderer/entity/layers/SaddleLayer;} {} {V}
[02May2025 20:50:25.278] [main/DEBUG] [cpw.mods.modlauncher.TransformStore/MODLAUNCHER]: Adding transformer optifine.OptiFineTransformer@6c9320c2 to Target : PRE_CLASS {Lnet/minecraft/client/renderer/chunk/ChunkRenderDispatcher$ChunkTaskResult;} {} {V}
[02May2025 20:50:25.278] [main/DEBUG] [cpw.mods.modlauncher.TransformStore/MODLAUNCHER]: Adding transformer optifine.OptiFineTransformer@6c9320c2 to Target : PRE_CLASS {Lnet/minecraft/client/renderer/entity/layers/CatCollarLayer;} {} {V}
[02May2025 20:50:25.278] [main/DEBUG] [cpw.mods.modlauncher.TransformStore/MODLAUNCHER]: Adding transformer optifine.OptiFineTransformer@6c9320c2 to Target : PRE_CLASS {Lnet/minecraft/client/model/geom/ModelPart;} {} {V}
[02May2025 20:50:25.278] [main/DEBUG] [cpw.mods.modlauncher.TransformStore/MODLAUNCHER]: Adding transformer optifine.OptiFineTransformer@6c9320c2 to Target : PRE_CLASS {Lnet/minecraft/client/renderer/texture/TextureManager;} {} {V}
[02May2025 20:50:25.279] [main/DEBUG] [cpw.mods.modlauncher.TransformStore/MODLAUNCHER]: Adding transformer optifine.OptiFineTransformer@6c9320c2 to Target : PRE_CLASS {Lnet/minecraft/world/level/biome/Biomes;} {} {V}
[02May2025 20:50:25.279] [main/DEBUG] [cpw.mods.modlauncher.TransformStore/MODLAUNCHER]: Adding transformer optifine.OptiFineTransformer@6c9320c2 to Target : PRE_CLASS {Lnet/minecraft/client/KeyboardHandler;} {} {V}
[02May2025 20:50:25.279] [main/DEBUG] [cpw.mods.modlauncher.TransformStore/MODLAUNCHER]: Adding transformer optifine.OptiFineTransformer@6c9320c2 to Target : PRE_CLASS {Lnet/minecraft/client/renderer/entity/layers/SlimeOuterLayer;} {} {V}
[02May2025 20:50:25.279] [main/DEBUG] [cpw.mods.modlauncher.TransformStore/MODLAUNCHER]: Adding transformer optifine.OptiFineTransformer@6c9320c2 to Target : PRE_CLASS {Lnet/minecraft/client/gui/components/CycleButton$Builder;} {} {V}
[02May2025 20:50:25.279] [main/DEBUG] [cpw.mods.modlauncher.TransformStore/MODLAUNCHER]: Adding transformer optifine.OptiFineTransformer@6c9320c2 to Target : PRE_CLASS {Lnet/minecraft/core/Direction$1;} {} {V}
[02May2025 20:50:25.279] [main/DEBUG] [cpw.mods.modlauncher.TransformStore/MODLAUNCHER]: Adding transformer optifine.OptiFineTransformer@6c9320c2 to Target : PRE_CLASS {Lnet/minecraft/client/renderer/blockentity/BrightnessCombiner;} {} {V}
[02May2025 20:50:25.279] [main/DEBUG] [cpw.mods.modlauncher.TransformStore/MODLAUNCHER]: Adding transformer optifine.OptiFineTransformer@6c9320c2 to Target : PRE_CLASS {Lnet/minecraft/client/renderer/entity/EntityRenderers;} {} {V}
[02May2025 20:50:25.279] [main/DEBUG] [cpw.mods.modlauncher.TransformStore/MODLAUNCHER]: Adding transformer optifine.OptiFineTransformer@6c9320c2 to Target : PRE_CLASS {Lnet/minecraft/world/level/block/entity/BlockEntity;} {} {V}
[02May2025 20:50:25.279] [main/DEBUG] [cpw.mods.modlauncher.TransformStore/MODLAUNCHER]: Adding transformer optifine.OptiFineTransformer@6c9320c2 to Target : PRE_CLASS {Lnet/minecraft/client/renderer/block/ModelBlockRenderer$SizeInfo;} {} {V}
[02May2025 20:50:25.279] [main/DEBUG] [cpw.mods.modlauncher.TransformStore/MODLAUNCHER]: Adding transformer optifine.OptiFineTransformer@6c9320c2 to Target : PRE_CLASS {Lcom/mojang/blaze3d/vertex/VertexFormat;} {} {V}
[02May2025 20:50:25.279] [main/DEBUG] [cpw.mods.modlauncher.TransformStore/MODLAUNCHER]: Adding transformer optifine.OptiFineTransformer@6c9320c2 to Target : PRE_CLASS {Lcom/mojang/blaze3d/systems/RenderSystem$1;} {} {V}
[02May2025 20:50:25.280] [main/DEBUG] [cpw.mods.modlauncher.TransformStore/MODLAUNCHER]: Adding transformer optifine.OptiFineTransformer@6c9320c2 to Target : PRE_CLASS {Lnet/minecraft/client/renderer/entity/layers/SheepFurLayer;} {} {V}
[02May2025 20:50:25.280] [main/DEBUG] [cpw.mods.modlauncher.TransformStore/MODLAUNCHER]: Adding transformer optifine.OptiFineTransformer@6c9320c2 to Target : PRE_CLASS {Lcom/mojang/blaze3d/platform/GlStateManager$BooleanState;} {} {V}
[02May2025 20:50:25.280] [main/DEBUG] [cpw.mods.modlauncher.TransformStore/MODLAUNCHER]: Adding transformer optifine.OptiFineTransformer@6c9320c2 to Target : PRE_CLASS {Lnet/minecraft/client/renderer/chunk/VisGraph;} {} {V}
[02May2025 20:50:25.284] [main/DEBUG] [cpw.mods.modlauncher.TransformStore/MODLAUNCHER]: Adding transformer optifine.OptiFineTransformer@6c9320c2 to Target : PRE_CLASS {Lnet/minecraft/client/renderer/RenderStateShard$OffsetTexturingStateShard;} {} {V}
[02May2025 20:50:25.284] [main/DEBUG] [cpw.mods.modlauncher.TransformStore/MODLAUNCHER]: Adding transformer optifine.OptiFineTransformer@6c9320c2 to Target : PRE_CLASS {Lnet/minecraft/Util$4;} {} {V}
[02May2025 20:50:25.284] [main/DEBUG] [cpw.mods.modlauncher.TransformStore/MODLAUNCHER]: Adding transformer optifine.OptiFineTransformer@6c9320c2 to Target : PRE_CLASS {Lnet/minecraft/client/renderer/FogRenderer$FogData;} {} {V}
[02May2025 20:50:25.284] [main/DEBUG] [cpw.mods.modlauncher.TransformStore/MODLAUNCHER]: Adding transformer optifine.OptiFineTransformer@6c9320c2 to Target : PRE_CLASS {Lnet/minecraft/client/renderer/RenderStateShard$TexturingStateShard;} {} {V}
[02May2025 20:50:25.284] [main/DEBUG] [cpw.mods.modlauncher.TransformStore/MODLAUNCHER]: Adding transformer optifine.OptiFineTransformer@6c9320c2 to Target : PRE_CLASS {Lnet/minecraft/client/renderer/block/LiquidBlockRenderer;} {} {V}
[02May2025 20:50:25.284] [main/DEBUG] [cpw.mods.modlauncher.TransformStore/MODLAUNCHER]: Adding transformer optifine.OptiFineTransformer@6c9320c2 to Target : PRE_CLASS {Lnet/minecraft/client/renderer/block/BlockRenderDispatcher$1;} {} {V}
[02May2025 20:50:25.284] [main/DEBUG] [cpw.mods.modlauncher.TransformStore/MODLAUNCHER]: Adding transformer optifine.OptiFineTransformer@6c9320c2 to Target : PRE_CLASS {Lnet/minecraft/client/Options$4;} {} {V}
[02May2025 20:50:25.285] [main/DEBUG] [cpw.mods.modlauncher.TransformStore/MODLAUNCHER]: Adding transformer optifine.OptiFineTransformer@6c9320c2 to Target : PRE_CLASS {Lnet/minecraft/world/entity/Mob$1;} {} {V}
[02May2025 20:50:25.285] [main/DEBUG] [cpw.mods.modlauncher.TransformStore/MODLAUNCHER]: Adding transformer optifine.OptiFineTransformer@6c9320c2 to Target : PRE_CLASS {Lnet/minecraft/Util$9;} {} {V}
[02May2025 20:50:25.285] [main/DEBUG] [cpw.mods.modlauncher.TransformStore/MODLAUNCHER]: Adding transformer optifine.OptiFineTransformer@6c9320c2 to Target : PRE_CLASS {Lnet/minecraft/Util$8;} {} {V}
[02May2025 20:50:25.285] [main/DEBUG] [cpw.mods.modlauncher.TransformStore/MODLAUNCHER]: Adding transformer optifine.OptiFineTransformer@6c9320c2 to Target : PRE_CLASS {Lnet/minecraft/world/level/levelgen/blending/Blender$DistanceGetter;} {} {V}
[02May2025 20:50:25.285] [main/DEBUG] [cpw.mods.modlauncher.TransformStore/MODLAUNCHER]: Adding transformer optifine.OptiFineTransformer@6c9320c2 to Target : PRE_CLASS {Lcom/mojang/blaze3d/vertex/VertexBuffer$Usage;} {} {V}
[02May2025 20:50:25.285] [main/DEBUG] [cpw.mods.modlauncher.TransformStore/MODLAUNCHER]: Adding transformer optifine.OptiFineTransformer@6c9320c2 to Target : PRE_CLASS {Lnet/minecraft/client/renderer/entity/layers/HorseArmorLayer;} {} {V}
[02May2025 20:50:25.285] [main/DEBUG] [cpw.mods.modlauncher.TransformStore/MODLAUNCHER]: Adding transformer optifine.OptiFineTransformer@6c9320c2 to Target : PRE_CLASS {Lnet/minecraft/server/level/ChunkLevel;} {} {V}
[02May2025 20:50:25.285] [main/DEBUG] [cpw.mods.modlauncher.TransformStore/MODLAUNCHER]: Adding transformer optifine.OptiFineTransformer@6c9320c2 to Target : PRE_CLASS {Lnet/minecraft/world/level/block/state/BlockState;} {} {V}
[02May2025 20:50:25.285] [main/DEBUG] [cpw.mods.modlauncher.TransformStore/MODLAUNCHER]: Adding transformer optifine.OptiFineTransformer@6c9320c2 to Target : PRE_CLASS {Lnet/minecraft/client/renderer/RenderStateShard$TransparencyStateShard;} {} {V}
[02May2025 20:50:25.285] [main/DEBUG] [cpw.mods.modlauncher.TransformStore/MODLAUNCHER]: Adding transformer optifine.OptiFineTransformer@6c9320c2 to Target : PRE_CLASS {Lnet/minecraft/client/renderer/GameRenderer$1;} {} {V}
[02May2025 20:50:25.286] [main/DEBUG] [cpw.mods.modlauncher.TransformStore/MODLAUNCHER]: Adding transformer optifine.OptiFineTransformer@6c9320c2 to Target : PRE_CLASS {Lnet/minecraft/client/renderer/entity/layers/CreeperPowerLayer;} {} {V}
[02May2025 20:50:25.286] [main/DEBUG] [cpw.mods.modlauncher.TransformStore/MODLAUNCHER]: Adding transformer optifine.OptiFineTransformer@6c9320c2 to Target : PRE_CLASS {Lcom/mojang/blaze3d/vertex/BufferBuilder;} {} {V}
[02May2025 20:50:25.286] [main/DEBUG] [cpw.mods.modlauncher.TransformStore/MODLAUNCHER]: Adding transformer optifine.OptiFineTransformer@6c9320c2 to Target : PRE_CLASS {Lnet/minecraft/client/renderer/texture/SpriteTicker;} {} {V}
[02May2025 20:50:25.292] [main/DEBUG] [cpw.mods.modlauncher.TransformStore/MODLAUNCHER]: Adding transformer optifine.OptiFineTransformer@6c9320c2 to Target : PRE_CLASS {Lnet/minecraft/client/renderer/block/LiquidBlockRenderer$1;} {} {V}
[02May2025 20:50:25.292] [main/DEBUG] [cpw.mods.modlauncher.TransformStore/MODLAUNCHER]: Adding transformer optifine.OptiFineTransformer@6c9320c2 to Target : PRE_CLASS {Lnet/minecraft/client/renderer/block/model/FaceBakery;} {} {V}
[02May2025 20:50:25.292] [main/DEBUG] [cpw.mods.modlauncher.TransformStore/MODLAUNCHER]: Adding transformer optifine.OptiFineTransformer@6c9320c2 to Target : PRE_CLASS {Lnet/minecraft/client/multiplayer/ClientLevel$1;} {} {V}
[02May2025 20:50:25.292] [main/DEBUG] [cpw.mods.modlauncher.TransformStore/MODLAUNCHER]: Adding transformer optifine.OptiFineTransformer@6c9320c2 to Target : PRE_CLASS {Lnet/minecraft/client/renderer/texture/SpriteContents$FrameInfo;} {} {V}
[02May2025 20:50:25.292] [main/DEBUG] [cpw.mods.modlauncher.TransformStore/MODLAUNCHER]: Adding transformer optifine.OptiFineTransformer@6c9320c2 to Target : PRE_CLASS {Lnet/minecraft/client/renderer/chunk/ChunkRenderDispatcher;} {} {V}
[02May2025 20:50:25.292] [main/DEBUG] [cpw.mods.modlauncher.TransformStore/MODLAUNCHER]: Adding transformer optifine.OptiFineTransformer@6c9320c2 to Target : PRE_CLASS {Lnet/minecraft/core/Direction$AxisDirection;} {} {V}
[02May2025 20:50:25.292] [main/DEBUG] [cpw.mods.modlauncher.TransformStore/MODLAUNCHER]: Adding transformer optifine.OptiFineTransformer@6c9320c2 to Target : PRE_CLASS {Lnet/minecraft/client/gui/screens/ProgressScreen;} {} {V}
[02May2025 20:50:25.293] [main/DEBUG] [cpw.mods.modlauncher.TransformStore/MODLAUNCHER]: Adding transformer optifine.OptiFineTransformer@6c9320c2 to Target : PRE_CLASS {Lnet/minecraft/client/renderer/block/model/BakedQuad;} {} {V}
[02May2025 20:50:25.293] [main/DEBUG] [cpw.mods.modlauncher.TransformStore/MODLAUNCHER]: Adding transformer optifine.OptiFineTransformer@6c9320c2 to Target : PRE_CLASS {Lnet/minecraft/server/level/ChunkMap$DistanceManager;} {} {V}
[02May2025 20:50:25.293] [main/DEBUG] [cpw.mods.modlauncher.TransformStore/MODLAUNCHER]: Adding transformer optifine.OptiFineTransformer@6c9320c2 to Target : PRE_CLASS {Lnet/minecraft/util/thread/BlockableEventLoop;} {} {V}
[02May2025 20:50:25.293] [main/DEBUG] [cpw.mods.modlauncher.TransformStore/MODLAUNCHER]: Adding transformer optifine.OptiFineTransformer@6c9320c2 to Target : PRE_CLASS {Lcom/mojang/blaze3d/platform/GlDebug;} {} {V}
[02May2025 20:50:25.293] [main/DEBUG] [cpw.mods.modlauncher.TransformStore/MODLAUNCHER]: Adding transformer optifine.OptiFineTransformer@6c9320c2 to Target : PRE_CLASS {Lcom/mojang/blaze3d/vertex/VertexFormatElement$Usage$ClearState;} {} {V}
[02May2025 20:50:25.293] [main/DEBUG] [cpw.mods.modlauncher.TransformStore/MODLAUNCHER]: Adding transformer optifine.OptiFineTransformer@6c9320c2 to Target : PRE_CLASS {Lnet/minecraft/client/renderer/texture/TextureAtlasSprite$1;} {} {V}
[02May2025 20:50:25.293] [main/DEBUG] [cpw.mods.modlauncher.TransformStore/MODLAUNCHER]: Adding transformer optifine.OptiFineTransformer@6c9320c2 to Target : PRE_CLASS {Lnet/minecraft/client/OptionInstance$CycleableValueSet;} {} {V}
[02May2025 20:50:25.293] [main/DEBUG] [cpw.mods.modlauncher.TransformStore/MODLAUNCHER]: Adding transformer optifine.OptiFineTransformer@6c9320c2 to Target : PRE_CLASS {Lnet/minecraft/server/packs/resources/ReloadableResourceManager;} {} {V}
[02May2025 20:50:25.293] [main/DEBUG] [cpw.mods.modlauncher.TransformStore/MODLAUNCHER]: Adding transformer optifine.OptiFineTransformer@6c9320c2 to Target : PRE_CLASS {Lnet/minecraft/client/renderer/RenderStateShard$CullStateShard;} {} {V}
[02May2025 20:50:25.293] [main/DEBUG] [cpw.mods.modlauncher.TransformStore/MODLAUNCHER]: Adding transformer optifine.OptiFineTransformer@6c9320c2 to Target : PRE_CLASS {Lnet/minecraft/client/renderer/chunk/ChunkRenderDispatcher$RenderChunk;} {} {V}
[02May2025 20:50:25.293] [main/DEBUG] [cpw.mods.modlauncher.TransformStore/MODLAUNCHER]: Adding transformer optifine.OptiFineTransformer@6c9320c2 to Target : PRE_CLASS {Lnet/minecraft/client/renderer/entity/layers/LlamaDecorLayer;} {} {V}
[02May2025 20:50:25.293] [main/DEBUG] [cpw.mods.modlauncher.TransformStore/MODLAUNCHER]: Adding transformer optifine.OptiFineTransformer@6c9320c2 to Target : PRE_CLASS {Lnet/minecraft/world/level/levelgen/blending/Blender$BlendingOutput;} {} {V}
[02May2025 20:50:25.294] [main/DEBUG] [cpw.mods.modlauncher.TransformStore/MODLAUNCHER]: Adding transformer optifine.OptiFineTransformer@6c9320c2 to Target : PRE_CLASS {Lnet/minecraft/client/renderer/block/ModelBlockRenderer$Cache$1;} {} {V}
[02May2025 20:50:25.294] [main/DEBUG] [cpw.mods.modlauncher.TransformStore/MODLAUNCHER]: Adding transformer optifine.OptiFineTransformer@6c9320c2 to Target : PRE_CLASS {Lnet/minecraft/client/particle/ParticleEngine$SpriteParticleRegistration;} {} {V}
[02May2025 20:50:25.294] [main/DEBUG] [cpw.mods.modlauncher.TransformStore/MODLAUNCHER]: Adding transformer optifine.OptiFineTransformer@6c9320c2 to Target : PRE_CLASS {Lnet/minecraft/client/renderer/texture/TextureAtlasSprite;} {} {V}
[02May2025 20:50:25.298] [main/DEBUG] [cpw.mods.modlauncher.TransformStore/MODLAUNCHER]: Adding transformer optifine.OptiFineTransformer@6c9320c2 to Target : PRE_CLASS {Lcom/mojang/blaze3d/platform/GlStateManager$CullState;} {} {V}
[02May2025 20:50:25.298] [main/DEBUG] [cpw.mods.modlauncher.TransformStore/MODLAUNCHER]: Adding transformer optifine.OptiFineTransformer@6c9320c2 to Target : PRE_CLASS {Lcom/mojang/blaze3d/vertex/VertexConsumer;} {} {V}
[02May2025 20:50:25.298] [main/DEBUG] [cpw.mods.modlauncher.TransformStore/MODLAUNCHER]: Adding transformer optifine.OptiFineTransformer@6c9320c2 to Target : PRE_CLASS {Lnet/minecraft/client/particle/ParticleEngine$ParticleDefinition;} {} {V}
[02May2025 20:50:25.298] [main/DEBUG] [cpw.mods.modlauncher.TransformStore/MODLAUNCHER]: Adding transformer optifine.OptiFineTransformer@6c9320c2 to Target : PRE_CLASS {Lnet/minecraft/client/renderer/RenderStateShard$OutputStateShard;} {} {V}
[02May2025 20:50:25.298] [main/DEBUG] [cpw.mods.modlauncher.TransformStore/MODLAUNCHER]: Adding transformer optifine.OptiFineTransformer@6c9320c2 to Target : PRE_CLASS {Lcom/mojang/blaze3d/vertex/Tesselator;} {} {V}
[02May2025 20:50:25.298] [main/DEBUG] [cpw.mods.modlauncher.TransformStore/MODLAUNCHER]: Adding transformer optifine.OptiFineTransformer@6c9320c2 to Target : PRE_CLASS {Lnet/minecraft/client/model/geom/ModelPart$Vertex;} {} {V}
[02May2025 20:50:25.298] [main/DEBUG] [cpw.mods.modlauncher.TransformStore/MODLAUNCHER]: Adding transformer optifine.OptiFineTransformer@6c9320c2 to Target : PRE_CLASS {Lnet/minecraft/client/renderer/FogRenderer;} {} {V}
[02May2025 20:50:25.299] [main/DEBUG] [cpw.mods.modlauncher.TransformStore/MODLAUNCHER]: Adding transformer optifine.OptiFineTransformer@6c9320c2 to Target : PRE_CLASS {Lnet/minecraft/client/renderer/entity/LivingEntityRenderer;} {} {V}
[02May2025 20:50:25.299] [main/DEBUG] [cpw.mods.modlauncher.TransformStore/MODLAUNCHER]: Adding transformer optifine.OptiFineTransformer@6c9320c2 to Target : PRE_CLASS {Lnet/minecraft/world/level/chunk/LevelChunkSection$BlockCounter;} {} {V}
[02May2025 20:50:25.299] [main/DEBUG] [cpw.mods.modlauncher.TransformStore/MODLAUNCHER]: Adding transformer optifine.OptiFineTransformer@6c9320c2 to Target : PRE_CLASS {Lnet/minecraft/client/renderer/entity/layers/WardenEmissiveLayer$AlphaFunction;} {} {V}
[02May2025 20:50:25.299] [main/DEBUG] [cpw.mods.modlauncher.TransformStore/MODLAUNCHER]: Adding transformer optifine.OptiFineTransformer@6c9320c2 to Target : PRE_CLASS {Lnet/minecraft/client/gui/font/providers/BitmapProvider;} {} {V}
[02May2025 20:50:25.299] [main/DEBUG] [cpw.mods.modlauncher.TransformStore/MODLAUNCHER]: Adding transformer optifine.OptiFineTransformer@6c9320c2 to Target : PRE_CLASS {Lnet/minecraft/client/renderer/ItemInHandRenderer$HandRenderSelection;} {} {V}
[02May2025 20:50:25.299] [main/DEBUG] [cpw.mods.modlauncher.TransformStore/MODLAUNCHER]: Adding transformer optifine.OptiFineTransformer@6c9320c2 to Target : PRE_CLASS {Lnet/minecraft/client/gui/screens/TitleScreen;} {} {V}
[02May2025 20:50:25.299] [main/DEBUG] [cpw.mods.modlauncher.TransformStore/MODLAUNCHER]: Adding transformer optifine.OptiFineTransformer@6c9320c2 to Target : PRE_CLASS {Lnet/minecraft/util/SimpleBitStorage$InitializationException;} {} {V}
[02May2025 20:50:25.299] [main/DEBUG] [cpw.mods.modlauncher.TransformStore/MODLAUNCHER]: Adding transformer optifine.OptiFineTransformer@6c9320c2 to Target : PRE_CLASS {Lnet/minecraft/client/player/AbstractClientPlayer;} {} {V}
[02May2025 20:50:25.299] [main/DEBUG] [cpw.mods.modlauncher.TransformStore/MODLAUNCHER]: Adding transformer optifine.OptiFineTransformer@6c9320c2 to Target : PRE_CLASS {Lnet/minecraft/client/renderer/entity/ItemEntityRenderer;} {} {V}
[02May2025 20:50:25.299] [main/DEBUG] [cpw.mods.modlauncher.TransformStore/MODLAUNCHER]: Adding transformer optifine.OptiFineTransformer@6c9320c2 to Target : PRE_CLASS {Lnet/minecraft/Util$IdentityStrategy;} {} {V}
[02May2025 20:50:25.304] [main/DEBUG] [cpw.mods.modlauncher.TransformStore/MODLAUNCHER]: Adding transformer optifine.OptiFineTransformer@6c9320c2 to Target : PRE_CLASS {Lnet/minecraft/client/renderer/block/ModelBlockRenderer$AmbientVertexRemap;} {} {V}
[02May2025 20:50:25.304] [main/DEBUG] [cpw.mods.modlauncher.TransformStore/MODLAUNCHER]: Adding transformer optifine.OptiFineTransformer@6c9320c2 to Target : PRE_CLASS {Lnet/minecraft/world/level/chunk/PalettedContainer$Strategy$2;} {} {V}
[02May2025 20:50:25.304] [main/DEBUG] [cpw.mods.modlauncher.TransformStore/MODLAUNCHER]: Adding transformer optifine.OptiFineTransformer@6c9320c2 to Target : PRE_CLASS {Lnet/minecraft/client/renderer/chunk/RenderChunk;} {} {V}
[02May2025 20:50:25.304] [main/DEBUG] [cpw.mods.modlauncher.TransformStore/MODLAUNCHER]: Adding transformer optifine.OptiFineTransformer@6c9320c2 to Target : PRE_CLASS {Lnet/minecraft/client/renderer/texture/SpriteLoader$Preparations;} {} {V}
[02May2025 20:50:25.304] [main/DEBUG] [cpw.mods.modlauncher.TransformStore/MODLAUNCHER]: Adding transformer optifine.OptiFineTransformer@6c9320c2 to Target : PRE_CLASS {Lnet/minecraft/client/renderer/RenderStateShard$WriteMaskStateShard;} {} {V}
[02May2025 20:50:25.304] [main/DEBUG] [cpw.mods.modlauncher.TransformStore/MODLAUNCHER]: Adding transformer optifine.OptiFineTransformer@6c9320c2 to Target : PRE_CLASS {Lnet/minecraft/client/renderer/texture/HttpTexture;} {} {V}
[02May2025 20:50:25.305] [main/DEBUG] [cpw.mods.modlauncher.TransformStore/MODLAUNCHER]: Adding transformer optifine.OptiFineTransformer@6c9320c2 to Target : PRE_CLASS {Lnet/minecraft/client/OptionInstance$IntRangeBase$1;} {} {V}
[02May2025 20:50:25.305] [main/DEBUG] [cpw.mods.modlauncher.TransformStore/MODLAUNCHER]: Adding transformer optifine.OptiFineTransformer@6c9320c2 to Target : PRE_CLASS {Lnet/minecraft/client/renderer/chunk/RenderChunkRegion;} {} {V}
[02May2025 20:50:25.305] [main/DEBUG] [cpw.mods.modlauncher.TransformStore/MODLAUNCHER]: Adding transformer optifine.OptiFineTransformer@6c9320c2 to Target : PRE_CLASS {Lnet/minecraft/client/renderer/RenderStateShard$EmptyTextureStateShard;} {} {V}
[02May2025 20:50:25.305] [main/DEBUG] [cpw.mods.modlauncher.TransformStore/MODLAUNCHER]: Adding transformer optifine.OptiFineTransformer@6c9320c2 to Target : PRE_CLASS {Lnet/minecraft/util/BitStorage;} {} {V}
[02May2025 20:50:25.305] [main/DEBUG] [cpw.mods.modlauncher.TransformStore/MODLAUNCHER]: Adding transformer optifine.OptiFineTransformer@6c9320c2 to Target : PRE_CLASS {Lnet/minecraft/client/Camera;} {} {V}
[02May2025 20:50:25.305] [main/DEBUG] [cpw.mods.modlauncher.TransformStore/MODLAUNCHER]: Adding transformer optifine.OptiFineTransformer@6c9320c2 to Target : PRE_CLASS {Lnet/minecraft/client/Options$2;} {} {V}
[02May2025 20:50:25.305] [main/DEBUG] [cpw.mods.modlauncher.TransformStore/MODLAUNCHER]: Adding transformer optifine.OptiFineTransformer@6c9320c2 to Target : PRE_CLASS {Lnet/minecraft/client/gui/font/providers/BitmapProvider$Definition;} {} {V}
[02May2025 20:50:25.305] [main/DEBUG] [cpw.mods.modlauncher.TransformStore/MODLAUNCHER]: Adding transformer optifine.OptiFineTransformer@6c9320c2 to Target : PRE_CLASS {Lcom/mojang/blaze3d/vertex/BufferUploader;} {} {V}
[02May2025 20:50:25.305] [main/DEBUG] [cpw.mods.modlauncher.TransformStore/MODLAUNCHER]: Adding transformer optifine.OptiFineTransformer@6c9320c2 to Target : PRE_CLASS {Lnet/minecraft/client/gui/components/CycleButton$ValueListSupplier;} {} {V}
[02May2025 20:50:25.305] [main/DEBUG] [cpw.mods.modlauncher.TransformStore/MODLAUNCHER]: Adding transformer optifine.OptiFineTransformer@6c9320c2 to Target : PRE_CLASS {Lnet/minecraft/client/renderer/MultiBufferSource;} {} {V}
[02May2025 20:50:25.305] [main/DEBUG] [cpw.mods.modlauncher.TransformStore/MODLAUNCHER]: Adding transformer optifine.OptiFineTransformer@6c9320c2 to Target : PRE_CLASS {Lnet/minecraft/client/gui/font/glyphs/BakedGlyph;} {} {V}
[02May2025 20:50:25.306] [main/DEBUG] [cpw.mods.modlauncher.TransformStore/MODLAUNCHER]: Adding transformer optifine.OptiFineTransformer@6c9320c2 to Target : PRE_CLASS {Lnet/minecraft/client/gui/components/DebugScreenOverlay$1;} {} {V}
[02May2025 20:50:25.306] [main/DEBUG] [cpw.mods.modlauncher.TransformStore/MODLAUNCHER]: Adding transformer optifine.OptiFineTransformer@6c9320c2 to Target : PRE_CLASS {Lnet/minecraft/client/gui/font/providers/BitmapProvider$Glyph;} {} {V}
[02May2025 20:50:25.311] [main/DEBUG] [cpw.mods.modlauncher.TransformStore/MODLAUNCHER]: Adding transformer optifine.OptiFineTransformer@6c9320c2 to Target : PRE_CLASS {Lcom/mojang/blaze3d/shaders/Program;} {} {V}
[02May2025 20:50:25.311] [main/DEBUG] [cpw.mods.modlauncher.TransformStore/MODLAUNCHER]: Adding transformer optifine.OptiFineTransformer@6c9320c2 to Target : PRE_CLASS {Lnet/minecraft/client/renderer/GameRenderer;} {} {V}
[02May2025 20:50:25.311] [main/DEBUG] [cpw.mods.modlauncher.TransformStore/MODLAUNCHER]: Adding transformer optifine.OptiFineTransformer@6c9320c2 to Target : PRE_CLASS {Lnet/minecraft/util/profiling/ActiveProfiler;} {} {V}
[02May2025 20:50:25.311] [main/DEBUG] [cpw.mods.modlauncher.TransformStore/MODLAUNCHER]: Adding transformer optifine.OptiFineTransformer@6c9320c2 to Target : PRE_CLASS {Lnet/minecraft/client/multiplayer/ClientLevel$EntityCallbacks;} {} {V}
[02May2025 20:50:25.311] [main/DEBUG] [cpw.mods.modlauncher.TransformStore/MODLAUNCHER]: Adding transformer optifine.OptiFineTransformer@6c9320c2 to Target : PRE_CLASS {Lcom/mojang/blaze3d/platform/GlStateManager;} {} {V}
[02May2025 20:50:25.312] [main/DEBUG] [cpw.mods.modlauncher.TransformStore/MODLAUNCHER]: Adding transformer optifine.OptiFineTransformer@6c9320c2 to Target : PRE_CLASS {Lcom/mojang/blaze3d/vertex/VertexFormat$1;} {} {V}
[02May2025 20:50:25.312] [main/DEBUG] [cpw.mods.modlauncher.TransformStore/MODLAUNCHER]: Adding transformer optifine.OptiFineTransformer@6c9320c2 to Target : PRE_CLASS {Lnet/minecraft/client/renderer/RenderType$OutlineProperty;} {} {V}
[02May2025 20:50:25.312] [main/DEBUG] [cpw.mods.modlauncher.TransformStore/MODLAUNCHER]: Adding transformer optifine.OptiFineTransformer@6c9320c2 to Target : PRE_CLASS {Lnet/minecraft/client/gui/font/FontSet;} {} {V}
[02May2025 20:50:25.312] [main/DEBUG] [cpw.mods.modlauncher.TransformStore/MODLAUNCHER]: Adding transformer optifine.OptiFineTransformer@6c9320c2 to Target : PRE_CLASS {Lnet/minecraft/client/renderer/RenderType;} {} {V}
[02May2025 20:50:25.312] [main/DEBUG] [cpw.mods.modlauncher.TransformStore/MODLAUNCHER]: Adding transformer optifine.OptiFineTransformer@6c9320c2 to Target : PRE_CLASS {Lnet/minecraft/network/syncher/SynchedEntityData$DataValue;} {} {V}
[02May2025 20:50:25.312] [main/DEBUG] [cpw.mods.modlauncher.TransformStore/MODLAUNCHER]: Adding transformer optifine.OptiFineTransformer@6c9320c2 to Target : PRE_CLASS {Lnet/minecraft/client/renderer/ViewArea;} {} {V}
[02May2025 20:50:25.312] [main/DEBUG] [cpw.mods.modlauncher.TransformStore/MODLAUNCHER]: Adding transformer optifine.OptiFineTransformer@6c9320c2 to Target : PRE_CLASS {Lnet/minecraft/client/renderer/blockentity/BlockEntityRenderDispatcher;} {} {V}
[02May2025 20:50:25.312] [main/DEBUG] [cpw.mods.modlauncher.TransformStore/MODLAUNCHER]: Adding transformer optifine.OptiFineTransformer@6c9320c2 to Target : PRE_CLASS {Lcom/mojang/blaze3d/vertex/VertexFormatElement$Usage;} {} {V}
[02May2025 20:50:25.312] [main/DEBUG] [cpw.mods.modlauncher.TransformStore/MODLAUNCHER]: Adding transformer optifine.OptiFineTransformer@6c9320c2 to Target : PRE_CLASS {Lnet/minecraft/client/GuiMessage$Line;} {} {V}
[02May2025 20:50:25.312] [main/DEBUG] [cpw.mods.modlauncher.TransformStore/MODLAUNCHER]: Adding transformer optifine.OptiFineTransformer@6c9320c2 to Target : PRE_CLASS {Lnet/minecraft/client/resources/model/Material;} {} {V}
[02May2025 20:50:25.312] [main/DEBUG] [cpw.mods.modlauncher.TransformStore/MODLAUNCHER]: Adding transformer optifine.OptiFineTransformer@6c9320c2 to Target : PRE_CLASS {Lcom/mojang/blaze3d/platform/Window$WindowInitFailed;} {} {V}
[02May2025 20:50:25.313] [main/DEBUG] [cpw.mods.modlauncher.TransformStore/MODLAUNCHER]: Adding transformer optifine.OptiFineTransformer@6c9320c2 to Target : PRE_CLASS {Lnet/minecraft/client/renderer/texture/atlas/sources/SingleFile;} {} {V}
[02May2025 20:50:25.313] [main/DEBUG] [cpw.mods.modlauncher.TransformStore/MODLAUNCHER]: Adding transformer optifine.OptiFineTransformer@6c9320c2 to Target : PRE_CLASS {Lnet/minecraft/client/renderer/texture/atlas/SpriteResourceLoader;} {} {V}
[02May2025 20:50:25.313] [main/DEBUG] [cpw.mods.modlauncher.TransformStore/MODLAUNCHER]: Adding transformer optifine.OptiFineTransformer@6c9320c2 to Target : PRE_CLASS {Lnet/minecraft/client/renderer/RenderStateShard$ShaderStateShard;} {} {V}
[02May2025 20:50:25.317] [main/DEBUG] [cpw.mods.modlauncher.TransformStore/MODLAUNCHER]: Adding transformer optifine.OptiFineTransformer@6c9320c2 to Target : PRE_CLASS {Lnet/minecraft/world/level/chunk/PalettedContainer$Data;} {} {V}
[02May2025 20:50:25.317] [main/DEBUG] [cpw.mods.modlauncher.TransformStore/MODLAUNCHER]: Adding transformer optifine.OptiFineTransformer@6c9320c2 to Target : PRE_CLASS {Lnet/minecraft/resources/ResourceLocation;} {} {V}
[02May2025 20:50:25.317] [main/DEBUG] [cpw.mods.modlauncher.TransformStore/MODLAUNCHER]: Adding transformer optifine.OptiFineTransformer@6c9320c2 to Target : PRE_CLASS {Lnet/minecraft/server/level/ChunkMap$2;} {} {V}
[02May2025 20:50:25.317] [main/DEBUG] [cpw.mods.modlauncher.TransformStore/MODLAUNCHER]: Adding transformer optifine.OptiFineTransformer@6c9320c2 to Target : PRE_CLASS {Lnet/minecraft/client/renderer/entity/layers/StrayClothingLayer;} {} {V}
[02May2025 20:50:25.317] [main/DEBUG] [cpw.mods.modlauncher.TransformStore/MODLAUNCHER]: Adding transformer optifine.OptiFineTransformer@6c9320c2 to Target : PRE_CLASS {Lnet/minecraft/client/renderer/entity/EnderDragonRenderer$DragonModel;} {} {V}
[02May2025 20:50:25.317] [main/DEBUG] [cpw.mods.modlauncher.TransformStore/MODLAUNCHER]: Adding transformer optifine.OptiFineTransformer@6c9320c2 to Target : PRE_CLASS {Lnet/minecraft/client/renderer/block/model/ItemOverrides$BakedOverride;} {} {V}
[02May2025 20:50:25.317] [main/DEBUG] [cpw.mods.modlauncher.TransformStore/MODLAUNCHER]: Adding transformer optifine.OptiFineTransformer@6c9320c2 to Target : PRE_CLASS {Lnet/minecraft/client/gui/MapRenderer$MapInstance;} {} {V}
[02May2025 20:50:25.317] [main/DEBUG] [cpw.mods.modlauncher.TransformStore/MODLAUNCHER]: Adding transformer optifine.OptiFineTransformer@6c9320c2 to Target : PRE_CLASS {Lnet/minecraft/client/gui/screens/LoadingOverlay;} {} {V}
[02May2025 20:50:25.318] [main/DEBUG] [cpw.mods.modlauncher.TransformStore/MODLAUNCHER]: Adding transformer optifine.OptiFineTransformer@6c9320c2 to Target : PRE_CLASS {Lnet/minecraft/client/gui/Font$DisplayMode;} {} {V}
[02May2025 20:50:25.318] [main/DEBUG] [cpw.mods.modlauncher.TransformStore/MODLAUNCHER]: Adding transformer optifine.OptiFineTransformer@6c9320c2 to Target : PRE_CLASS {Lnet/minecraft/resources/ResourceLocation$Dummy;} {} {V}
[02May2025 20:50:25.318] [main/DEBUG] [cpw.mods.modlauncher.TransformStore/MODLAUNCHER]: Adding transformer optifine.OptiFineTransformer@6c9320c2 to Target : PRE_CLASS {Lnet/minecraft/client/renderer/LevelRenderer$RenderInfoMap;} {} {V}
[02May2025 20:50:25.318] [main/DEBUG] [cpw.mods.modlauncher.TransformStore/MODLAUNCHER]: Adding transformer optifine.OptiFineTransformer@6c9320c2 to Target : PRE_CLASS {Lnet/minecraft/client/renderer/entity/layers/CapeLayer;} {} {V}
[02May2025 20:50:25.318] [main/DEBUG] [cpw.mods.modlauncher.TransformStore/MODLAUNCHER]: Adding transformer optifine.OptiFineTransformer@6c9320c2 to Target : PRE_CLASS {Lnet/minecraft/client/renderer/blockentity/BlockEntityRenderer;} {} {V}
[02May2025 20:50:25.318] [main/DEBUG] [cpw.mods.modlauncher.TransformStore/MODLAUNCHER]: Adding transformer optifine.OptiFineTransformer@6c9320c2 to Target : PRE_CLASS {Lnet/minecraft/client/gui/GuiGraphics$ScissorStack;} {} {V}
[02May2025 20:50:25.320] [main/DEBUG] [cpw.mods.modlauncher.TransformStore/MODLAUNCHER]: Adding transformer optifine.OptiFineTransformer@6c9320c2 to Target : PRE_CLASS {Lnet/minecraft/client/multiplayer/ClientChunkCache$Storage;} {} {V}
[02May2025 20:50:25.320] [main/DEBUG] [cpw.mods.modlauncher.TransformStore/MODLAUNCHER]: Adding transformer optifine.OptiFineTransformer@6c9320c2 to Target : PRE_CLASS {Lnet/minecraft/core/Direction$Axis$1;} {} {V}
[02May2025 20:50:25.320] [main/DEBUG] [cpw.mods.modlauncher.TransformStore/MODLAUNCHER]: Adding transformer optifine.OptiFineTransformer@6c9320c2 to Target : PRE_CLASS {Lnet/minecraft/server/level/DistanceManager$PlayerTicketTracker;} {} {V}
[02May2025 20:50:25.320] [main/DEBUG] [cpw.mods.modlauncher.TransformStore/MODLAUNCHER]: Adding transformer optifine.OptiFineTransformer@6c9320c2 to Target : PRE_CLASS {Lcom/mojang/blaze3d/vertex/PoseStack;} {} {V}
[02May2025 20:50:25.320] [main/DEBUG] [cpw.mods.modlauncher.TransformStore/MODLAUNCHER]: Adding transformer optifine.OptiFineTransformer@6c9320c2 to Target : PRE_CLASS {Lcom/mojang/blaze3d/platform/GlStateManager$SourceFactor;} {} {V}
[02May2025 20:50:25.320] [main/DEBUG] [cpw.mods.modlauncher.TransformStore/MODLAUNCHER]: Adding transformer optifine.OptiFineTransformer@6c9320c2 to Target : PRE_CLASS {Lcom/mojang/blaze3d/vertex/VertexFormat$Mode;} {} {V}
[02May2025 20:50:25.320] [main/DEBUG] [cpw.mods.modlauncher.TransformStore/MODLAUNCHER]: Adding transformer optifine.OptiFineTransformer@6c9320c2 to Target : PRE_CLASS {Lnet/minecraft/client/renderer/ItemInHandRenderer;} {} {V}
[02May2025 20:50:25.321] [main/DEBUG] [cpw.mods.modlauncher.TransformStore/MODLAUNCHER]: Adding transformer optifine.OptiFineTransformer@6c9320c2 to Target : PRE_CLASS {Lnet/minecraft/client/renderer/texture/TextureAtlasSprite$Ticker;} {} {V}
[02May2025 20:50:25.321] [main/DEBUG] [cpw.mods.modlauncher.TransformStore/MODLAUNCHER]: Adding transformer optifine.OptiFineTransformer@6c9320c2 to Target : PRE_CLASS {Lnet/minecraft/client/renderer/EffectInstance;} {} {V}
[02May2025 20:50:25.321] [main/DEBUG] [cpw.mods.modlauncher.TransformStore/MODLAUNCHER]: Adding transformer optifine.OptiFineTransformer@6c9320c2 to Target : PRE_CLASS {Lnet/minecraft/world/level/chunk/PalettedContainer;} {} {V}
[02May2025 20:50:25.324] [main/DEBUG] [cpw.mods.modlauncher.TransformStore/MODLAUNCHER]: Adding transformer optifine.OptiFineTransformer@6c9320c2 to Target : PRE_CLASS {Lnet/minecraft/world/level/chunk/LevelChunkSection;} {} {V}
[02May2025 20:50:25.325] [main/DEBUG] [cpw.mods.modlauncher.TransformStore/MODLAUNCHER]: Adding transformer optifine.OptiFineTransformer@6c9320c2 to Target : PRE_CLASS {Lnet/minecraft/world/level/chunk/PalettedContainer$Configuration;} {} {V}
[02May2025 20:50:25.325] [main/DEBUG] [cpw.mods.modlauncher.TransformStore/MODLAUNCHER]: Adding transformer optifine.OptiFineTransformer@6c9320c2 to Target : PRE_CLASS {Lnet/minecraft/Util$2;} {} {V}
[02May2025 20:50:25.325] [main/DEBUG] [cpw.mods.modlauncher.TransformStore/MODLAUNCHER]: Adding transformer optifine.OptiFineTransformer@6c9320c2 to Target : PRE_CLASS {Lnet/minecraft/server/level/ChunkMap;} {} {V}
[02May2025 20:50:25.325] [main/DEBUG] [cpw.mods.modlauncher.TransformStore/MODLAUNCHER]: Adding transformer optifine.OptiFineTransformer@6c9320c2 to Target : PRE_CLASS {Lnet/minecraft/client/renderer/texture/Stitcher;} {} {V}
[02May2025 20:50:25.325] [main/DEBUG] [cpw.mods.modlauncher.TransformStore/MODLAUNCHER]: Adding transformer optifine.OptiFineTransformer@6c9320c2 to Target : PRE_CLASS {Lnet/minecraft/client/renderer/block/ModelBlockRenderer$Cache$2;} {} {V}
[02May2025 20:50:25.326] [main/DEBUG] [cpw.mods.modlauncher.TransformStore/MODLAUNCHER]: Adding transformer optifine.OptiFineTransformer@6c9320c2 to Target : PRE_CLASS {Lnet/minecraft/client/renderer/block/model/ItemOverrides;} {} {V}
[02May2025 20:50:25.326] [main/DEBUG] [cpw.mods.modlauncher.TransformStore/MODLAUNCHER]: Adding transformer optifine.OptiFineTransformer@6c9320c2 to Target : PRE_CLASS {Lnet/minecraft/world/entity/EntityEvent;} {} {V}
[02May2025 20:50:25.326] [main/DEBUG] [cpw.mods.modlauncher.TransformStore/MODLAUNCHER]: Adding transformer optifine.OptiFineTransformer@6c9320c2 to Target : PRE_CLASS {Lcom/mojang/blaze3d/platform/NativeImage$Format;} {} {V}
[02May2025 20:50:25.326] [main/DEBUG] [cpw.mods.modlauncher.TransformStore/MODLAUNCHER]: Adding transformer optifine.OptiFineTransformer@6c9320c2 to Target : PRE_CLASS {Lnet/minecraft/client/renderer/texture/StitcherException;} {} {V}
[02May2025 20:50:25.326] [main/DEBUG] [cpw.mods.modlauncher.TransformStore/MODLAUNCHER]: Adding transformer optifine.OptiFineTransformer@6c9320c2 to Target : PRE_CLASS {Lcom/mojang/blaze3d/vertex/VertexBuffer;} {} {V}
[02May2025 20:50:25.326] [main/DEBUG] [cpw.mods.modlauncher.TransformStore/MODLAUNCHER]: Adding transformer optifine.OptiFineTransformer@6c9320c2 to Target : PRE_CLASS {Lcom/mojang/blaze3d/vertex/VertexMultiConsumer$Double;} {} {V}
[02May2025 20:50:25.326] [main/DEBUG] [cpw.mods.modlauncher.TransformStore/MODLAUNCHER]: Adding transformer optifine.OptiFineTransformer@6c9320c2 to Target : PRE_CLASS {Lcom/mojang/blaze3d/platform/NativeImage$WriteCallback;} {} {V}
[02May2025 20:50:25.326] [main/DEBUG] [cpw.mods.modlauncher.TransformStore/MODLAUNCHER]: Adding transformer optifine.OptiFineTransformer@6c9320c2 to Target : PRE_CLASS {Lnet/minecraft/client/OptionInstance$IntRangeBase;} {} {V}
[02May2025 20:50:25.327] [main/DEBUG] [cpw.mods.modlauncher.TransformStore/MODLAUNCHER]: Adding transformer optifine.OptiFineTransformer@6c9320c2 to Target : PRE_CLASS {Lnet/minecraft/server/level/DistanceManager$ChunkTicketTracker;} {} {V}
[02May2025 20:50:25.327] [main/DEBUG] [cpw.mods.modlauncher.TransformStore/MODLAUNCHER]: Adding transformer optifine.OptiFineTransformer@6c9320c2 to Target : PRE_CLASS {Lnet/minecraft/world/item/DyeColor;} {} {V}
[02May2025 20:50:25.327] [main/DEBUG] [cpw.mods.modlauncher.TransformStore/MODLAUNCHER]: Adding transformer optifine.OptiFineTransformer@6c9320c2 to Target : PRE_CLASS {Lnet/minecraft/server/level/DistanceManager;} {} {V}
[02May2025 20:50:25.330] [main/DEBUG] [cpw.mods.modlauncher.TransformStore/MODLAUNCHER]: Adding transformer optifine.OptiFineTransformer@6c9320c2 to Target : PRE_CLASS {Lnet/minecraft/client/renderer/LevelRenderer$TransparencyShaderException;} {} {V}
[02May2025 20:50:25.330] [main/DEBUG] [cpw.mods.modlauncher.TransformStore/MODLAUNCHER]: Adding transformer optifine.OptiFineTransformer@6c9320c2 to Target : PRE_CLASS {Lnet/minecraft/client/renderer/texture/SpriteLoader;} {} {V}
[02May2025 20:50:25.330] [main/DEBUG] [cpw.mods.modlauncher.TransformStore/MODLAUNCHER]: Adding transformer optifine.OptiFineTransformer@6c9320c2 to Target : PRE_CLASS {Lnet/minecraft/client/renderer/entity/layers/WitherArmorLayer;} {} {V}
[02May2025 20:50:25.330] [main/DEBUG] [cpw.mods.modlauncher.TransformStore/MODLAUNCHER]: Adding transformer optifine.OptiFineTransformer@6c9320c2 to Target : PRE_CLASS {Lnet/minecraft/client/renderer/RenderType$CompositeState;} {} {V}
[02May2025 20:50:25.330] [main/DEBUG] [cpw.mods.modlauncher.TransformStore/MODLAUNCHER]: Adding transformer optifine.OptiFineTransformer@6c9320c2 to Target : PRE_CLASS {Lnet/minecraft/client/renderer/blockentity/SignRenderer;} {} {V}
[02May2025 20:50:25.330] [main/DEBUG] [cpw.mods.modlauncher.TransformStore/MODLAUNCHER]: Adding transformer optifine.OptiFineTransformer@6c9320c2 to Target : PRE_CLASS {Lnet/minecraft/client/Screenshot;} {} {V}
[02May2025 20:50:25.330] [main/DEBUG] [cpw.mods.modlauncher.TransformStore/MODLAUNCHER]: Adding transformer optifine.OptiFineTransformer@6c9320c2 to Target : PRE_CLASS {Lcom/mojang/blaze3d/platform/GlStateManager$ScissorState;} {} {V}
[02May2025 20:50:25.330] [main/DEBUG] [cpw.mods.modlauncher.TransformStore/MODLAUNCHER]: Adding transformer optifine.OptiFineTransformer@6c9320c2 to Target : PRE_CLASS {Lcom/mojang/blaze3d/vertex/BufferBuilder$1;} {} {V}
[02May2025 20:50:25.331] [main/DEBUG] [cpw.mods.modlauncher.TransformStore/MODLAUNCHER]: Adding transformer optifine.OptiFineTransformer@6c9320c2 to Target : PRE_CLASS {Lcom/mojang/blaze3d/platform/GlStateManager$Viewport;} {} {V}
[02May2025 20:50:25.331] [main/DEBUG] [cpw.mods.modlauncher.TransformStore/MODLAUNCHER]: Adding transformer optifine.OptiFineTransformer@6c9320c2 to Target : PRE_CLASS {Lnet/minecraft/client/OptionInstance$UnitDouble$1;} {} {V}
[02May2025 20:50:25.331] [main/DEBUG] [cpw.mods.modlauncher.TransformStore/MODLAUNCHER]: Adding transformer optifine.OptiFineTransformer@6c9320c2 to Target : PRE_CLASS {Lnet/minecraft/client/gui/screens/VideoSettingsScreen;} {} {V}
[02May2025 20:50:25.332] [main/DEBUG] [cpw.mods.modlauncher.TransformStore/MODLAUNCHER]: Adding transformer optifine.OptiFineTransformer@6c9320c2 to Target : PRE_CLASS {Lnet/minecraft/client/renderer/RenderStateShard$DepthTestStateShard;} {} {V}
[02May2025 20:50:25.332] [main/DEBUG] [cpw.mods.modlauncher.TransformStore/MODLAUNCHER]: Adding transformer optifine.OptiFineTransformer@6c9320c2 to Target : PRE_CLASS {Lcom/mojang/blaze3d/vertex/VertexMultiConsumer;} {} {V}
[02May2025 20:50:25.332] [main/DEBUG] [cpw.mods.modlauncher.TransformStore/MODLAUNCHER]: Adding transformer optifine.OptiFineTransformer@6c9320c2 to Target : PRE_CLASS {Lcom/mojang/blaze3d/platform/GLX;} {} {V}
[02May2025 20:50:25.332] [main/DEBUG] [cpw.mods.modlauncher.TransformStore/MODLAUNCHER]: Adding transformer optifine.OptiFineTransformer@6c9320c2 to Target : PRE_CLASS {Lnet/minecraft/client/renderer/entity/MobRenderer;} {} {V}
[02May2025 20:50:25.332] [main/DEBUG] [cpw.mods.modlauncher.TransformStore/MODLAUNCHER]: Adding transformer optifine.OptiFineTransformer@6c9320c2 to Target : PRE_CLASS {Lnet/minecraft/client/renderer/texture/SimpleTexture$TextureImage;} {} {V}
[02May2025 20:50:25.332] [main/DEBUG] [cpw.mods.modlauncher.TransformStore/MODLAUNCHER]: Adding transformer optifine.OptiFineTransformer@6c9320c2 to Target : PRE_CLASS {Lnet/minecraft/client/renderer/blockentity/SkullBlockRenderer;} {} {V}
[02May2025 20:50:25.332] [main/DEBUG] [cpw.mods.modlauncher.TransformStore/MODLAUNCHER]: Adding transformer optifine.OptiFineTransformer@6c9320c2 to Target : PRE_CLASS {Lnet/minecraft/client/renderer/entity/layers/WardenEmissiveLayer;} {} {V}
[02May2025 20:50:25.333] [main/DEBUG] [cpw.mods.modlauncher.TransformStore/MODLAUNCHER]: Adding transformer optifine.OptiFineTransformer@6c9320c2 to Target : PRE_CLASS {Lnet/minecraft/client/renderer/LightTexture;} {} {V}
[02May2025 20:50:25.333] [main/DEBUG] [cpw.mods.modlauncher.TransformStore/MODLAUNCHER]: Adding transformer optifine.OptiFineTransformer@6c9320c2 to Target : PRE_CLASS {Lnet/minecraft/world/item/alchemy/PotionUtils;} {} {V}
[02May2025 20:50:25.333] [main/DEBUG] [cpw.mods.modlauncher.TransformStore/MODLAUNCHER]: Adding transformer optifine.OptiFineTransformer@6c9320c2 to Target : PRE_CLASS {Lcom/mojang/blaze3d/vertex/VertexFormat$IndexType;} {} {V}
[02May2025 20:50:25.337] [main/DEBUG] [cpw.mods.modlauncher.TransformStore/MODLAUNCHER]: Adding transformer optifine.OptiFineTransformer@6c9320c2 to Target : PRE_CLASS {Lnet/minecraft/client/renderer/LevelRenderer;} {} {V}
[02May2025 20:50:25.337] [main/DEBUG] [cpw.mods.modlauncher.TransformStore/MODLAUNCHER]: Adding transformer optifine.OptiFineTransformer@6c9320c2 to Target : PRE_CLASS {Lnet/minecraft/server/packs/PathPackResources;} {} {V}
[02May2025 20:50:25.337] [main/DEBUG] [cpw.mods.modlauncher.TransformStore/MODLAUNCHER]: Adding transformer optifine.OptiFineTransformer@6c9320c2 to Target : PRE_CLASS {Lnet/minecraft/client/resources/model/ModelBakery$LoadedJson;} {} {V}
[02May2025 20:50:25.337] [main/DEBUG] [cpw.mods.modlauncher.TransformStore/MODLAUNCHER]: Adding transformer optifine.OptiFineTransformer@6c9320c2 to Target : PRE_CLASS {Lcom/mojang/blaze3d/vertex/PoseStack$Pose;} {} {V}
[02May2025 20:50:25.337] [main/DEBUG] [cpw.mods.modlauncher.TransformStore/MODLAUNCHER]: Adding transformer optifine.OptiFineTransformer@6c9320c2 to Target : PRE_CLASS {Lnet/minecraft/client/gui/screens/LoadingOverlay$LogoTexture;} {} {V}
[02May2025 20:50:25.337] [main/DEBUG] [cpw.mods.modlauncher.TransformStore/MODLAUNCHER]: Adding transformer optifine.OptiFineTransformer@6c9320c2 to Target : PRE_CLASS {Lnet/minecraft/client/renderer/FogRenderer$FogMode;} {} {V}
[02May2025 20:50:25.337] [main/DEBUG] [cpw.mods.modlauncher.TransformStore/MODLAUNCHER]: Adding transformer optifine.OptiFineTransformer@6c9320c2 to Target : PRE_CLASS {Lnet/minecraft/client/renderer/block/ModelBlockRenderer$AdjacencyInfo;} {} {V}
[02May2025 20:50:25.338] [main/DEBUG] [cpw.mods.modlauncher.TransformStore/MODLAUNCHER]: Adding transformer optifine.OptiFineTransformer@6c9320c2 to Target : PRE_CLASS {Lnet/minecraft/client/renderer/entity/layers/ParrotOnShoulderLayer;} {} {V}
[02May2025 20:50:25.338] [main/DEBUG] [cpw.mods.modlauncher.TransformStore/MODLAUNCHER]: Adding transformer optifine.OptiFineTransformer@6c9320c2 to Target : PRE_CLASS {Lcom/mojang/blaze3d/platform/GlStateManager$TextureState;} {} {V}
[02May2025 20:50:25.338] [main/DEBUG] [cpw.mods.modlauncher.TransformStore/MODLAUNCHER]: Adding transformer optifine.OptiFineTransformer@6c9320c2 to Target : PRE_CLASS {Lnet/minecraft/client/renderer/texture/Stitcher$SpriteLoader;} {} {V}
[02May2025 20:50:25.338] [main/DEBUG] [cpw.mods.modlauncher.TransformStore/MODLAUNCHER]: Adding transformer optifine.OptiFineTransformer@6c9320c2 to Target : PRE_CLASS {Lnet/minecraft/resources/ResourceLocation$Serializer;} {} {V}
[02May2025 20:50:25.338] [main/DEBUG] [cpw.mods.modlauncher.TransformStore/MODLAUNCHER]: Adding transformer optifine.OptiFineTransformer@6c9320c2 to Target : PRE_CLASS {Lcom/mojang/blaze3d/platform/GlStateManager$DestFactor;} {} {V}
[02May2025 20:50:25.338] [main/DEBUG] [cpw.mods.modlauncher.TransformStore/MODLAUNCHER]: Adding transformer optifine.OptiFineTransformer@6c9320c2 to Target : PRE_CLASS {Lnet/minecraft/client/OptionInstance$AltEnum;} {} {V}
[02May2025 20:50:25.338] [main/DEBUG] [cpw.mods.modlauncher.TransformStore/MODLAUNCHER]: Adding transformer optifine.OptiFineTransformer@6c9320c2 to Target : PRE_CLASS {Lnet/minecraft/world/level/chunk/PalettedContainer$Strategy;} {} {V}
[02May2025 20:50:25.338] [main/DEBUG] [cpw.mods.modlauncher.TransformStore/MODLAUNCHER]: Adding transformer optifine.OptiFineTransformer@6c9320c2 to Target : PRE_CLASS {Lnet/minecraft/client/renderer/texture/MissingTextureAtlasSprite;} {} {V}
[02May2025 20:50:25.338] [main/DEBUG] [cpw.mods.modlauncher.TransformStore/MODLAUNCHER]: Adding transformer optifine.OptiFineTransformer@6c9320c2 to Target : PRE_CLASS {Lnet/minecraft/client/renderer/GameRenderer$ResourceCache;} {} {V}
[02May2025 20:50:25.338] [main/DEBUG] [cpw.mods.modlauncher.TransformStore/MODLAUNCHER]: Adding transformer optifine.OptiFineTransformer@6c9320c2 to Target : PRE_CLASS {Lnet/minecraft/client/multiplayer/ClientLevel;} {} {V}
[02May2025 20:50:25.338] [main/DEBUG] [cpw.mods.modlauncher.TransformStore/MODLAUNCHER]: Adding transformer optifine.OptiFineTransformer@6c9320c2 to Target : PRE_CLASS {Lcom/mojang/blaze3d/shaders/Program$Type;} {} {V}
[02May2025 20:50:25.338] [main/DEBUG] [cpw.mods.modlauncher.TransformStore/MODLAUNCHER]: Adding transformer optifine.OptiFineTransformer@6c9320c2 to Target : PRE_CLASS {Lcom/mojang/blaze3d/platform/GlStateManager$StencilFunc;} {} {V}
[02May2025 20:50:25.339] [main/DEBUG] [cpw.mods.modlauncher.TransformStore/MODLAUNCHER]: Adding transformer optifine.OptiFineTransformer@6c9320c2 to Target : PRE_CLASS {Lnet/minecraft/client/renderer/LevelRenderer$RenderChunkInfo;} {} {V}
[02May2025 20:50:25.339] [main/DEBUG] [cpw.mods.modlauncher.TransformStore/MODLAUNCHER]: Adding transformer optifine.OptiFineTransformer@6c9320c2 to Target : PRE_CLASS {Lnet/minecraft/server/level/ChunkMap$1;} {} {V}
[02May2025 20:50:25.339] [main/DEBUG] [cpw.mods.modlauncher.TransformStore/MODLAUNCHER]: Adding transformer optifine.OptiFineTransformer@6c9320c2 to Target : PRE_CLASS {Lnet/minecraft/client/gui/screens/ReceivingLevelScreen;} {} {V}
[02May2025 20:50:25.339] [main/DEBUG] [cpw.mods.modlauncher.TransformStore/MODLAUNCHER]: Adding transformer optifine.OptiFineTransformer@6c9320c2 to Target : PRE_CLASS {Lnet/minecraft/client/ClientBrandRetriever;} {} {V}
[02May2025 20:50:25.343] [main/DEBUG] [cpw.mods.modlauncher.TransformStore/MODLAUNCHER]: Adding transformer optifine.OptiFineTransformer@6c9320c2 to Target : PRE_CLASS {Lnet/minecraft/client/renderer/RenderStateShard$BooleanStateShard;} {} {V}
[02May2025 20:50:25.343] [main/DEBUG] [cpw.mods.modlauncher.TransformStore/MODLAUNCHER]: Adding transformer optifine.OptiFineTransformer@6c9320c2 to Target : PRE_CLASS {Lnet/minecraft/client/gui/components/BossHealthOverlay;} {} {V}
[02May2025 20:50:25.343] [main/DEBUG] [cpw.mods.modlauncher.TransformStore/MODLAUNCHER]: Adding transformer optifine.OptiFineTransformer@6c9320c2 to Target : PRE_CLASS {Lnet/minecraft/client/renderer/texture/Stitcher$Region;} {} {V}
[02May2025 20:50:25.343] [main/DEBUG] [cpw.mods.modlauncher.TransformStore/MODLAUNCHER]: Adding transformer optifine.OptiFineTransformer@6c9320c2 to Target : PRE_CLASS {Lcom/mojang/blaze3d/vertex/VertexFormatElement;} {} {V}
[02May2025 20:50:25.343] [main/DEBUG] [cpw.mods.modlauncher.TransformStore/MODLAUNCHER]: Adding transformer optifine.OptiFineTransformer@6c9320c2 to Target : PRE_CLASS {Lnet/minecraft/client/gui/Font;} {} {V}
[02May2025 20:50:25.343] [main/DEBUG] [cpw.mods.modlauncher.TransformStore/MODLAUNCHER]: Adding transformer optifine.OptiFineTransformer@6c9320c2 to Target : PRE_CLASS {Lnet/minecraft/world/level/material/MapColor;} {} {V}
[02May2025 20:50:25.343] [main/DEBUG] [cpw.mods.modlauncher.TransformStore/MODLAUNCHER]: Adding transformer optifine.OptiFineTransformer@6c9320c2 to Target : PRE_CLASS {Lnet/minecraft/client/Options;} {} {V}
[02May2025 20:50:25.344] [main/DEBUG] [cpw.mods.modlauncher.TransformStore/MODLAUNCHER]: Adding transformer optifine.OptiFineTransformer@6c9320c2 to Target : PRE_CLASS {Lnet/minecraft/core/Direction$Axis$3;} {} {V}
[02May2025 20:50:25.344] [main/DEBUG] [cpw.mods.modlauncher.TransformStore/MODLAUNCHER]: Adding transformer optifine.OptiFineTransformer@6c9320c2 to Target : PRE_CLASS {Lnet/minecraft/client/renderer/entity/layers/WolfCollarLayer;} {} {V}
[02May2025 20:50:25.344] [main/DEBUG] [cpw.mods.modlauncher.TransformStore/MODLAUNCHER]: Adding transformer optifine.OptiFineTransformer@6c9320c2 to Target : PRE_CLASS {Lnet/minecraft/client/renderer/debug/ChunkBorderRenderer;} {} {V}
[02May2025 20:50:25.344] [main/DEBUG] [cpw.mods.modlauncher.TransformStore/MODLAUNCHER]: Adding transformer optifine.OptiFineTransformer@6c9320c2 to Target : PRE_CLASS {Lnet/minecraft/client/renderer/texture/Stitcher$Entry;} {} {V}
[02May2025 20:50:25.344] [main/DEBUG] [cpw.mods.modlauncher.TransformStore/MODLAUNCHER]: Adding transformer optifine.OptiFineTransformer@6c9320c2 to Target : PRE_CLASS {Lnet/minecraft/client/resources/metadata/animation/AnimationMetadataSection$FrameOutput;} {} {V}
[02May2025 20:50:25.344] [main/DEBUG] [cpw.mods.modlauncher.TransformStore/MODLAUNCHER]: Adding transformer optifine.OptiFineTransformer@6c9320c2 to Target : PRE_CLASS {Lnet/minecraft/client/renderer/texture/atlas/SpriteResourceLoader$1;} {} {V}
[02May2025 20:50:25.344] [main/DEBUG] [cpw.mods.modlauncher.TransformStore/MODLAUNCHER]: Adding transformer optifine.OptiFineTransformer@6c9320c2 to Target : PRE_CLASS {Lnet/minecraft/client/renderer/entity/layers/ElytraLayer;} {} {V}
[02May2025 20:50:25.344] [main/DEBUG] [cpw.mods.modlauncher.TransformStore/MODLAUNCHER]: Adding transformer optifine.OptiFineTransformer@6c9320c2 to Target : PRE_CLASS {Lnet/minecraft/client/renderer/texture/DynamicTexture;} {} {V}
[02May2025 20:50:25.344] [main/DEBUG] [cpw.mods.modlauncher.TransformStore/MODLAUNCHER]: Adding transformer optifine.OptiFineTransformer@6c9320c2 to Target : PRE_CLASS {Lnet/minecraft/client/renderer/chunk/RenderRegionCache;} {} {V}
[02May2025 20:50:25.344] [main/DEBUG] [cpw.mods.modlauncher.TransformStore/MODLAUNCHER]: Adding transformer optifine.OptiFineTransformer@6c9320c2 to Target : PRE_CLASS {Lnet/minecraft/client/gui/components/ChatComponent$DelayedMessageDeletion;} {} {V}
[02May2025 20:50:25.344] [main/DEBUG] [cpw.mods.modlauncher.TransformStore/MODLAUNCHER]: Adding transformer optifine.OptiFineTransformer@6c9320c2 to Target : PRE_CLASS {Lnet/minecraft/client/resources/model/WeightedBakedModel$Builder;} {} {V}
[02May2025 20:50:25.345] [main/DEBUG] [cpw.mods.modlauncher.TransformStore/MODLAUNCHER]: Adding transformer optifine.OptiFineTransformer@6c9320c2 to Target : PRE_CLASS {Lnet/minecraft/client/model/geom/ModelPart$Polygon;} {} {V}
[02May2025 20:50:25.350] [main/DEBUG] [cpw.mods.modlauncher.TransformStore/MODLAUNCHER]: Adding transformer optifine.OptiFineTransformer@6c9320c2 to Target : PRE_CLASS {Lcom/mojang/blaze3d/platform/GlStateManager$ColorLogicState;} {} {V}
[02May2025 20:50:25.350] [main/DEBUG] [cpw.mods.modlauncher.TransformStore/MODLAUNCHER]: Adding transformer optifine.OptiFineTransformer@6c9320c2 to Target : PRE_CLASS {Lnet/minecraft/world/level/entity/EntitySection;} {} {V}
[02May2025 20:50:25.350] [main/DEBUG] [cpw.mods.modlauncher.TransformStore/MODLAUNCHER]: Adding transformer optifine.OptiFineTransformer@6c9320c2 to Target : PRE_CLASS {Lnet/minecraft/Util$OS$2;} {} {V}
[02May2025 20:50:25.350] [main/DEBUG] [cpw.mods.modlauncher.TransformStore/MODLAUNCHER]: Adding transformer optifine.OptiFineTransformer@6c9320c2 to Target : PRE_CLASS {Lnet/minecraft/Util$6;} {} {V}
[02May2025 20:50:25.350] [main/DEBUG] [cpw.mods.modlauncher.TransformStore/MODLAUNCHER]: Adding transformer optifine.OptiFineTransformer@6c9320c2 to Target : PRE_CLASS {Lnet/minecraft/util/CubicSampler;} {} {V}
[02May2025 20:50:25.350] [main/DEBUG] [cpw.mods.modlauncher.TransformStore/MODLAUNCHER]: Adding transformer optifine.OptiFineTransformer@6c9320c2 to Target : PRE_CLASS {Lnet/minecraft/server/level/ChunkMap$TrackedEntity;} {} {V}
[02May2025 20:50:25.350] [main/DEBUG] [cpw.mods.modlauncher.TransformStore/MODLAUNCHER]: Adding transformer optifine.OptiFineTransformer@6c9320c2 to Target : PRE_CLASS {Lnet/minecraft/util/Mth;} {} {V}
[02May2025 20:50:25.350] [main/DEBUG] [cpw.mods.modlauncher.TransformStore/MODLAUNCHER]: Adding transformer optifine.OptiFineTransformer@6c9320c2 to Target : PRE_CLASS {Lnet/minecraft/client/particle/ParticleEngine$MutableSpriteSet;} {} {V}
[02May2025 20:50:25.351] [main/DEBUG] [cpw.mods.modlauncher.TransformStore/MODLAUNCHER]: Adding transformer optifine.OptiFineTransformer@6c9320c2 to Target : PRE_CLASS {Lnet/minecraft/client/renderer/entity/EnderDragonRenderer;} {} {V}
[02May2025 20:50:25.351] [main/DEBUG] [cpw.mods.modlauncher.TransformStore/MODLAUNCHER]: Adding transformer optifine.OptiFineTransformer@6c9320c2 to Target : PRE_CLASS {Lnet/minecraft/client/OptionInstance$OptionInstanceSliderButton;} {} {V}
[02May2025 20:50:25.351] [main/DEBUG] [cpw.mods.modlauncher.TransformStore/MODLAUNCHER]: Adding transformer optifine.OptiFineTransformer@6c9320c2 to Target : PRE_CLASS {Lcom/mojang/blaze3d/platform/Window;} {} {V}
[02May2025 20:50:25.351] [main/DEBUG] [cpw.mods.modlauncher.TransformStore/MODLAUNCHER]: Adding transformer optifine.OptiFineTransformer@6c9320c2 to Target : PRE_CLASS {Lnet/minecraft/core/Direction$Axis$2;} {} {V}
[02May2025 20:50:25.351] [main/DEBUG] [cpw.mods.modlauncher.TransformStore/MODLAUNCHER]: Adding transformer optifine.OptiFineTransformer@6c9320c2 to Target : PRE_CLASS {Lnet/minecraft/Util$OS;} {} {V}
[02May2025 20:50:25.351] [main/DEBUG] [cpw.mods.modlauncher.TransformStore/MODLAUNCHER]: Adding transformer optifine.OptiFineTransformer@6c9320c2 to Target : PRE_CLASS {Lnet/minecraft/client/renderer/RenderStateShard;} {} {V}
[02May2025 20:50:25.351] [main/DEBUG] [cpw.mods.modlauncher.TransformStore/MODLAUNCHER]: Adding transformer optifine.OptiFineTransformer@6c9320c2 to Target : PRE_CLASS {Lnet/minecraft/client/renderer/texture/Stitcher$Holder;} {} {V}
[02May2025 20:50:25.351] [main/DEBUG] [cpw.mods.modlauncher.TransformStore/MODLAUNCHER]: Adding transformer optifine.OptiFineTransformer@6c9320c2 to Target : PRE_CLASS {Lnet/minecraft/client/renderer/entity/layers/HumanoidArmorLayer;} {} {V}
[02May2025 20:50:25.351] [main/DEBUG] [cpw.mods.modlauncher.TransformStore/MODLAUNCHER]: Adding transformer optifine.OptiFineTransformer@6c9320c2 to Target : PRE_CLASS {Lnet/minecraft/client/model/geom/ModelPart$Cube;} {} {V}
[02May2025 20:50:25.351] [main/DEBUG] [cpw.mods.modlauncher.TransformStore/MODLAUNCHER]: Adding transformer optifine.OptiFineTransformer@6c9320c2 to Target : PRE_CLASS {Lnet/minecraft/client/renderer/RenderStateShard$LayeringStateShard;} {} {V}
[02May2025 20:50:25.351] [main/DEBUG] [cpw.mods.modlauncher.TransformStore/MODLAUNCHER]: Adding transformer optifine.OptiFineTransformer@6c9320c2 to Target : PRE_CLASS {Lnet/minecraft/world/level/ChunkPos$1;} {} {V}
[02May2025 20:50:25.352] [main/DEBUG] [cpw.mods.modlauncher.TransformStore/MODLAUNCHER]: Adding transformer optifine.OptiFineTransformer@6c9320c2 to Target : PRE_CLASS {Lnet/minecraft/client/Camera$NearPlane;} {} {V}
[02May2025 20:50:25.352] [main/DEBUG] [cpw.mods.modlauncher.TransformStore/MODLAUNCHER]: Adding transformer optifine.OptiFineTransformer@6c9320c2 to Target : PRE_CLASS {Lnet/minecraft/world/item/ItemUtils;} {} {V}
[02May2025 20:50:25.352] [main/DEBUG] [cpw.mods.modlauncher.TransformStore/MODLAUNCHER]: Adding transformer optifine.OptiFineTransformer@6c9320c2 to Target : PRE_CLASS {Lcom/mojang/blaze3d/platform/Monitor;} {} {V}
[02May2025 20:50:25.356] [main/DEBUG] [cpw.mods.modlauncher.TransformStore/MODLAUNCHER]: Adding transformer optifine.OptiFineTransformer@6c9320c2 to Target : PRE_CLASS {Lnet/minecraft/client/renderer/block/model/ItemOverrides$PropertyMatcher;} {} {V}
[02May2025 20:50:25.356] [main/DEBUG] [cpw.mods.modlauncher.TransformStore/MODLAUNCHER]: Adding transformer optifine.OptiFineTransformer@6c9320c2 to Target : PRE_CLASS {Lnet/minecraft/client/renderer/chunk/ChunkRenderDispatcher$RenderChunk$ChunkCompileTask;} {} {V}
[02May2025 20:50:25.356] [main/DEBUG] [cpw.mods.modlauncher.TransformStore/MODLAUNCHER]: Adding transformer optifine.OptiFineTransformer@6c9320c2 to Target : PRE_CLASS {Lnet/minecraft/util/profiling/ActiveProfiler$PathEntry;} {} {V}
[02May2025 20:50:25.356] [main/DEBUG] [cpw.mods.modlauncher.TransformStore/MODLAUNCHER]: Adding transformer optifine.OptiFineTransformer@6c9320c2 to Target : PRE_CLASS {Lcom/mojang/blaze3d/systems/RenderSystem;} {} {V}
[02May2025 20:50:25.356] [main/DEBUG] [cpw.mods.modlauncher.TransformStore/MODLAUNCHER]: Adding transformer optifine.OptiFineTransformer@6c9320c2 to Target : PRE_CLASS {Lnet/minecraft/client/OptionInstance$TooltipSupplier;} {} {V}
[02May2025 20:50:25.356] [main/DEBUG] [cpw.mods.modlauncher.TransformStore/MODLAUNCHER]: Adding transformer optifine.OptiFineTransformer@6c9320c2 to Target : PRE_CLASS {Lnet/minecraft/world/level/chunk/PalettedContainer$CountConsumer;} {} {V}
[02May2025 20:50:25.356] [main/DEBUG] [cpw.mods.modlauncher.TransformStore/MODLAUNCHER]: Adding transformer optifine.OptiFineTransformer@6c9320c2 to Target : PRE_CLASS {Lnet/minecraft/network/protocol/PacketUtils;} {} {V}
[02May2025 20:50:25.357] [main/DEBUG] [cpw.mods.modlauncher.TransformStore/MODLAUNCHER]: Adding transformer optifine.OptiFineTransformer@6c9320c2 to Target : PRE_CLASS {Lnet/minecraft/client/OptionInstance;} {} {V}
[02May2025 20:50:25.357] [main/DEBUG] [cpw.mods.modlauncher.TransformStore/MODLAUNCHER]: Adding transformer optifine.OptiFineTransformer@6c9320c2 to Target : PRE_CLASS {Lnet/minecraft/client/renderer/chunk/ChunkRenderDispatcher$CompiledChunk$1;} {} {V}
[02May2025 20:50:25.357] [main/DEBUG] [cpw.mods.modlauncher.TransformStore/MODLAUNCHER]: Adding transformer optifine.OptiFineTransformer@6c9320c2 to Target : PRE_CLASS {Lnet/minecraft/client/renderer/texture/SpriteContents$AnimatedTexture;} {} {V}
[02May2025 20:50:25.357] [main/DEBUG] [cpw.mods.modlauncher.TransformStore/MODLAUNCHER]: Adding transformer optifine.OptiFineTransformer@6c9320c2 to Target : PRE_CLASS {Lnet/minecraft/client/server/IntegratedServer;} {} {V}
[02May2025 20:50:25.357] [main/DEBUG] [cpw.mods.modlauncher.TransformStore/MODLAUNCHER]: Adding transformer optifine.OptiFineTransformer@6c9320c2 to Target : PRE_CLASS {Lnet/minecraft/world/level/block/state/properties/Property;} {} {V}
[02May2025 20:50:25.357] [main/DEBUG] [cpw.mods.modlauncher.TransformStore/MODLAUNCHER]: Adding transformer optifine.OptiFineTransformer@6c9320c2 to Target : PRE_CLASS {Lnet/minecraft/client/Options$FieldAccess;} {} {V}
[02May2025 20:50:25.357] [main/DEBUG] [cpw.mods.modlauncher.TransformStore/MODLAUNCHER]: Adding transformer optifine.OptiFineTransformer@6c9320c2 to Target : PRE_CLASS {Lnet/minecraft/client/resources/model/ModelBakery$ModelBakerImpl;} {} {V}
[02May2025 20:50:25.357] [main/DEBUG] [cpw.mods.modlauncher.TransformStore/MODLAUNCHER]: Adding transformer optifine.OptiFineTransformer@6c9320c2 to Target : PRE_CLASS {Lnet/minecraft/client/OptionInstance$SliderableValueSet;} {} {V}
[02May2025 20:50:25.357] [main/DEBUG] [cpw.mods.modlauncher.TransformStore/MODLAUNCHER]: Adding transformer optifine.OptiFineTransformer@6c9320c2 to Target : PRE_CLASS {Lcom/mojang/blaze3d/platform/NativeImage$InternalGlFormat;} {} {V}
[02May2025 20:50:25.357] [main/DEBUG] [cpw.mods.modlauncher.TransformStore/MODLAUNCHER]: Adding transformer optifine.OptiFineTransformer@6c9320c2 to Target : PRE_CLASS {Lnet/minecraft/client/gui/components/DebugScreenOverlay$AllocationRateCalculator;} {} {V}
[02May2025 20:50:25.357] [main/DEBUG] [cpw.mods.modlauncher.TransformStore/MODLAUNCHER]: Adding transformer optifine.OptiFineTransformer@6c9320c2 to Target : PRE_CLASS {Lnet/minecraft/client/renderer/block/ModelBlockRenderer$AmbientOcclusionFace;} {} {V}
[02May2025 20:50:25.358] [main/DEBUG] [cpw.mods.modlauncher.TransformStore/MODLAUNCHER]: Adding transformer optifine.OptiFineTransformer@6c9320c2 to Target : PRE_CLASS {Lnet/minecraft/client/resources/model/ModelBakery;} {} {V}
[02May2025 20:50:25.358] [main/DEBUG] [cpw.mods.modlauncher.TransformStore/MODLAUNCHER]: Adding transformer optifine.OptiFineTransformer@6c9320c2 to Target : PRE_CLASS {Lnet/minecraft/core/Direction$Axis;} {} {V}
[02May2025 20:50:25.358] [main/DEBUG] [cpw.mods.modlauncher.TransformStore/MODLAUNCHER]: Adding transformer optifine.OptiFineTransformer@6c9320c2 to Target : PRE_CLASS {Lnet/minecraft/client/gui/screens/OnlineOptionsScreen;} {} {V}
[02May2025 20:50:25.358] [main/DEBUG] [cpw.mods.modlauncher.TransformStore/MODLAUNCHER]: Adding transformer optifine.OptiFineTransformer@6c9320c2 to Target : PRE_CLASS {Lcom/mojang/blaze3d/systems/RenderSystem$AutoStorageIndexBuffer;} {} {V}
[02May2025 20:50:25.364] [main/DEBUG] [cpw.mods.modlauncher.TransformStore/MODLAUNCHER]: Adding transformer optifine.OptiFineTransformer@6c9320c2 to Target : PRE_CLASS {Lnet/minecraft/client/gui/components/CycleButton$ValueListSupplier$2;} {} {V}
[02May2025 20:50:25.364] [main/DEBUG] [cpw.mods.modlauncher.TransformStore/MODLAUNCHER]: Adding transformer optifine.OptiFineTransformer@6c9320c2 to Target : PRE_CLASS {Lnet/minecraft/client/gui/Gui$HeartType;} {} {V}
[02May2025 20:50:25.364] [main/DEBUG] [cpw.mods.modlauncher.TransformStore/MODLAUNCHER]: Adding transformer optifine.OptiFineTransformer@6c9320c2 to Target : PRE_CLASS {Lnet/minecraft/client/renderer/ScreenEffectRenderer;} {} {V}
[02May2025 20:50:25.364] [main/DEBUG] [cpw.mods.modlauncher.TransformStore/MODLAUNCHER]: Adding transformer optifine.OptiFineTransformer@6c9320c2 to Target : PRE_CLASS {Lnet/minecraft/client/renderer/entity/layers/EyesLayer;} {} {V}
[02May2025 20:50:25.364] [main/DEBUG] [cpw.mods.modlauncher.TransformStore/MODLAUNCHER]: Adding transformer optifine.OptiFineTransformer@6c9320c2 to Target : PRE_CLASS {Lnet/minecraft/client/gui/Gui;} {} {V}
[02May2025 20:50:25.364] [main/DEBUG] [cpw.mods.modlauncher.TransformStore/MODLAUNCHER]: Adding transformer optifine.OptiFineTransformer@6c9320c2 to Target : PRE_CLASS {Lnet/minecraft/client/resources/metadata/animation/AnimationMetadataSection;} {} {V}
[02May2025 20:50:25.364] [main/DEBUG] [cpw.mods.modlauncher.TransformStore/MODLAUNCHER]: Adding transformer optifine.OptiFineTransformer@6c9320c2 to Target : PRE_CLASS {Lnet/minecraft/client/OptionInstance$LazyEnum;} {} {V}
[02May2025 20:50:25.365] [main/DEBUG] [cpw.mods.modlauncher.TransformStore/MODLAUNCHER]: Adding transformer optifine.OptiFineTransformer@6c9320c2 to Target : PRE_CLASS {Lnet/minecraft/client/OptionInstance$SliderableOrCyclableValueSet;} {} {V}
[02May2025 20:50:25.365] [main/DEBUG] [cpw.mods.modlauncher.TransformStore/MODLAUNCHER]: Adding transformer optifine.OptiFineTransformer@6c9320c2 to Target : PRE_CLASS {Lcom/mojang/blaze3d/vertex/DefaultVertexFormat;} {} {V}
[02May2025 20:50:25.365] [main/DEBUG] [cpw.mods.modlauncher.TransformStore/MODLAUNCHER]: Adding transformer optifine.OptiFineTransformer@6c9320c2 to Target : PRE_CLASS {Lnet/minecraft/client/renderer/texture/SpriteContents$Ticker;} {} {V}
[02May2025 20:50:25.365] [main/DEBUG] [cpw.mods.modlauncher.TransformStore/MODLAUNCHER]: Adding transformer optifine.OptiFineTransformer@6c9320c2 to Target : PRE_CLASS {Lnet/minecraft/client/particle/Particle;} {} {V}
[02May2025 20:50:25.365] [main/DEBUG] [cpw.mods.modlauncher.TransformStore/MODLAUNCHER]: Adding transformer optifine.OptiFineTransformer@6c9320c2 to Target : PRE_CLASS {Lnet/minecraft/server/level/DistanceManager$FixedPlayerDistanceChunkTracker;} {} {V}
[02May2025 20:50:25.365] [main/DEBUG] [cpw.mods.modlauncher.TransformStore/MODLAUNCHER]: Adding transformer optifine.OptiFineTransformer@6c9320c2 to Target : PRE_CLASS {Lnet/minecraft/client/renderer/texture/TextureAtlas;} {} {V}
[02May2025 20:50:25.365] [main/DEBUG] [cpw.mods.modlauncher.TransformStore/MODLAUNCHER]: Adding transformer optifine.OptiFineTransformer@6c9320c2 to Target : PRE_CLASS {Lcom/mojang/blaze3d/platform/GlStateManager$PolygonOffsetState;} {} {V}
[02May2025 20:50:25.365] [main/DEBUG] [cpw.mods.modlauncher.TransformStore/MODLAUNCHER]: Adding transformer optifine.OptiFineTransformer@6c9320c2 to Target : PRE_CLASS {Lnet/minecraft/client/GuiMessage;} {} {V}
[02May2025 20:50:25.365] [main/DEBUG] [cpw.mods.modlauncher.TransformStore/MODLAUNCHER]: Adding transformer optifine.OptiFineTransformer@6c9320c2 to Target : PRE_CLASS {Lnet/minecraft/client/gui/font/FontSet$GlyphInfoFilter;} {} {V}
[02May2025 20:50:25.365] [main/DEBUG] [cpw.mods.modlauncher.TransformStore/MODLAUNCHER]: Adding transformer optifine.OptiFineTransformer@6c9320c2 to Target : PRE_CLASS {Lnet/minecraft/client/renderer/culling/Frustum;} {} {V}
[02May2025 20:50:25.365] [main/DEBUG] [cpw.mods.modlauncher.TransformStore/MODLAUNCHER]: Adding transformer optifine.OptiFineTransformer@6c9320c2 to Target : PRE_CLASS {Lnet/minecraft/client/renderer/entity/EntityRenderer;} {} {V}
[02May2025 20:50:25.366] [main/DEBUG] [cpw.mods.modlauncher.TransformStore/MODLAUNCHER]: Adding transformer optifine.OptiFineTransformer@6c9320c2 to Target : PRE_CLASS {Lnet/minecraft/util/SimpleBitStorage;} {} {V}
[02May2025 20:50:25.366] [main/DEBUG] [cpw.mods.modlauncher.TransformStore/MODLAUNCHER]: Adding transformer optifine.OptiFineTransformer@6c9320c2 to Target : PRE_CLASS {Lnet/minecraft/client/renderer/RenderStateShard$LineStateShard;} {} {V}
[02May2025 20:50:25.366] [main/DEBUG] [cpw.mods.modlauncher.TransformStore/MODLAUNCHER]: Adding transformer optifine.OptiFineTransformer@6c9320c2 to Target : PRE_CLASS {Lnet/minecraft/client/renderer/FogRenderer$BlindnessFogFunction;} {} {V}
[02May2025 20:50:25.373] [main/DEBUG] [cpw.mods.modlauncher.TransformationServiceDecorator/MODLAUNCHER]: Initialized transformers for transformation service OptiFine
[02May2025 20:50:25.373] [main/DEBUG] [cpw.mods.modlauncher.TransformationServiceDecorator/MODLAUNCHER]: Initializing transformers for transformation service fml
[02May2025 20:50:25.373] [main/DEBUG] [net.minecraftforge.fml.loading.FMLServiceProvider/CORE]: Loading coremod transformers
[02May2025 20:50:25.374] [main/DEBUG] [net.minecraftforge.coremod.CoreModEngine/COREMOD]: Loading CoreMod from coremods/field_to_method.js
[02May2025 20:50:25.836] [main/DEBUG] [net.minecraftforge.coremod.CoreModEngine/COREMOD]: CoreMod loaded successfully
[02May2025 20:50:25.839] [main/DEBUG] [net.minecraftforge.coremod.CoreModEngine/COREMOD]: Loading CoreMod from coremods/field_to_instanceof.js
[02May2025 20:50:25.977] [main/DEBUG] [net.minecraftforge.coremod.CoreModEngine/COREMOD]: CoreMod loaded successfully
[02May2025 20:50:25.977] [main/DEBUG] [net.minecraftforge.coremod.CoreModEngine/COREMOD]: Loading CoreMod from coremods/add_bouncer_method.js
[02May2025 20:50:26.065] [main/DEBUG] [net.minecraftforge.coremod.CoreModEngine/COREMOD]: CoreMod loaded successfully
[02May2025 20:50:26.066] [main/DEBUG] [net.minecraftforge.coremod.CoreModEngine/COREMOD]: Loading CoreMod from coremods/method_redirector.js
[02May2025 20:50:26.241] [main/DEBUG] [net.minecraftforge.coremod.CoreModEngine/COREMOD]: CoreMod loaded successfully
[02May2025 20:50:26.272] [main/DEBUG] [cpw.mods.modlauncher.TransformStore/MODLAUNCHER]: Adding transformer net.minecraftforge.coremod.transformer.CoreModClassTransformer@7bd96822 to Target : CLASS {Lnet/minecraft/world/level/biome/Biome;} {} {V}
[02May2025 20:50:26.272] [main/DEBUG] [cpw.mods.modlauncher.TransformStore/MODLAUNCHER]: Adding transformer net.minecraftforge.coremod.transformer.CoreModClassTransformer@64dae3b7 to Target : CLASS {Lnet/minecraft/world/level/levelgen/structure/Structure;} {} {V}
[02May2025 20:50:26.272] [main/DEBUG] [cpw.mods.modlauncher.TransformStore/MODLAUNCHER]: Adding transformer net.minecraftforge.coremod.transformer.CoreModClassTransformer@1fedf0a4 to Target : CLASS {Lnet/minecraft/world/effect/MobEffectInstance;} {} {V}
[02May2025 20:50:26.272] [main/DEBUG] [cpw.mods.modlauncher.TransformStore/MODLAUNCHER]: Adding transformer net.minecraftforge.coremod.transformer.CoreModClassTransformer@1e4c6583 to Target : CLASS {Lnet/minecraft/world/level/block/LiquidBlock;} {} {V}
[02May2025 20:50:26.272] [main/DEBUG] [cpw.mods.modlauncher.TransformStore/MODLAUNCHER]: Adding transformer net.minecraftforge.coremod.transformer.CoreModClassTransformer@2ee48610 to Target : CLASS {Lnet/minecraft/world/item/BucketItem;} {} {V}
[02May2025 20:50:26.272] [main/DEBUG] [cpw.mods.modlauncher.TransformStore/MODLAUNCHER]: Adding transformer net.minecraftforge.coremod.transformer.CoreModClassTransformer@1d901f20 to Target : CLASS {Lnet/minecraft/world/level/block/StairBlock;} {} {V}
[02May2025 20:50:26.272] [main/DEBUG] [cpw.mods.modlauncher.TransformStore/MODLAUNCHER]: Adding transformer net.minecraftforge.coremod.transformer.CoreModClassTransformer@6d08b4e6 to Target : CLASS {Lnet/minecraft/world/level/block/FlowerPotBlock;} {} {V}
[02May2025 20:50:26.273] [main/DEBUG] [cpw.mods.modlauncher.TransformStore/MODLAUNCHER]: Adding transformer net.minecraftforge.coremod.transformer.CoreModClassTransformer@1015a4b9 to Target : CLASS {Lnet/minecraft/world/item/ItemStack;} {} {V}
[02May2025 20:50:26.273] [main/DEBUG] [cpw.mods.modlauncher.TransformStore/MODLAUNCHER]: Adding transformer net.minecraftforge.coremod.transformer.CoreModClassTransformer@1acb74ad to Target : CLASS {Lnet/minecraft/network/play/client/CClientSettingsPacket;} {} {V}
[02May2025 20:50:26.278] [main/DEBUG] [cpw.mods.modlauncher.TransformStore/MODLAUNCHER]: Adding transformer net.minecraftforge.coremod.transformer.CoreModClassTransformer@7bf01cb to Target : CLASS {Lnet/minecraft/server/commands/SummonCommand;} {} {V}
[02May2025 20:50:26.278] [main/DEBUG] [cpw.mods.modlauncher.TransformStore/MODLAUNCHER]: Adding transformer net.minecraftforge.coremod.transformer.CoreModClassTransformer@7bf01cb to Target : CLASS {Lnet/minecraft/world/entity/monster/Zombie;} {} {V}
[02May2025 20:50:26.278] [main/DEBUG] [cpw.mods.modlauncher.TransformStore/MODLAUNCHER]: Adding transformer net.minecraftforge.coremod.transformer.CoreModClassTransformer@7bf01cb to Target : CLASS {Lnet/minecraft/server/commands/RaidCommand;} {} {V}
[02May2025 20:50:26.278] [main/DEBUG] [cpw.mods.modlauncher.TransformStore/MODLAUNCHER]: Adding transformer net.minecraftforge.coremod.transformer.CoreModClassTransformer@7bf01cb to Target : CLASS {Lnet/minecraft/world/entity/npc/Villager;} {} {V}
[02May2025 20:50:26.278] [main/DEBUG] [cpw.mods.modlauncher.TransformStore/MODLAUNCHER]: Adding transformer net.minecraftforge.coremod.transformer.CoreModClassTransformer@7bf01cb to Target : CLASS {Lnet/minecraft/world/level/levelgen/structure/structures/OceanRuinPieces$OceanRuinPiece;} {} {V}
[02May2025 20:50:26.278] [main/DEBUG] [cpw.mods.modlauncher.TransformStore/MODLAUNCHER]: Adding transformer net.minecraftforge.coremod.transformer.CoreModClassTransformer@7bf01cb to Target : CLASS {Lnet/minecraft/world/entity/animal/horse/SkeletonTrapGoal;} {} {V}
[02May2025 20:50:26.279] [main/DEBUG] [cpw.mods.modlauncher.TransformStore/MODLAUNCHER]: Adding transformer net.minecraftforge.coremod.transformer.CoreModClassTransformer@7bf01cb to Target : CLASS {Lnet/minecraft/world/level/NaturalSpawner;} {} {V}
[02May2025 20:50:26.279] [main/DEBUG] [cpw.mods.modlauncher.TransformStore/MODLAUNCHER]: Adding transformer net.minecraftforge.coremod.transformer.CoreModClassTransformer@7bf01cb to Target : CLASS {Lnet/minecraft/world/entity/monster/Strider;} {} {V}
[02May2025 20:50:26.279] [main/DEBUG] [cpw.mods.modlauncher.TransformStore/MODLAUNCHER]: Adding transformer net.minecraftforge.coremod.transformer.CoreModClassTransformer@7bf01cb to Target : CLASS {Lnet/minecraft/world/level/levelgen/PatrolSpawner;} {} {V}
[02May2025 20:50:26.279] [main/DEBUG] [cpw.mods.modlauncher.TransformStore/MODLAUNCHER]: Adding transformer net.minecraftforge.coremod.transformer.CoreModClassTransformer@7bf01cb to Target : CLASS {Lnet/minecraft/world/level/levelgen/structure/structures/WoodlandMansionPieces$WoodlandMansionPiece;} {} {V}
[02May2025 20:50:26.279] [main/DEBUG] [cpw.mods.modlauncher.TransformStore/MODLAUNCHER]: Adding transformer net.minecraftforge.coremod.transformer.CoreModClassTransformer@7bf01cb to Target : CLASS {Lnet/minecraft/world/level/levelgen/structure/templatesystem/StructureTemplate;} {} {V}
[02May2025 20:50:26.279] [main/DEBUG] [cpw.mods.modlauncher.TransformStore/MODLAUNCHER]: Adding transformer net.minecraftforge.coremod.transformer.CoreModClassTransformer@7bf01cb to Target : CLASS {Lnet/minecraft/world/entity/monster/Spider;} {} {V}
[02May2025 20:50:26.279] [main/DEBUG] [cpw.mods.modlauncher.TransformStore/MODLAUNCHER]: Adding transformer net.minecraftforge.coremod.transformer.CoreModClassTransformer@7bf01cb to Target : CLASS {Lnet/minecraft/world/entity/EntityType;} {} {V}
[02May2025 20:50:26.279] [main/DEBUG] [cpw.mods.modlauncher.TransformStore/MODLAUNCHER]: Adding transformer net.minecraftforge.coremod.transformer.CoreModClassTransformer@7bf01cb to Target : CLASS {Lnet/minecraft/world/level/levelgen/PhantomSpawner;} {} {V}
[02May2025 20:50:26.279] [main/DEBUG] [cpw.mods.modlauncher.TransformStore/MODLAUNCHER]: Adding transformer net.minecraftforge.coremod.transformer.CoreModClassTransformer@7bf01cb to Target : CLASS {Lnet/minecraft/world/entity/npc/CatSpawner;} {} {V}
[02May2025 20:50:26.279] [main/DEBUG] [cpw.mods.modlauncher.TransformStore/MODLAUNCHER]: Adding transformer net.minecraftforge.coremod.transformer.CoreModClassTransformer@7bf01cb to Target : CLASS {Lnet/minecraft/world/entity/monster/ZombieVillager;} {} {V}
[02May2025 20:50:26.279] [main/DEBUG] [cpw.mods.modlauncher.TransformStore/MODLAUNCHER]: Adding transformer net.minecraftforge.coremod.transformer.CoreModClassTransformer@7bf01cb to Target : CLASS {Lnet/minecraft/world/entity/ai/village/VillageSiege;} {} {V}
[02May2025 20:50:26.280] [main/DEBUG] [cpw.mods.modlauncher.TransformStore/MODLAUNCHER]: Adding transformer net.minecraftforge.coremod.transformer.CoreModClassTransformer@7bf01cb to Target : CLASS {Lnet/minecraft/world/entity/animal/frog/Tadpole;} {} {V}
[02May2025 20:50:26.280] [main/DEBUG] [cpw.mods.modlauncher.TransformStore/MODLAUNCHER]: Adding transformer net.minecraftforge.coremod.transformer.CoreModClassTransformer@7bf01cb to Target : CLASS {Lnet/minecraft/world/entity/raid/Raid;} {} {V}
[02May2025 20:50:26.280] [main/DEBUG] [cpw.mods.modlauncher.TransformStore/MODLAUNCHER]: Adding transformer net.minecraftforge.coremod.transformer.CoreModClassTransformer@7bf01cb to Target : CLASS {Lnet/minecraft/world/entity/monster/Evoker$EvokerSummonSpellGoal;} {} {V}
[02May2025 20:50:26.285] [main/DEBUG] [cpw.mods.modlauncher.TransformStore/MODLAUNCHER]: Adding transformer net.minecraftforge.coremod.transformer.CoreModClassTransformer@7bf01cb to Target : CLASS {Lnet/minecraft/world/level/levelgen/structure/structures/SwampHutPiece;} {} {V}
[02May2025 20:50:26.285] [main/DEBUG] [cpw.mods.modlauncher.TransformStore/MODLAUNCHER]: Adding transformer net.minecraftforge.coremod.transformer.CoreModClassTransformer@7bf01cb to Target : CLASS {Lnet/minecraft/world/level/levelgen/structure/structures/OceanMonumentPieces$OceanMonumentPiece;} {} {V}
[02May2025 20:50:26.285] [main/DEBUG] [cpw.mods.modlauncher.TransformationServiceDecorator/MODLAUNCHER]: Initialized transformers for transformation service fml
[02May2025 20:50:26.441] [main/INFO] [optifine.OptiFineTransformationService/]: additionalClassesLocator: [optifine., net.optifine.]
[02May2025 20:50:28.564] [main/DEBUG] [mixin/]: Processing prepare() for PlatformAgent[MixinPlatformAgentDefault:ModLauncher Root Container(ModLauncher:4f56a0a2)]
[02May2025 20:50:28.564] [main/DEBUG] [mixin/]: Processing launch tasks for PlatformAgent[MixinPlatformAgentDefault:ModLauncher Root Container(ModLauncher:4f56a0a2)]
[02May2025 20:50:28.565] [main/DEBUG] [mixin/]: Adding mixin platform agents for container SecureJarResource(net.optifine)
[02May2025 20:50:28.565] [main/DEBUG] [mixin/]: Instancing new MixinPlatformAgentMinecraftForge for SecureJarResource(net.optifine)
[02May2025 20:50:28.566] [main/DEBUG] [mixin/]: MixinPlatformAgentMinecraftForge rejected container SecureJarResource(net.optifine)
[02May2025 20:50:28.566] [main/DEBUG] [mixin/]: Instancing new MixinPlatformAgentDefault for SecureJarResource(net.optifine)
[02May2025 20:50:28.567] [main/DEBUG] [mixin/]: MixinPlatformAgentDefault accepted container SecureJarResource(net.optifine)
[02May2025 20:50:28.567] [main/DEBUG] [mixin/]: Processing prepare() for PlatformAgent[MixinPlatformAgentDefault:SecureJarResource(net.optifine)]
[02May2025 20:50:28.567] [main/DEBUG] [mixin/]: Adding mixin platform agents for container SecureJarResource(minecraft)
[02May2025 20:50:28.567] [main/DEBUG] [mixin/]: Instancing new MixinPlatformAgentMinecraftForge for SecureJarResource(minecraft)
[02May2025 20:50:28.567] [main/DEBUG] [mixin/]: MixinPlatformAgentMinecraftForge rejected container SecureJarResource(minecraft)
[02May2025 20:50:28.567] [main/DEBUG] [mixin/]: Instancing new MixinPlatformAgentDefault for SecureJarResource(minecraft)
[02May2025 20:50:28.568] [main/DEBUG] [mixin/]: MixinPlatformAgentDefault accepted container SecureJarResource(minecraft)
[02May2025 20:50:28.568] [main/DEBUG] [mixin/]: Processing prepare() for PlatformAgent[MixinPlatformAgentDefault:SecureJarResource(minecraft)]
[02May2025 20:50:28.569] [main/DEBUG] [mixin/]: Adding mixin platform agents for container SecureJarResource(uniquedungeons)
[02May2025 20:50:28.569] [main/DEBUG] [mixin/]: Instancing new MixinPlatformAgentMinecraftForge for SecureJarResource(uniquedungeons)
[02May2025 20:50:28.569] [main/DEBUG] [mixin/]: MixinPlatformAgentMinecraftForge rejected container SecureJarResource(uniquedungeons)
[02May2025 20:50:28.569] [main/DEBUG] [mixin/]: Instancing new MixinPlatformAgentDefault for SecureJarResource(uniquedungeons)
[02May2025 20:50:28.569] [main/DEBUG] [mixin/]: MixinPlatformAgentDefault accepted container SecureJarResource(uniquedungeons)
[02May2025 20:50:28.570] [main/DEBUG] [mixin/]: Processing prepare() for PlatformAgent[MixinPlatformAgentDefault:SecureJarResource(uniquedungeons)]
[02May2025 20:50:28.570] [main/DEBUG] [mixin/]: Registering mixin config: uniquedungeons.mixin.json
[02May2025 20:50:28.592] [main/DEBUG] [mixin/]: Compatibility level JAVA_17 specified by uniquedungeons.mixin.json is higher than the maximum level supported by this version of mixin (JAVA_13).
[02May2025 20:50:28.597] [main/INFO] [mixin/]: Compatibility level set to JAVA_17
[02May2025 20:50:28.600] [main/DEBUG] [mixin/]: Adding mixin platform agents for container SecureJarResource(kuma_api)
[02May2025 20:50:28.601] [main/DEBUG] [mixin/]: Instancing new MixinPlatformAgentMinecraftForge for SecureJarResource(kuma_api)
[02May2025 20:50:28.601] [main/DEBUG] [mixin/]: MixinPlatformAgentMinecraftForge rejected container SecureJarResource(kuma_api)
[02May2025 20:50:28.601] [main/DEBUG] [mixin/]: Instancing new MixinPlatformAgentDefault for SecureJarResource(kuma_api)
[02May2025 20:50:28.601] [main/DEBUG] [mixin/]: MixinPlatformAgentDefault accepted container SecureJarResource(kuma_api)
[02May2025 20:50:28.601] [main/DEBUG] [mixin/]: Processing prepare() for PlatformAgent[MixinPlatformAgentDefault:SecureJarResource(kuma_api)]
[02May2025 20:50:28.602] [main/DEBUG] [mixin/]: Registering mixin config: kuma_api.mixins.json
[02May2025 20:50:28.604] [main/DEBUG] [mixin/]: Registering mixin config: kuma_api.forge.mixins.json
[02May2025 20:50:28.611] [main/DEBUG] [mixin/]: Adding mixin platform agents for container SecureJarResource(terrablender)
[02May2025 20:50:28.611] [main/DEBUG] [mixin/]: Instancing new MixinPlatformAgentMinecraftForge for SecureJarResource(terrablender)
[02May2025 20:50:28.611] [main/DEBUG] [mixin/]: MixinPlatformAgentMinecraftForge rejected container SecureJarResource(terrablender)
[02May2025 20:50:28.611] [main/DEBUG] [mixin/]: Instancing new MixinPlatformAgentDefault for SecureJarResource(terrablender)
[02May2025 20:50:28.612] [main/DEBUG] [mixin/]: MixinPlatformAgentDefault accepted container SecureJarResource(terrablender)
[02May2025 20:50:28.612] [main/DEBUG] [mixin/]: Processing prepare() for PlatformAgent[MixinPlatformAgentDefault:SecureJarResource(terrablender)]
[02May2025 20:50:28.613] [main/DEBUG] [mixin/]: Registering mixin config: terrablender.mixins.json
[02May2025 20:50:28.618] [main/DEBUG] [mixin/]: Registering mixin config: terrablender_forge.mixins.json
[02May2025 20:50:28.620] [main/DEBUG] [mixin/]: Adding mixin platform agents for container SecureJarResource(ambientsounds)
[02May2025 20:50:28.622] [main/DEBUG] [mixin/]: Instancing new MixinPlatformAgentMinecraftForge for SecureJarResource(ambientsounds)
[02May2025 20:50:28.622] [main/DEBUG] [mixin/]: MixinPlatformAgentMinecraftForge rejected container SecureJarResource(ambientsounds)
[02May2025 20:50:28.622] [main/DEBUG] [mixin/]: Instancing new MixinPlatformAgentDefault for SecureJarResource(ambientsounds)
[02May2025 20:50:28.622] [main/DEBUG] [mixin/]: MixinPlatformAgentDefault accepted container SecureJarResource(ambientsounds)
[02May2025 20:50:28.622] [main/DEBUG] [mixin/]: Processing prepare() for PlatformAgent[MixinPlatformAgentDefault:SecureJarResource(ambientsounds)]
[02May2025 20:50:28.622] [main/DEBUG] [mixin/]: Registering mixin config: ambientsounds.mixins.json
[02May2025 20:50:28.626] [main/DEBUG] [mixin/]: Adding mixin platform agents for container SecureJarResource(jet_and_elias_armors)
[02May2025 20:50:28.626] [main/DEBUG] [mixin/]: Instancing new MixinPlatformAgentMinecraftForge for SecureJarResource(jet_and_elias_armors)
[02May2025 20:50:28.626] [main/DEBUG] [mixin/]: MixinPlatformAgentMinecraftForge rejected container SecureJarResource(jet_and_elias_armors)
[02May2025 20:50:28.626] [main/DEBUG] [mixin/]: Instancing new MixinPlatformAgentDefault for SecureJarResource(jet_and_elias_armors)
[02May2025 20:50:28.627] [main/DEBUG] [mixin/]: MixinPlatformAgentDefault accepted container SecureJarResource(jet_and_elias_armors)
[02May2025 20:50:28.627] [main/DEBUG] [mixin/]: Processing prepare() for PlatformAgent[MixinPlatformAgentDefault:SecureJarResource(jet_and_elias_armors)]
[02May2025 20:50:28.627] [main/DEBUG] [mixin/]: Adding mixin platform agents for container SecureJarResource(theorcs)
[02May2025 20:50:28.627] [main/DEBUG] [mixin/]: Instancing new MixinPlatformAgentMinecraftForge for SecureJarResource(theorcs)
[02May2025 20:50:28.627] [main/DEBUG] [mixin/]: MixinPlatformAgentMinecraftForge rejected container SecureJarResource(theorcs)
[02May2025 20:50:28.627] [main/DEBUG] [mixin/]: Instancing new MixinPlatformAgentDefault for SecureJarResource(theorcs)
[02May2025 20:50:28.627] [main/DEBUG] [mixin/]: MixinPlatformAgentDefault accepted container SecureJarResource(theorcs)
[02May2025 20:50:28.628] [main/DEBUG] [mixin/]: Processing prepare() for PlatformAgent[MixinPlatformAgentDefault:SecureJarResource(theorcs)]
[02May2025 20:50:28.628] [main/DEBUG] [mixin/]: Registering mixin config: mixins.theorcs.json
[02May2025 20:50:28.631] [main/DEBUG] [mixin/]: Adding mixin platform agents for container SecureJarResource(geckolib)
[02May2025 20:50:28.632] [main/DEBUG] [mixin/]: Instancing new MixinPlatformAgentMinecraftForge for SecureJarResource(geckolib)
[02May2025 20:50:28.632] [main/DEBUG] [mixin/]: MixinPlatformAgentMinecraftForge rejected container SecureJarResource(geckolib)
[02May2025 20:50:28.632] [main/DEBUG] [mixin/]: Instancing new MixinPlatformAgentDefault for SecureJarResource(geckolib)
[02May2025 20:50:28.632] [main/DEBUG] [mixin/]: MixinPlatformAgentDefault accepted container SecureJarResource(geckolib)
[02May2025 20:50:28.632] [main/DEBUG] [mixin/]: Processing prepare() for PlatformAgent[MixinPlatformAgentDefault:SecureJarResource(geckolib)]
[02May2025 20:50:28.635] [main/DEBUG] [mixin/]: Registering mixin config: geckolib.mixins.json
[02May2025 20:50:28.637] [main/DEBUG] [mixin/]: Adding mixin platform agents for container SecureJarResource(playeranimator)
[02May2025 20:50:28.637] [main/DEBUG] [mixin/]: Instancing new MixinPlatformAgentMinecraftForge for SecureJarResource(playeranimator)
[02May2025 20:50:28.637] [main/DEBUG] [mixin/]: MixinPlatformAgentMinecraftForge rejected container SecureJarResource(playeranimator)
[02May2025 20:50:28.637] [main/DEBUG] [mixin/]: Instancing new MixinPlatformAgentDefault for SecureJarResource(playeranimator)
[02May2025 20:50:28.637] [main/DEBUG] [mixin/]: MixinPlatformAgentDefault accepted container SecureJarResource(playeranimator)
[02May2025 20:50:28.637] [main/DEBUG] [mixin/]: Processing prepare() for PlatformAgent[MixinPlatformAgentDefault:SecureJarResource(playeranimator)]
[02May2025 20:50:28.637] [main/DEBUG] [mixin/]: Registering mixin config: playerAnimator-common.mixins.json
[02May2025 20:50:28.639] [main/DEBUG] [mixin/]: Compatibility level JAVA_16 specified by playerAnimator-common.mixins.json is higher than the maximum level supported by this version of mixin (JAVA_13).
[02May2025 20:50:28.642] [main/DEBUG] [mixin/]: Adding mixin platform agents for container SecureJarResource(creativecore)
[02May2025 20:50:28.642] [main/DEBUG] [mixin/]: Instancing new MixinPlatformAgentMinecraftForge for SecureJarResource(creativecore)
[02May2025 20:50:28.642] [main/DEBUG] [mixin/]: MixinPlatformAgentMinecraftForge rejected container SecureJarResource(creativecore)
[02May2025 20:50:28.642] [main/DEBUG] [mixin/]: Instancing new MixinPlatformAgentDefault for SecureJarResource(creativecore)
[02May2025 20:50:28.643] [main/DEBUG] [mixin/]: MixinPlatformAgentDefault accepted container SecureJarResource(creativecore)
[02May2025 20:50:28.643] [main/DEBUG] [mixin/]: Processing prepare() for PlatformAgent[MixinPlatformAgentDefault:SecureJarResource(creativecore)]
[02May2025 20:50:28.643] [main/DEBUG] [mixin/]: Registering mixin config: creativecore.mixins.json
[02May2025 20:50:28.647] [main/DEBUG] [mixin/]: Registering mixin config: creativecore.forge.mixins.json
[02May2025 20:50:28.650] [main/DEBUG] [mixin/]: Adding mixin platform agents for container SecureJarResource(rpghud)
[02May2025 20:50:28.650] [main/DEBUG] [mixin/]: Instancing new MixinPlatformAgentMinecraftForge for SecureJarResource(rpghud)
[02May2025 20:50:28.650] [main/DEBUG] [mixin/]: MixinPlatformAgentMinecraftForge rejected container SecureJarResource(rpghud)
[02May2025 20:50:28.650] [main/DEBUG] [mixin/]: Instancing new MixinPlatformAgentDefault for SecureJarResource(rpghud)
[02May2025 20:50:28.650] [main/DEBUG] [mixin/]: MixinPlatformAgentDefault accepted container SecureJarResource(rpghud)
[02May2025 20:50:28.650] [main/DEBUG] [mixin/]: Processing prepare() for PlatformAgent[MixinPlatformAgentDefault:SecureJarResource(rpghud)]
[02May2025 20:50:28.650] [main/DEBUG] [mixin/]: Adding mixin platform agents for container SecureJarResource(jei)
[02May2025 20:50:28.650] [main/DEBUG] [mixin/]: Instancing new MixinPlatformAgentMinecraftForge for SecureJarResource(jei)
[02May2025 20:50:28.651] [main/DEBUG] [mixin/]: MixinPlatformAgentMinecraftForge rejected container SecureJarResource(jei)
[02May2025 20:50:28.651] [main/DEBUG] [mixin/]: Instancing new MixinPlatformAgentDefault for SecureJarResource(jei)
[02May2025 20:50:28.651] [main/DEBUG] [mixin/]: MixinPlatformAgentDefault accepted container SecureJarResource(jei)
[02May2025 20:50:28.651] [main/DEBUG] [mixin/]: Processing prepare() for PlatformAgent[MixinPlatformAgentDefault:SecureJarResource(jei)]
[02May2025 20:50:28.651] [main/DEBUG] [mixin/]: Adding mixin platform agents for container SecureJarResource(archbows)
[02May2025 20:50:28.651] [main/DEBUG] [mixin/]: Instancing new MixinPlatformAgentMinecraftForge for SecureJarResource(archbows)
[02May2025 20:50:28.652] [main/DEBUG] [mixin/]: MixinPlatformAgentMinecraftForge rejected container SecureJarResource(archbows)
[02May2025 20:50:28.653] [main/DEBUG] [mixin/]: Instancing new MixinPlatformAgentDefault for SecureJarResource(archbows)
[02May2025 20:50:28.653] [main/DEBUG] [mixin/]: MixinPlatformAgentDefault accepted container SecureJarResource(archbows)
[02May2025 20:50:28.653] [main/DEBUG] [mixin/]: Processing prepare() for PlatformAgent[MixinPlatformAgentDefault:SecureJarResource(archbows)]
[02May2025 20:50:28.654] [main/DEBUG] [mixin/]: Adding mixin platform agents for container SecureJarResource(born_in_chaos_v1)
[02May2025 20:50:28.654] [main/DEBUG] [mixin/]: Instancing new MixinPlatformAgentMinecraftForge for SecureJarResource(born_in_chaos_v1)
[02May2025 20:50:28.654] [main/DEBUG] [mixin/]: MixinPlatformAgentMinecraftForge rejected container SecureJarResource(born_in_chaos_v1)
[02May2025 20:50:28.655] [main/DEBUG] [mixin/]: Instancing new MixinPlatformAgentDefault for SecureJarResource(born_in_chaos_v1)
[02May2025 20:50:28.656] [main/DEBUG] [mixin/]: MixinPlatformAgentDefault accepted container SecureJarResource(born_in_chaos_v1)
[02May2025 20:50:28.657] [main/DEBUG] [mixin/]: Processing prepare() for PlatformAgent[MixinPlatformAgentDefault:SecureJarResource(born_in_chaos_v1)]
[02May2025 20:50:28.657] [main/DEBUG] [mixin/]: Adding mixin platform agents for container SecureJarResource(bountiful)
[02May2025 20:50:28.657] [main/DEBUG] [mixin/]: Instancing new MixinPlatformAgentMinecraftForge for SecureJarResource(bountiful)
[02May2025 20:50:28.657] [main/DEBUG] [mixin/]: MixinPlatformAgentMinecraftForge rejected container SecureJarResource(bountiful)
[02May2025 20:50:28.657] [main/DEBUG] [mixin/]: Instancing new MixinPlatformAgentDefault for SecureJarResource(bountiful)
[02May2025 20:50:28.658] [main/DEBUG] [mixin/]: MixinPlatformAgentDefault accepted container SecureJarResource(bountiful)
[02May2025 20:50:28.658] [main/DEBUG] [mixin/]: Processing prepare() for PlatformAgent[MixinPlatformAgentDefault:SecureJarResource(bountiful)]
[02May2025 20:50:28.658] [main/DEBUG] [mixin/]: Adding mixin platform agents for container SecureJarResource(kotlinforforge)
[02May2025 20:50:28.659] [main/DEBUG] [mixin/]: Instancing new MixinPlatformAgentMinecraftForge for SecureJarResource(kotlinforforge)
[02May2025 20:50:28.659] [main/DEBUG] [mixin/]: MixinPlatformAgentMinecraftForge rejected container SecureJarResource(kotlinforforge)
[02May2025 20:50:28.659] [main/DEBUG] [mixin/]: Instancing new MixinPlatformAgentDefault for SecureJarResource(kotlinforforge)
[02May2025 20:50:28.659] [main/DEBUG] [mixin/]: MixinPlatformAgentDefault accepted container SecureJarResource(kotlinforforge)
[02May2025 20:50:28.659] [main/DEBUG] [mixin/]: Processing prepare() for PlatformAgent[MixinPlatformAgentDefault:SecureJarResource(kotlinforforge)]
[02May2025 20:50:28.660] [main/DEBUG] [mixin/]: Adding mixin platform agents for container SecureJarResource(sophisticatedcore)
[02May2025 20:50:28.660] [main/DEBUG] [mixin/]: Instancing new MixinPlatformAgentMinecraftForge for SecureJarResource(sophisticatedcore)
[02May2025 20:50:28.660] [main/DEBUG] [mixin/]: MixinPlatformAgentMinecraftForge rejected container SecureJarResource(sophisticatedcore)
[02May2025 20:50:28.660] [main/DEBUG] [mixin/]: Instancing new MixinPlatformAgentDefault for SecureJarResource(sophisticatedcore)
[02May2025 20:50:28.660] [main/DEBUG] [mixin/]: MixinPlatformAgentDefault accepted container SecureJarResource(sophisticatedcore)
[02May2025 20:50:28.660] [main/DEBUG] [mixin/]: Processing prepare() for PlatformAgent[MixinPlatformAgentDefault:SecureJarResource(sophisticatedcore)]
[02May2025 20:50:28.660] [main/DEBUG] [mixin/]: Adding mixin platform agents for container SecureJarResource(curios)
[02May2025 20:50:28.660] [main/DEBUG] [mixin/]: Instancing new MixinPlatformAgentMinecraftForge for SecureJarResource(curios)
[02May2025 20:50:28.660] [main/DEBUG] [mixin/]: MixinPlatformAgentMinecraftForge rejected container SecureJarResource(curios)
[02May2025 20:50:28.660] [main/DEBUG] [mixin/]: Instancing new MixinPlatformAgentDefault for SecureJarResource(curios)
[02May2025 20:50:28.660] [main/DEBUG] [mixin/]: MixinPlatformAgentDefault accepted container SecureJarResource(curios)
[02May2025 20:50:28.660] [main/DEBUG] [mixin/]: Processing prepare() for PlatformAgent[MixinPlatformAgentDefault:SecureJarResource(curios)]
[02May2025 20:50:28.660] [main/DEBUG] [mixin/]: Registering mixin config: curios.mixins.json
[02May2025 20:50:28.666] [main/DEBUG] [mixin/]: Adding mixin platform agents for container SecureJarResource(patchouli)
[02May2025 20:50:28.666] [main/DEBUG] [mixin/]: Instancing new MixinPlatformAgentMinecraftForge for SecureJarResource(patchouli)
[02May2025 20:50:28.666] [main/DEBUG] [mixin/]: MixinPlatformAgentMinecraftForge rejected container SecureJarResource(patchouli)
[02May2025 20:50:28.667] [main/DEBUG] [mixin/]: Instancing new MixinPlatformAgentDefault for SecureJarResource(patchouli)
[02May2025 20:50:28.667] [main/DEBUG] [mixin/]: MixinPlatformAgentDefault accepted container SecureJarResource(patchouli)
[02May2025 20:50:28.667] [main/DEBUG] [mixin/]: Processing prepare() for PlatformAgent[MixinPlatformAgentDefault:SecureJarResource(patchouli)]
[02May2025 20:50:28.667] [main/DEBUG] [mixin/]: Registering mixin config: patchouli_xplat.mixins.json
[02May2025 20:50:28.670] [main/DEBUG] [mixin/]: Adding mixin platform agents for container SecureJarResource(waystones)
[02May2025 20:50:28.670] [main/DEBUG] [mixin/]: Instancing new MixinPlatformAgentMinecraftForge for SecureJarResource(waystones)
[02May2025 20:50:28.670] [main/DEBUG] [mixin/]: MixinPlatformAgentMinecraftForge rejected container SecureJarResource(waystones)
[02May2025 20:50:28.670] [main/DEBUG] [mixin/]: Instancing new MixinPlatformAgentDefault for SecureJarResource(waystones)
[02May2025 20:50:28.670] [main/DEBUG] [mixin/]: MixinPlatformAgentDefault accepted container SecureJarResource(waystones)
[02May2025 20:50:28.670] [main/DEBUG] [mixin/]: Processing prepare() for PlatformAgent[MixinPlatformAgentDefault:SecureJarResource(waystones)]
[02May2025 20:50:28.671] [main/DEBUG] [mixin/]: Registering mixin config: waystones.mixins.json
[02May2025 20:50:28.674] [main/DEBUG] [mixin/]: Adding mixin platform agents for container SecureJarResource(gravestone)
[02May2025 20:50:28.674] [main/DEBUG] [mixin/]: Instancing new MixinPlatformAgentMinecraftForge for SecureJarResource(gravestone)
[02May2025 20:50:28.674] [main/DEBUG] [mixin/]: MixinPlatformAgentMinecraftForge rejected container SecureJarResource(gravestone)
[02May2025 20:50:28.674] [main/DEBUG] [mixin/]: Instancing new MixinPlatformAgentDefault for SecureJarResource(gravestone)
[02May2025 20:50:28.674] [main/DEBUG] [mixin/]: MixinPlatformAgentDefault accepted container SecureJarResource(gravestone)
[02May2025 20:50:28.674] [main/DEBUG] [mixin/]: Processing prepare() for PlatformAgent[MixinPlatformAgentDefault:SecureJarResource(gravestone)]
[02May2025 20:50:28.674] [main/DEBUG] [mixin/]: Adding mixin platform agents for container SecureJarResource(mixinextras)
[02May2025 20:50:28.674] [main/DEBUG] [mixin/]: Instancing new MixinPlatformAgentMinecraftForge for SecureJarResource(mixinextras)
[02May2025 20:50:28.674] [main/DEBUG] [mixin/]: MixinPlatformAgentMinecraftForge rejected container SecureJarResource(mixinextras)
[02May2025 20:50:28.675] [main/DEBUG] [mixin/]: Instancing new MixinPlatformAgentDefault for SecureJarResource(mixinextras)
[02May2025 20:50:28.675] [main/DEBUG] [mixin/]: MixinPlatformAgentDefault accepted container SecureJarResource(mixinextras)
[02May2025 20:50:28.675] [main/DEBUG] [mixin/]: Processing prepare() for PlatformAgent[MixinPlatformAgentDefault:SecureJarResource(mixinextras)]
[02May2025 20:50:28.675] [main/DEBUG] [mixin/]: Registering mixin config: mixinextras.init.mixins.json
[02May2025 20:50:28.676] [main/DEBUG] [mixin/]: Adding mixin platform agents for container SecureJarResource(glitchcore)
[02May2025 20:50:28.679] [main/DEBUG] [mixin/]: Instancing new MixinPlatformAgentMinecraftForge for SecureJarResource(glitchcore)
[02May2025 20:50:28.679] [main/DEBUG] [mixin/]: MixinPlatformAgentMinecraftForge rejected container SecureJarResource(glitchcore)
[02May2025 20:50:28.679] [main/DEBUG] [mixin/]: Instancing new MixinPlatformAgentDefault for SecureJarResource(glitchcore)
[02May2025 20:50:28.679] [main/DEBUG] [mixin/]: MixinPlatformAgentDefault accepted container SecureJarResource(glitchcore)
[02May2025 20:50:28.679] [main/DEBUG] [mixin/]: Processing prepare() for PlatformAgent[MixinPlatformAgentDefault:SecureJarResource(glitchcore)]
[02May2025 20:50:28.679] [main/DEBUG] [mixin/]: Registering mixin config: glitchcore.mixins.json
[02May2025 20:50:28.681] [main/DEBUG] [mixin/]: Registering mixin config: glitchcore.forge.mixins.json
[02May2025 20:50:28.683] [main/DEBUG] [mixin/]: Adding mixin platform agents for container SecureJarResource(biomesoplenty)
[02May2025 20:50:28.684] [main/DEBUG] [mixin/]: Instancing new MixinPlatformAgentMinecraftForge for SecureJarResource(biomesoplenty)
[02May2025 20:50:28.684] [main/DEBUG] [mixin/]: MixinPlatformAgentMinecraftForge rejected container SecureJarResource(biomesoplenty)
[02May2025 20:50:28.684] [main/DEBUG] [mixin/]: Instancing new MixinPlatformAgentDefault for SecureJarResource(biomesoplenty)
[02May2025 20:50:28.685] [main/DEBUG] [mixin/]: MixinPlatformAgentDefault accepted container SecureJarResource(biomesoplenty)
[02May2025 20:50:28.685] [main/DEBUG] [mixin/]: Processing prepare() for PlatformAgent[MixinPlatformAgentDefault:SecureJarResource(biomesoplenty)]
[02May2025 20:50:28.686] [main/DEBUG] [mixin/]: Registering mixin config: biomesoplenty.mixins.json
[02May2025 20:50:28.687] [main/DEBUG] [mixin/]: Registering mixin config: biomesoplenty.forge.mixins.json
[02May2025 20:50:28.689] [main/DEBUG] [mixin/]: Adding mixin platform agents for container SecureJarResource(kambrik)
[02May2025 20:50:28.693] [main/DEBUG] [mixin/]: Instancing new MixinPlatformAgentMinecraftForge for SecureJarResource(kambrik)
[02May2025 20:50:28.693] [main/DEBUG] [mixin/]: MixinPlatformAgentMinecraftForge rejected container SecureJarResource(kambrik)
[02May2025 20:50:28.693] [main/DEBUG] [mixin/]: Instancing new MixinPlatformAgentDefault for SecureJarResource(kambrik)
[02May2025 20:50:28.693] [main/DEBUG] [mixin/]: MixinPlatformAgentDefault accepted container SecureJarResource(kambrik)
[02May2025 20:50:28.693] [main/DEBUG] [mixin/]: Processing prepare() for PlatformAgent[MixinPlatformAgentDefault:SecureJarResource(kambrik)]
[02May2025 20:50:28.693] [main/DEBUG] [mixin/]: Registering mixin config: kambrik.mixins.json
[02May2025 20:50:28.694] [main/DEBUG] [mixin/]: Compatibility level JAVA_8 specified by kambrik.mixins.json is lower than the default level supported by the current mixin service (JAVA_16).
[02May2025 20:50:28.694] [main/DEBUG] [mixin/]: Adding mixin platform agents for container SecureJarResource(sophisticatedbackpacks)
[02May2025 20:50:28.695] [main/DEBUG] [mixin/]: Instancing new MixinPlatformAgentMinecraftForge for SecureJarResource(sophisticatedbackpacks)
[02May2025 20:50:28.695] [main/DEBUG] [mixin/]: MixinPlatformAgentMinecraftForge rejected container SecureJarResource(sophisticatedbackpacks)
[02May2025 20:50:28.695] [main/DEBUG] [mixin/]: Instancing new MixinPlatformAgentDefault for SecureJarResource(sophisticatedbackpacks)
[02May2025 20:50:28.695] [main/DEBUG] [mixin/]: MixinPlatformAgentDefault accepted container SecureJarResource(sophisticatedbackpacks)
[02May2025 20:50:28.695] [main/DEBUG] [mixin/]: Processing prepare() for PlatformAgent[MixinPlatformAgentDefault:SecureJarResource(sophisticatedbackpacks)]
[02May2025 20:50:28.697] [main/DEBUG] [mixin/]: Adding mixin platform agents for container SecureJarResource(architectury)
[02May2025 20:50:28.697] [main/DEBUG] [mixin/]: Instancing new MixinPlatformAgentMinecraftForge for SecureJarResource(architectury)
[02May2025 20:50:28.697] [main/DEBUG] [mixin/]: MixinPlatformAgentMinecraftForge rejected container SecureJarResource(architectury)
[02May2025 20:50:28.697] [main/DEBUG] [mixin/]: Instancing new MixinPlatformAgentDefault for SecureJarResource(architectury)
[02May2025 20:50:28.697] [main/DEBUG] [mixin/]: MixinPlatformAgentDefault accepted container SecureJarResource(architectury)
[02May2025 20:50:28.697] [main/DEBUG] [mixin/]: Processing prepare() for PlatformAgent[MixinPlatformAgentDefault:SecureJarResource(architectury)]
[02May2025 20:50:28.697] [main/DEBUG] [mixin/]: Registering mixin config: architectury.mixins.json
[02May2025 20:50:28.699] [main/DEBUG] [mixin/]: Compatibility level JAVA_16 specified by architectury.mixins.json is higher than the maximum level supported by this version of mixin (JAVA_13).
[02May2025 20:50:28.699] [main/DEBUG] [mixin/]: Registering mixin config: architectury-common.mixins.json
[02May2025 20:50:28.700] [main/DEBUG] [mixin/]: Compatibility level JAVA_16 specified by architectury-common.mixins.json is higher than the maximum level supported by this version of mixin (JAVA_13).
[02May2025 20:50:28.700] [main/DEBUG] [mixin/]: Adding mixin platform agents for container SecureJarResource(balm)
[02May2025 20:50:28.700] [main/DEBUG] [mixin/]: Instancing new MixinPlatformAgentMinecraftForge for SecureJarResource(balm)
[02May2025 20:50:28.700] [main/DEBUG] [mixin/]: MixinPlatformAgentMinecraftForge rejected container SecureJarResource(balm)
[02May2025 20:50:28.701] [main/DEBUG] [mixin/]: Instancing new MixinPlatformAgentDefault for SecureJarResource(balm)
[02May2025 20:50:28.701] [main/DEBUG] [mixin/]: MixinPlatformAgentDefault accepted container SecureJarResource(balm)
[02May2025 20:50:28.701] [main/DEBUG] [mixin/]: Processing prepare() for PlatformAgent[MixinPlatformAgentDefault:SecureJarResource(balm)]
[02May2025 20:50:28.701] [main/DEBUG] [mixin/]: Registering mixin config: balm.mixins.json
[02May2025 20:50:28.706] [main/DEBUG] [mixin/]: Adding mixin platform agents for container SecureJarResource(jeresources)
[02May2025 20:50:28.706] [main/DEBUG] [mixin/]: Instancing new MixinPlatformAgentMinecraftForge for SecureJarResource(jeresources)
[02May2025 20:50:28.706] [main/DEBUG] [mixin/]: MixinPlatformAgentMinecraftForge rejected container SecureJarResource(jeresources)
[02May2025 20:50:28.706] [main/DEBUG] [mixin/]: Instancing new MixinPlatformAgentDefault for SecureJarResource(jeresources)
[02May2025 20:50:28.706] [main/DEBUG] [mixin/]: MixinPlatformAgentDefault accepted container SecureJarResource(jeresources)
[02May2025 20:50:28.706] [main/DEBUG] [mixin/]: Processing prepare() for PlatformAgent[MixinPlatformAgentDefault:SecureJarResource(jeresources)]
[02May2025 20:50:28.706] [main/DEBUG] [mixin/]: Adding mixin platform agents for container SecureJarResource(interaction_boxes)
[02May2025 20:50:28.706] [main/DEBUG] [mixin/]: Instancing new MixinPlatformAgentMinecraftForge for SecureJarResource(interaction_boxes)
[02May2025 20:50:28.706] [main/DEBUG] [mixin/]: MixinPlatformAgentMinecraftForge rejected container SecureJarResource(interaction_boxes)
[02May2025 20:50:28.706] [main/DEBUG] [mixin/]: Instancing new MixinPlatformAgentDefault for SecureJarResource(interaction_boxes)
[02May2025 20:50:28.706] [main/DEBUG] [mixin/]: MixinPlatformAgentDefault accepted container SecureJarResource(interaction_boxes)
[02May2025 20:50:28.706] [main/DEBUG] [mixin/]: Processing prepare() for PlatformAgent[MixinPlatformAgentDefault:SecureJarResource(interaction_boxes)]
[02May2025 20:50:28.706] [main/DEBUG] [mixin/]: Registering mixin config: interaction_boxes.mixin.json
[02May2025 20:50:28.709] [main/DEBUG] [mixin/]: Adding mixin platform agents for container SecureJarResource(ars_nouveau)
[02May2025 20:50:28.709] [main/DEBUG] [mixin/]: Instancing new MixinPlatformAgentMinecraftForge for SecureJarResource(ars_nouveau)
[02May2025 20:50:28.709] [main/DEBUG] [mixin/]: MixinPlatformAgentMinecraftForge rejected container SecureJarResource(ars_nouveau)
[02May2025 20:50:28.709] [main/DEBUG] [mixin/]: Instancing new MixinPlatformAgentDefault for SecureJarResource(ars_nouveau)
[02May2025 20:50:28.710] [main/DEBUG] [mixin/]: MixinPlatformAgentDefault accepted container SecureJarResource(ars_nouveau)
[02May2025 20:50:28.710] [main/DEBUG] [mixin/]: Processing prepare() for PlatformAgent[MixinPlatformAgentDefault:SecureJarResource(ars_nouveau)]
[02May2025 20:50:28.710] [main/DEBUG] [mixin/]: Registering mixin config: ars_nouveau.mixins.json
[02May2025 20:50:28.717] [main/DEBUG] [mixin/]: Adding mixin platform agents for container SecureJarResource(paraglider)
[02May2025 20:50:28.717] [main/DEBUG] [mixin/]: Instancing new MixinPlatformAgentMinecraftForge for SecureJarResource(paraglider)
[02May2025 20:50:28.717] [main/DEBUG] [mixin/]: MixinPlatformAgentMinecraftForge rejected container SecureJarResource(paraglider)
[02May2025 20:50:28.717] [main/DEBUG] [mixin/]: Instancing new MixinPlatformAgentDefault for SecureJarResource(paraglider)
[02May2025 20:50:28.717] [main/DEBUG] [mixin/]: MixinPlatformAgentDefault accepted container SecureJarResource(paraglider)
[02May2025 20:50:28.717] [main/DEBUG] [mixin/]: Processing prepare() for PlatformAgent[MixinPlatformAgentDefault:SecureJarResource(paraglider)]
[02May2025 20:50:28.717] [main/DEBUG] [mixin/]: Registering mixin config: paraglider.mixins.json
[02May2025 20:50:28.720] [main/DEBUG] [mixin/]: Adding mixin platform agents for container SecureJarResource(cloth_config)
[02May2025 20:50:28.720] [main/DEBUG] [mixin/]: Instancing new MixinPlatformAgentMinecraftForge for SecureJarResource(cloth_config)
[02May2025 20:50:28.720] [main/DEBUG] [mixin/]: MixinPlatformAgentMinecraftForge rejected container SecureJarResource(cloth_config)
[02May2025 20:50:28.720] [main/DEBUG] [mixin/]: Instancing new MixinPlatformAgentDefault for SecureJarResource(cloth_config)
[02May2025 20:50:28.720] [main/DEBUG] [mixin/]: MixinPlatformAgentDefault accepted container SecureJarResource(cloth_config)
[02May2025 20:50:28.720] [main/DEBUG] [mixin/]: Processing prepare() for PlatformAgent[MixinPlatformAgentDefault:SecureJarResource(cloth_config)]
[02May2025 20:50:28.721] [main/DEBUG] [mixin/]: Adding mixin platform agents for container SecureJarResource(voicechat)
[02May2025 20:50:28.721] [main/DEBUG] [mixin/]: Instancing new MixinPlatformAgentMinecraftForge for SecureJarResource(voicechat)
[02May2025 20:50:28.721] [main/DEBUG] [mixin/]: MixinPlatformAgentMinecraftForge rejected container SecureJarResource(voicechat)
[02May2025 20:50:28.721] [main/DEBUG] [mixin/]: Instancing new MixinPlatformAgentDefault for SecureJarResource(voicechat)
[02May2025 20:50:28.721] [main/DEBUG] [mixin/]: MixinPlatformAgentDefault accepted container SecureJarResource(voicechat)
[02May2025 20:50:28.721] [main/DEBUG] [mixin/]: Processing prepare() for PlatformAgent[MixinPlatformAgentDefault:SecureJarResource(voicechat)]
[02May2025 20:50:28.721] [main/DEBUG] [mixin/]: Adding mixin platform agents for container SecureJarResource(simplyswords)
[02May2025 20:50:28.721] [main/DEBUG] [mixin/]: Instancing new MixinPlatformAgentMinecraftForge for SecureJarResource(simplyswords)
[02May2025 20:50:28.721] [main/DEBUG] [mixin/]: MixinPlatformAgentMinecraftForge rejected container SecureJarResource(simplyswords)
[02May2025 20:50:28.721] [main/DEBUG] [mixin/]: Instancing new MixinPlatformAgentDefault for SecureJarResource(simplyswords)
[02May2025 20:50:28.721] [main/DEBUG] [mixin/]: MixinPlatformAgentDefault accepted container SecureJarResource(simplyswords)
[02May2025 20:50:28.721] [main/DEBUG] [mixin/]: Processing prepare() for PlatformAgent[MixinPlatformAgentDefault:SecureJarResource(simplyswords)]
[02May2025 20:50:28.721] [main/DEBUG] [mixin/]: Registering mixin config: simplyswords-common.mixins.json
[02May2025 20:50:28.725] [main/DEBUG] [mixin/]: Registering mixin config: simplyswords.mixins.json
[02May2025 20:50:28.728] [main/DEBUG] [mixin/]: Adding mixin platform agents for container SecureJarResource(bettercombat)
[02May2025 20:50:28.731] [main/DEBUG] [mixin/]: Instancing new MixinPlatformAgentMinecraftForge for SecureJarResource(bettercombat)
[02May2025 20:50:28.731] [main/DEBUG] [mixin/]: MixinPlatformAgentMinecraftForge rejected container SecureJarResource(bettercombat)
[02May2025 20:50:28.731] [main/DEBUG] [mixin/]: Instancing new MixinPlatformAgentDefault for SecureJarResource(bettercombat)
[02May2025 20:50:28.731] [main/DEBUG] [mixin/]: MixinPlatformAgentDefault accepted container SecureJarResource(bettercombat)
[02May2025 20:50:28.731] [main/DEBUG] [mixin/]: Processing prepare() for PlatformAgent[MixinPlatformAgentDefault:SecureJarResource(bettercombat)]
[02May2025 20:50:28.731] [main/DEBUG] [mixin/]: Registering mixin config: bettercombat.mixins.json
[02May2025 20:50:28.735] [main/DEBUG] [mixin/]: Adding mixin platform agents for container SecureJarResource(sound_physics_remastered)
[02May2025 20:50:28.735] [main/DEBUG] [mixin/]: Instancing new MixinPlatformAgentMinecraftForge for SecureJarResource(sound_physics_remastered)
[02May2025 20:50:28.735] [main/DEBUG] [mixin/]: MixinPlatformAgentMinecraftForge rejected container SecureJarResource(sound_physics_remastered)
[02May2025 20:50:28.736] [main/DEBUG] [mixin/]: Instancing new MixinPlatformAgentDefault for SecureJarResource(sound_physics_remastered)
[02May2025 20:50:28.736] [main/DEBUG] [mixin/]: MixinPlatformAgentDefault accepted container SecureJarResource(sound_physics_remastered)
[02May2025 20:50:28.736] [main/DEBUG] [mixin/]: Processing prepare() for PlatformAgent[MixinPlatformAgentDefault:SecureJarResource(sound_physics_remastered)]
[02May2025 20:50:28.736] [main/DEBUG] [mixin/]: Adding mixin platform agents for container SecureJarResource(forge)
[02May2025 20:50:28.736] [main/DEBUG] [mixin/]: Instancing new MixinPlatformAgentMinecraftForge for SecureJarResource(forge)
[02May2025 20:50:28.736] [main/DEBUG] [mixin/]: MixinPlatformAgentMinecraftForge rejected container SecureJarResource(forge)
[02May2025 20:50:28.736] [main/DEBUG] [mixin/]: Instancing new MixinPlatformAgentDefault for SecureJarResource(forge)
[02May2025 20:50:28.736] [main/DEBUG] [mixin/]: MixinPlatformAgentDefault accepted container SecureJarResource(forge)
[02May2025 20:50:28.736] [main/DEBUG] [mixin/]: Processing prepare() for PlatformAgent[MixinPlatformAgentDefault:SecureJarResource(forge)]
[02May2025 20:50:28.736] [main/DEBUG] [mixin/]: Adding mixin platform agents for container SecureJarResource(skinrestorer)
[02May2025 20:50:28.737] [main/DEBUG] [mixin/]: Instancing new MixinPlatformAgentMinecraftForge for SecureJarResource(skinrestorer)
[02May2025 20:50:28.737] [main/DEBUG] [mixin/]: MixinPlatformAgentMinecraftForge rejected container SecureJarResource(skinrestorer)
[02May2025 20:50:28.737] [main/DEBUG] [mixin/]: Instancing new MixinPlatformAgentDefault for SecureJarResource(skinrestorer)
[02May2025 20:50:28.737] [main/DEBUG] [mixin/]: MixinPlatformAgentDefault accepted container SecureJarResource(skinrestorer)
[02May2025 20:50:28.737] [main/DEBUG] [mixin/]: Processing prepare() for PlatformAgent[MixinPlatformAgentDefault:SecureJarResource(skinrestorer)]
[02May2025 20:50:28.737] [main/DEBUG] [mixin/]: Registering mixin config: skinrestorer.mixins.json
[02May2025 20:50:28.741] [main/DEBUG] [mixin/]: Compatibility level JAVA_8 specified by skinrestorer.mixins.json is lower than the default level supported by the current mixin service (JAVA_16).
[02May2025 20:50:28.741] [main/DEBUG] [mixin/]: Adding mixin platform agents for container SecureJarResource(mclib)
[02May2025 20:50:28.741] [main/DEBUG] [mixin/]: Instancing new MixinPlatformAgentMinecraftForge for SecureJarResource(mclib)
[02May2025 20:50:28.742] [main/DEBUG] [mixin/]: MixinPlatformAgentMinecraftForge rejected container SecureJarResource(mclib)
[02May2025 20:50:28.742] [main/DEBUG] [mixin/]: Instancing new MixinPlatformAgentDefault for SecureJarResource(mclib)
[02May2025 20:50:28.742] [main/DEBUG] [mixin/]: MixinPlatformAgentDefault accepted container SecureJarResource(mclib)
[02May2025 20:50:28.742] [main/DEBUG] [mixin/]: Processing prepare() for PlatformAgent[MixinPlatformAgentDefault:SecureJarResource(mclib)]
[02May2025 20:50:28.742] [main/DEBUG] [mixin/]: Adding mixin platform agents for container SecureJarResource(java.client.SNAPSHOT)
[02May2025 20:50:28.742] [main/DEBUG] [mixin/]: Instancing new MixinPlatformAgentMinecraftForge for SecureJarResource(java.client.SNAPSHOT)
[02May2025 20:50:28.742] [main/DEBUG] [mixin/]: MixinPlatformAgentMinecraftForge rejected container SecureJarResource(java.client.SNAPSHOT)
[02May2025 20:50:28.742] [main/DEBUG] [mixin/]: Instancing new MixinPlatformAgentDefault for SecureJarResource(java.client.SNAPSHOT)
[02May2025 20:50:28.742] [main/DEBUG] [mixin/]: MixinPlatformAgentDefault accepted container SecureJarResource(java.client.SNAPSHOT)
[02May2025 20:50:28.742] [main/DEBUG] [mixin/]: Processing prepare() for PlatformAgent[MixinPlatformAgentDefault:SecureJarResource(java.client.SNAPSHOT)]
[02May2025 20:50:28.744] [main/DEBUG] [mixin/]: Adding mixin platform agents for container SecureJarResource(thedarkcolour.kotlinforforge.kfflib)
[02May2025 20:50:28.744] [main/DEBUG] [mixin/]: Instancing new MixinPlatformAgentMinecraftForge for SecureJarResource(thedarkcolour.kotlinforforge.kfflib)
[02May2025 20:50:28.744] [main/DEBUG] [mixin/]: MixinPlatformAgentMinecraftForge rejected container SecureJarResource(thedarkcolour.kotlinforforge.kfflib)
[02May2025 20:50:28.744] [main/DEBUG] [mixin/]: Instancing new MixinPlatformAgentDefault for SecureJarResource(thedarkcolour.kotlinforforge.kfflib)
[02May2025 20:50:28.744] [main/DEBUG] [mixin/]: MixinPlatformAgentDefault accepted container SecureJarResource(thedarkcolour.kotlinforforge.kfflib)
[02May2025 20:50:28.744] [main/DEBUG] [mixin/]: Processing prepare() for PlatformAgent[MixinPlatformAgentDefault:SecureJarResource(thedarkcolour.kotlinforforge.kfflib)]
[02May2025 20:50:28.744] [main/DEBUG] [mixin/]: Adding mixin platform agents for container SecureJarResource(MixinExtras)
[02May2025 20:50:28.744] [main/DEBUG] [mixin/]: Instancing new MixinPlatformAgentMinecraftForge for SecureJarResource(MixinExtras)
[02May2025 20:50:28.745] [main/DEBUG] [mixin/]: MixinPlatformAgentMinecraftForge rejected container SecureJarResource(MixinExtras)
[02May2025 20:50:28.745] [main/DEBUG] [mixin/]: Instancing new MixinPlatformAgentDefault for SecureJarResource(MixinExtras)
[02May2025 20:50:28.745] [main/DEBUG] [mixin/]: MixinPlatformAgentDefault accepted container SecureJarResource(MixinExtras)
[02May2025 20:50:28.745] [main/DEBUG] [mixin/]: Processing prepare() for PlatformAgent[MixinPlatformAgentDefault:SecureJarResource(MixinExtras)]
[02May2025 20:50:28.745] [main/DEBUG] [mixin/]: inject() running with 45 agents
[02May2025 20:50:28.745] [main/DEBUG] [mixin/]: Processing inject() for PlatformAgent[MixinPlatformAgentDefault:ModLauncher Root Container(ModLauncher:4f56a0a2)]
[02May2025 20:50:28.745] [main/DEBUG] [mixin/]: Processing inject() for PlatformAgent[MixinPlatformAgentDefault:SecureJarResource(net.optifine)]
[02May2025 20:50:28.745] [main/DEBUG] [mixin/]: Processing inject() for PlatformAgent[MixinPlatformAgentDefault:SecureJarResource(minecraft)]
[02May2025 20:50:28.745] [main/DEBUG] [mixin/]: Processing inject() for PlatformAgent[MixinPlatformAgentDefault:SecureJarResource(uniquedungeons)]
[02May2025 20:50:28.745] [main/DEBUG] [mixin/]: Processing inject() for PlatformAgent[MixinPlatformAgentDefault:SecureJarResource(kuma_api)]
[02May2025 20:50:28.745] [main/DEBUG] [mixin/]: Processing inject() for PlatformAgent[MixinPlatformAgentDefault:SecureJarResource(terrablender)]
[02May2025 20:50:28.745] [main/DEBUG] [mixin/]: Processing inject() for PlatformAgent[MixinPlatformAgentDefault:SecureJarResource(ambientsounds)]
[02May2025 20:50:28.745] [main/DEBUG] [mixin/]: Processing inject() for PlatformAgent[MixinPlatformAgentDefault:SecureJarResource(jet_and_elias_armors)]
[02May2025 20:50:28.748] [main/DEBUG] [mixin/]: Processing inject() for PlatformAgent[MixinPlatformAgentDefault:SecureJarResource(theorcs)]
[02May2025 20:50:28.749] [main/DEBUG] [mixin/]: Processing inject() for PlatformAgent[MixinPlatformAgentDefault:SecureJarResource(geckolib)]
[02May2025 20:50:28.749] [main/DEBUG] [mixin/]: Processing inject() for PlatformAgent[MixinPlatformAgentDefault:SecureJarResource(playeranimator)]
[02May2025 20:50:28.749] [main/DEBUG] [mixin/]: Processing inject() for PlatformAgent[MixinPlatformAgentDefault:SecureJarResource(creativecore)]
[02May2025 20:50:28.749] [main/DEBUG] [mixin/]: Processing inject() for PlatformAgent[MixinPlatformAgentDefault:SecureJarResource(rpghud)]
[02May2025 20:50:28.749] [main/DEBUG] [mixin/]: Processing inject() for PlatformAgent[MixinPlatformAgentDefault:SecureJarResource(jei)]
[02May2025 20:50:28.749] [main/DEBUG] [mixin/]: Processing inject() for PlatformAgent[MixinPlatformAgentDefault:SecureJarResource(archbows)]
[02May2025 20:50:28.749] [main/DEBUG] [mixin/]: Processing inject() for PlatformAgent[MixinPlatformAgentDefault:SecureJarResource(born_in_chaos_v1)]
[02May2025 20:50:28.749] [main/DEBUG] [mixin/]: Processing inject() for PlatformAgent[MixinPlatformAgentDefault:SecureJarResource(bountiful)]
[02May2025 20:50:28.749] [main/DEBUG] [mixin/]: Processing inject() for PlatformAgent[MixinPlatformAgentDefault:SecureJarResource(kotlinforforge)]
[02May2025 20:50:28.749] [main/DEBUG] [mixin/]: Processing inject() for PlatformAgent[MixinPlatformAgentDefault:SecureJarResource(sophisticatedcore)]
[02May2025 20:50:28.749] [main/DEBUG] [mixin/]: Processing inject() for PlatformAgent[MixinPlatformAgentDefault:SecureJarResource(curios)]
[02May2025 20:50:28.749] [main/DEBUG] [mixin/]: Processing inject() for PlatformAgent[MixinPlatformAgentDefault:SecureJarResource(patchouli)]
[02May2025 20:50:28.749] [main/DEBUG] [mixin/]: Processing inject() for PlatformAgent[MixinPlatformAgentDefault:SecureJarResource(waystones)]
[02May2025 20:50:28.749] [main/DEBUG] [mixin/]: Processing inject() for PlatformAgent[MixinPlatformAgentDefault:SecureJarResource(gravestone)]
[02May2025 20:50:28.749] [main/DEBUG] [mixin/]: Processing inject() for PlatformAgent[MixinPlatformAgentDefault:SecureJarResource(mixinextras)]
[02May2025 20:50:28.749] [main/DEBUG] [mixin/]: Processing inject() for PlatformAgent[MixinPlatformAgentDefault:SecureJarResource(glitchcore)]
[02May2025 20:50:28.749] [main/DEBUG] [mixin/]: Processing inject() for PlatformAgent[MixinPlatformAgentDefault:SecureJarResource(biomesoplenty)]
[02May2025 20:50:28.749] [main/DEBUG] [mixin/]: Processing inject() for PlatformAgent[MixinPlatformAgentDefault:SecureJarResource(kambrik)]
[02May2025 20:50:28.749] [main/DEBUG] [mixin/]: Processing inject() for PlatformAgent[MixinPlatformAgentDefault:SecureJarResource(sophisticatedbackpacks)]
[02May2025 20:50:28.749] [main/DEBUG] [mixin/]: Processing inject() for PlatformAgent[MixinPlatformAgentDefault:SecureJarResource(architectury)]
[02May2025 20:50:28.749] [main/DEBUG] [mixin/]: Processing inject() for PlatformAgent[MixinPlatformAgentDefault:SecureJarResource(balm)]
[02May2025 20:50:28.750] [main/DEBUG] [mixin/]: Processing inject() for PlatformAgent[MixinPlatformAgentDefault:SecureJarResource(jeresources)]
[02May2025 20:50:28.750] [main/DEBUG] [mixin/]: Processing inject() for PlatformAgent[MixinPlatformAgentDefault:SecureJarResource(interaction_boxes)]
[02May2025 20:50:28.750] [main/DEBUG] [mixin/]: Processing inject() for PlatformAgent[MixinPlatformAgentDefault:SecureJarResource(ars_nouveau)]
[02May2025 20:50:28.750] [main/DEBUG] [mixin/]: Processing inject() for PlatformAgent[MixinPlatformAgentDefault:SecureJarResource(paraglider)]
[02May2025 20:50:28.750] [main/DEBUG] [mixin/]: Processing inject() for PlatformAgent[MixinPlatformAgentDefault:SecureJarResource(cloth_config)]
[02May2025 20:50:28.750] [main/DEBUG] [mixin/]: Processing inject() for PlatformAgent[MixinPlatformAgentDefault:SecureJarResource(voicechat)]
[02May2025 20:50:28.750] [main/DEBUG] [mixin/]: Processing inject() for PlatformAgent[MixinPlatformAgentDefault:SecureJarResource(simplyswords)]
[02May2025 20:50:28.760] [main/DEBUG] [mixin/]: Processing inject() for PlatformAgent[MixinPlatformAgentDefault:SecureJarResource(bettercombat)]
[02May2025 20:50:28.760] [main/DEBUG] [mixin/]: Processing inject() for PlatformAgent[MixinPlatformAgentDefault:SecureJarResource(sound_physics_remastered)]
[02May2025 20:50:28.760] [main/DEBUG] [mixin/]: Processing inject() for PlatformAgent[MixinPlatformAgentDefault:SecureJarResource(forge)]
[02May2025 20:50:28.761] [main/DEBUG] [mixin/]: Processing inject() for PlatformAgent[MixinPlatformAgentDefault:SecureJarResource(skinrestorer)]
[02May2025 20:50:28.761] [main/DEBUG] [mixin/]: Processing inject() for PlatformAgent[MixinPlatformAgentDefault:SecureJarResource(mclib)]
[02May2025 20:50:28.761] [main/DEBUG] [mixin/]: Processing inject() for PlatformAgent[MixinPlatformAgentDefault:SecureJarResource(java.client.SNAPSHOT)]
[02May2025 20:50:28.761] [main/DEBUG] [mixin/]: Processing inject() for PlatformAgent[MixinPlatformAgentDefault:SecureJarResource(thedarkcolour.kotlinforforge.kfflib)]
[02May2025 20:50:28.761] [main/DEBUG] [mixin/]: Processing inject() for PlatformAgent[MixinPlatformAgentDefault:SecureJarResource(MixinExtras)]
[02May2025 20:50:28.832] [main/DEBUG] [mixin/]: Error cleaning class output directory: .mixin.out
[02May2025 20:50:28.837] [main/DEBUG] [mixin/]: Preparing mixins for MixinEnvironment[PREINIT]
[02May2025 20:50:28.851] [main/INFO] [mixin/]: Successfully loaded Mixin Connector [com.sonicether.soundphysics.MixinConnector]
[02May2025 20:50:28.855] [main/INFO] [cpw.mods.modlauncher.LaunchServiceHandler/MODLAUNCHER]: Launching target 'forgeserver' with arguments [nogui]
[02May2025 20:50:28.859] [main/DEBUG] [mixin/]: Preparing mixins for MixinEnvironment[DEFAULT]
[02May2025 20:50:28.860] [main/DEBUG] [mixin/]: Selecting config uniquedungeons.mixin.json
[02May2025 20:50:28.869] [main/DEBUG] [mixin/]: Selecting config kuma_api.mixins.json
[02May2025 20:50:28.871] [main/DEBUG] [mixin/]: Selecting config kuma_api.forge.mixins.json
[02May2025 20:50:28.872] [main/DEBUG] [mixin/]: Selecting config terrablender.mixins.json
[02May2025 20:50:28.873] [main/DEBUG] [mixin/]: Selecting config terrablender_forge.mixins.json
[02May2025 20:50:28.874] [main/DEBUG] [mixin/]: Selecting config ambientsounds.mixins.json
[02May2025 20:50:28.875] [main/DEBUG] [mixin/]: Selecting config mixins.theorcs.json
[02May2025 20:50:28.877] [main/DEBUG] [mixin/]: Selecting config geckolib.mixins.json
[02May2025 20:50:28.878] [main/DEBUG] [mixin/]: Selecting config playerAnimator-common.mixins.json
[02May2025 20:50:28.881] [main/DEBUG] [mixin/]: Selecting config creativecore.mixins.json
[02May2025 20:50:28.885] [main/DEBUG] [mixin/]: Selecting config creativecore.forge.mixins.json
[02May2025 20:50:28.887] [main/DEBUG] [mixin/]: Selecting config curios.mixins.json
[02May2025 20:50:28.890] [main/DEBUG] [mixin/]: Selecting config patchouli_xplat.mixins.json
[02May2025 20:50:28.894] [main/DEBUG] [mixin/]: Selecting config waystones.mixins.json
[02May2025 20:50:28.896] [main/DEBUG] [mixin/]: Selecting config mixinextras.init.mixins.json
[02May2025 20:50:28.942] [main/DEBUG] [MixinExtras|Service/]: com.llamalad7.mixinextras.service.MixinExtrasServiceImpl(version=0.2.0) is taking over from null
[02May2025 20:50:29.007] [main/DEBUG] [mixin/]: Registering new injector for @Inject with org.spongepowered.asm.mixin.injection.struct.CallbackInjectionInfo
[02May2025 20:50:29.011] [main/DEBUG] [mixin/]: Registering new injector for @ModifyArg with org.spongepowered.asm.mixin.injection.struct.ModifyArgInjectionInfo
[02May2025 20:50:29.014] [main/DEBUG] [mixin/]: Registering new injector for @ModifyArgs with org.spongepowered.asm.mixin.injection.struct.ModifyArgsInjectionInfo
[02May2025 20:50:29.016] [main/DEBUG] [mixin/]: Registering new injector for @Redirect with org.spongepowered.asm.mixin.injection.struct.RedirectInjectionInfo
[02May2025 20:50:29.022] [main/DEBUG] [mixin/]: Registering new injector for @ModifyVariable with org.spongepowered.asm.mixin.injection.struct.ModifyVariableInjectionInfo
[02May2025 20:50:29.023] [main/DEBUG] [mixin/]: Registering new injector for @ModifyConstant with org.spongepowered.asm.mixin.injection.struct.ModifyConstantInjectionInfo
[02May2025 20:50:29.072] [main/DEBUG] [mixin/]: Selecting config glitchcore.mixins.json
[02May2025 20:50:29.080] [main/DEBUG] [mixin/]: Selecting config glitchcore.forge.mixins.json
[02May2025 20:50:29.084] [main/DEBUG] [mixin/]: Selecting config biomesoplenty.mixins.json
[02May2025 20:50:29.087] [main/DEBUG] [mixin/]: Selecting config biomesoplenty.forge.mixins.json
[02May2025 20:50:29.088] [main/DEBUG] [mixin/]: Selecting config kambrik.mixins.json
[02May2025 20:50:29.090] [main/DEBUG] [mixin/]: Selecting config architectury.mixins.json
[02May2025 20:50:29.095] [main/DEBUG] [mixin/]: Selecting config architectury-common.mixins.json
[02May2025 20:50:29.098] [main/DEBUG] [mixin/]: Selecting config balm.mixins.json
[02May2025 20:50:29.100] [main/DEBUG] [mixin/]: Selecting config interaction_boxes.mixin.json
[02May2025 20:50:29.104] [main/DEBUG] [mixin/]: Selecting config ars_nouveau.mixins.json
[02May2025 20:50:29.111] [main/DEBUG] [mixin/]: Selecting config paraglider.mixins.json
[02May2025 20:50:29.115] [main/DEBUG] [mixin/]: Selecting config simplyswords-common.mixins.json
[02May2025 20:50:29.120] [main/DEBUG] [mixin/]: Selecting config simplyswords.mixins.json
[02May2025 20:50:29.122] [main/WARN] [mixin/]: Reference map 'simplyswords-forge-refmap.json' for simplyswords.mixins.json could not be read. If this is a development environment you can ignore this message
[02May2025 20:50:29.123] [main/DEBUG] [mixin/]: Selecting config bettercombat.mixins.json
[02May2025 20:50:29.128] [main/DEBUG] [mixin/]: Selecting config skinrestorer.mixins.json
[02May2025 20:50:29.136] [main/DEBUG] [mixin/]: Selecting config sound_physics_remastered.mixins.json
[02May2025 20:50:29.147] [main/DEBUG] [mixin/]: Preparing uniquedungeons.mixin.json (7)
[02May2025 20:50:29.224] [main/DEBUG] [net.minecraftforge.coremod.transformer.CoreModBaseTransformer/COREMOD]: Transforming net/minecraft/world/item/ItemStack
[02May2025 20:50:29.472] [main/DEBUG] [mixin/]: Preparing kuma_api.mixins.json (1)
[02May2025 20:50:29.472] [main/DEBUG] [mixin/]: Preparing kuma_api.forge.mixins.json (0)
[02May2025 20:50:29.472] [main/DEBUG] [mixin/]: Preparing terrablender.mixins.json (7)
[02May2025 20:50:29.529] [main/DEBUG] [mixin/]: Preparing terrablender_forge.mixins.json (0)
[02May2025 20:50:29.529] [main/DEBUG] [mixin/]: Preparing ambientsounds.mixins.json (2)
[02May2025 20:50:29.529] [main/DEBUG] [mixin/]: Preparing mixins.theorcs.json (1)
[02May2025 20:50:29.533] [main/DEBUG] [mixin/]: Preparing geckolib.mixins.json (1)
[02May2025 20:50:29.533] [main/DEBUG] [mixin/]: Preparing playerAnimator-common.mixins.json (14)
[02May2025 20:50:29.533] [main/DEBUG] [mixin/]: Preparing creativecore.mixins.json (8)
[02May2025 20:50:29.613] [main/DEBUG] [mixin/]: Preparing creativecore.forge.mixins.json (3)
[02May2025 20:50:29.615] [main/DEBUG] [mixin/]: Preparing curios.mixins.json (13)
[02May2025 20:50:29.678] [main/DEBUG] [mixin/]: Preparing patchouli_xplat.mixins.json (10)
[02May2025 20:50:29.684] [main/DEBUG] [mixin/]: Preparing waystones.mixins.json (3)
[02May2025 20:50:29.691] [main/DEBUG] [mixin/]: Preparing mixinextras.init.mixins.json (0)
[02May2025 20:50:29.692] [main/DEBUG] [mixin/]: Preparing glitchcore.mixins.json (4)
[02May2025 20:50:29.705] [main/DEBUG] [mixin/]: Preparing glitchcore.forge.mixins.json (7)
[02May2025 20:50:29.710] [main/DEBUG] [mixin/]: Preparing biomesoplenty.mixins.json (0)
[02May2025 20:50:29.710] [main/DEBUG] [mixin/]: Preparing biomesoplenty.forge.mixins.json (2)
[02May2025 20:50:29.717] [main/DEBUG] [mixin/]: Preparing kambrik.mixins.json (2)
[02May2025 20:50:29.719] [main/DEBUG] [mixin/]: Preparing architectury.mixins.json (9)
[02May2025 20:50:29.740] [main/DEBUG] [mixin/]: Preparing architectury-common.mixins.json (10)
[02May2025 20:50:29.760] [main/DEBUG] [net.minecraftforge.coremod.transformer.CoreModBaseTransformer/COREMOD]: Transforming net/minecraft/world/item/BucketItem
[02May2025 20:50:29.779] [main/DEBUG] [net.minecraftforge.coremod.transformer.CoreModBaseTransformer/COREMOD]: Transforming net/minecraft/world/entity/EntityType
[02May2025 20:50:30.281] [main/DEBUG] [net.minecraftforge.coremod.transformer.CoreModBaseTransformer/COREMOD]: Transforming net/minecraft/world/level/block/LiquidBlock
[02May2025 20:50:30.302] [main/DEBUG] [mixin/]: Preparing balm.mixins.json (16)
[02May2025 20:50:30.379] [main/DEBUG] [mixin/]: Preparing interaction_boxes.mixin.json (1)
[02May2025 20:50:30.382] [main/DEBUG] [mixin/]: Preparing ars_nouveau.mixins.json (30)
[02May2025 20:50:30.699] [main/DEBUG] [net.minecraftforge.coremod.transformer.CoreModBaseTransformer/COREMOD]: Transforming net/minecraft/world/level/levelgen/structure/templatesystem/StructureTemplate
[02May2025 20:50:31.189] [main/DEBUG] [mixin/]: Preparing paraglider.mixins.json (4)
[02May2025 20:50:31.196] [main/DEBUG] [net.minecraftforge.coremod.transformer.CoreModBaseTransformer/COREMOD]: Transforming net/minecraft/world/entity/raid/Raid
[02May2025 20:50:31.627] [main/DEBUG] [mixin/]: Preparing simplyswords-common.mixins.json (2)
[02May2025 20:50:31.637] [main/DEBUG] [mixin/]: Preparing simplyswords.mixins.json (0)
[02May2025 20:50:31.637] [main/DEBUG] [mixin/]: Preparing bettercombat.mixins.json (17)
[02May2025 20:50:31.676] [main/DEBUG] [mixin/]: Preparing skinrestorer.mixins.json (4)
[02May2025 20:50:31.687] [main/DEBUG] [mixin/]: @Mixin target net/minecraft/server/level/ChunkMap$TrackedEntity is public in skinrestorer.mixins.json:TrackedEntityAccessorInvoker and should be specified in value
[02May2025 20:50:31.688] [main/DEBUG] [mixin/]: Preparing sound_physics_remastered.mixins.json (11)
[02May2025 20:50:31.807] [main/DEBUG] [mixin/]: Inner class glitchcore/forge/mixin/impl/MixinPacketHandler$1 in glitchcore/forge/mixin/impl/MixinPacketHandler on glitchcore/network/PacketHandler gets unique name glitchcore/network/PacketHandler$Anonymous$67000635d4c44e71ac6b4a0fd10fdc35
[02May2025 20:50:31.881] [main/DEBUG] [mixin/]: Prepared 111 mixins in 3.015 sec (27.2ms avg) (0ms load, 0ms transform, 0ms plugin)
[02May2025 20:50:31.917] [main/INFO] [MixinExtras|Service/]: Initializing MixinExtras via com.llamalad7.mixinextras.service.MixinExtrasServiceImpl(version=0.2.0).
[02May2025 20:50:31.934] [main/DEBUG] [mixin/]: Mixing MinecraftServerMixin from balm.mixins.json into net.minecraft.server.MinecraftServer
[02May2025 20:50:31.963] [main/DEBUG] [mixin/]: Renaming synthetic method lambda$reloadResources$0(Ljava/lang/Void;)V to md6c06bc$lambda$reloadResources$0$0 in balm.mixins.json:MinecraftServerMixin
[02May2025 20:50:32.265] [main/DEBUG] [io.netty.util.internal.logging.InternalLoggerFactory/]: Using SLF4J as the default logging framework
[02May2025 20:50:32.269] [main/DEBUG] [io.netty.util.ResourceLeakDetector/]: -Dio.netty.leakDetection.level: simple
[02May2025 20:50:32.270] [main/DEBUG] [io.netty.util.ResourceLeakDetector/]: -Dio.netty.leakDetection.targetRecords: 4
[02May2025 20:50:33.006] [main/DEBUG] [oshi.util.FileUtil/]: No oshi.properties file found from ClassLoader cpw.mods.modlauncher.TransformingClassLoader@14c93774
[02May2025 20:50:33.009] [main/DEBUG] [oshi.util.FileUtil/]: No oshi.properties file found from ClassLoader jdk.internal.loader.ClassLoaders$AppClassLoader@76ed5528
[02May2025 20:50:33.359] [main/DEBUG] [oshi.util.FileUtil/]: Reading file /proc/self/auxv
[02May2025 20:50:33.362] [main/DEBUG] [oshi.util.FileUtil/]: Reading file /proc/self/auxv
[02May2025 20:50:33.377] [main/DEBUG] [oshi.util.FileUtil/]: Reading file /proc/stat
[02May2025 20:50:33.413] [main/DEBUG] [oshi.util.FileUtil/]: Reading file /sys/devices/system/cpu/cpu0/topology/core_id
[02May2025 20:50:33.414] [main/DEBUG] [oshi.util.FileUtil/]: Reading file /sys/devices/system/cpu/cpu0/topology/core_id
[02May2025 20:50:33.415] [main/DEBUG] [oshi.util.FileUtil/]: Reading file /sys/devices/system/cpu/cpu0/topology/physical_package_id
[02May2025 20:50:33.415] [main/DEBUG] [oshi.util.FileUtil/]: Reading file /sys/devices/system/cpu/cpu0/topology/physical_package_id
[02May2025 20:50:33.416] [main/DEBUG] [oshi.util.FileUtil/]: Reading file /sys/devices/system/cpu/cpu0/cpu_capacity
[02May2025 20:50:33.419] [main/DEBUG] [oshi.util.FileUtil/]: Reading file /sys/devices/system/cpu/cpu1/topology/core_id
[02May2025 20:50:33.421] [main/DEBUG] [oshi.util.FileUtil/]: Reading file /sys/devices/system/cpu/cpu1/topology/core_id
[02May2025 20:50:33.421] [main/DEBUG] [oshi.util.FileUtil/]: Reading file /sys/devices/system/cpu/cpu1/topology/physical_package_id
[02May2025 20:50:33.421] [main/DEBUG] [oshi.util.FileUtil/]: Reading file /sys/devices/system/cpu/cpu1/topology/physical_package_id
[02May2025 20:50:33.421] [main/DEBUG] [oshi.util.FileUtil/]: Reading file /sys/devices/system/cpu/cpu1/cpu_capacity
[02May2025 20:50:33.423] [main/DEBUG] [oshi.util.FileUtil/]: Reading file /proc/cpuinfo
[02May2025 20:50:33.439] [main/DEBUG] [oshi.util.FileUtil/]: Reading file /proc/self/auxv
[02May2025 20:50:33.442] [main/DEBUG] [oshi.util.FileUtil/]: No oshi.architecture.properties file found from ClassLoader cpw.mods.modlauncher.TransformingClassLoader@14c93774
[02May2025 20:50:33.442] [main/DEBUG] [oshi.util.FileUtil/]: No oshi.architecture.properties file found from ClassLoader jdk.internal.loader.ClassLoaders$AppClassLoader@76ed5528
[02May2025 20:50:33.465] [main/DEBUG] [oshi.util.FileUtil/]: Reading file /proc/meminfo
[02May2025 20:50:33.467] [main/DEBUG] [oshi.util.FileUtil/]: Reading file /proc/meminfo
[02May2025 20:50:33.615] [main/DEBUG] [mixin/]: Mixing MixinBuiltInRegistries from terrablender.mixins.json into net.minecraft.core.registries.BuiltInRegistries
[02May2025 20:50:33.616] [main/DEBUG] [mixin/]: Renaming synthetic method lambda$registerSimple$0(Lnet/minecraft/core/registries/BuiltInRegistries$RegistryBootstrap;Lnet/minecraft/core/Registry;)Ljava/lang/Object; to md6c06bc$lambda$registerSimple$0$0 in terrablender.mixins.json:MixinBuiltInRegistries
[02May2025 20:50:33.814] [main/DEBUG] [mixin/]: Mixing inject.MixinGameEvent from architectury-common.mixins.json into net.minecraft.world.level.gameevent.GameEvent
[02May2025 20:50:33.834] [main/DEBUG] [mixin/]: Mixing SoundEventMixin from sound_physics_remastered.mixins.json into net.minecraft.sounds.SoundEvent
[02May2025 20:50:33.930] [main/DEBUG] [mixin/]: Mixing inject.MixinBlock from architectury-common.mixins.json into net.minecraft.world.level.block.Block
[02May2025 20:50:33.996] [main/DEBUG] [mixin/]: Mixing redstone.RedstoneLevelMixin from ars_nouveau.mixins.json into net.minecraft.world.level.block.state.BlockBehaviour$BlockStateBase
[02May2025 20:50:34.041] [main/DEBUG] [mixin/]: Mixing AccessorEntity from curios.mixins.json into net.minecraft.world.entity.Entity
[02May2025 20:50:34.057] [main/DEBUG] [mixin/]: Mixing EntityMixin from balm.mixins.json into net.minecraft.world.entity.Entity
[02May2025 20:50:34.070] [main/DEBUG] [mixin/]: Mixing rewind.RewindEntityMixin from ars_nouveau.mixins.json into net.minecraft.world.entity.Entity
[02May2025 20:50:34.185] [main/DEBUG] [mixin/]: Mixing EntityMixin from sound_physics_remastered.mixins.json into net.minecraft.world.entity.Entity
[02May2025 20:50:34.424] [main/DEBUG] [mixin/]: Mixing LivingEntityMixin from uniquedungeons.mixin.json into net.minecraft.world.entity.LivingEntity
[02May2025 20:50:34.473] [main/DEBUG] [mixin/]: Mixing MixinLivingEntity from curios.mixins.json into net.minecraft.world.entity.LivingEntity
[02May2025 20:50:34.482] [main/DEBUG] [mixin/]: Mixing LivingAccessor from ars_nouveau.mixins.json into net.minecraft.world.entity.LivingEntity
[02May2025 20:50:34.485] [main/DEBUG] [mixin/]: Mixing elytra.MixinLivingEntity from ars_nouveau.mixins.json into net.minecraft.world.entity.LivingEntity
[02May2025 20:50:34.500] [main/DEBUG] [mixin/]: Mixing perks.PerkLivingEntity from ars_nouveau.mixins.json into net.minecraft.world.entity.LivingEntity
[02May2025 20:50:34.540] [main/DEBUG] [mixin/]: Mixing LivingEntityMixin from simplyswords-common.mixins.json into net.minecraft.world.entity.LivingEntity
[02May2025 20:50:34.738] [main/DEBUG] [net.minecraftforge.coremod.transformer.CoreModBaseTransformer/COREMOD]: Transforming net/minecraft/world/effect/MobEffectInstance
[02May2025 20:50:34.795] [main/DEBUG] [mixin/]: Mixing LivingEntityAccessor from bettercombat.mixins.json into net.minecraft.world.entity.LivingEntity
[02May2025 20:50:34.796] [main/DEBUG] [mixin/]: Mixing LivingEntityMixin from bettercombat.mixins.json into net.minecraft.world.entity.LivingEntity
[02May2025 20:50:34.809] [main/DEBUG] [mixin/]: Renaming synthetic method lambda$getAttributeValue_Inject$0(Lnet/minecraft/world/entity/player/Player;Lnet/minecraft/world/entity/ai/attributes/Attribute;Lorg/spongepowered/asm/mixin/injection/callback/CallbackInfoReturnable;)V to md6c06bc$lambda$getAttributeValue_Inject$0$0 in bettercombat.mixins.json:LivingEntityMixin
[02May2025 20:50:35.139] [main/DEBUG] [mixin/]: Mixing MixinServerLevel from glitchcore.mixins.json into net.minecraft.server.level.ServerLevel
[02May2025 20:50:35.221] [main/DEBUG] [mixin/]: Mixing PlayerMixin from uniquedungeons.mixin.json into net.minecraft.world.entity.player.Player
[02May2025 20:50:35.228] [main/DEBUG] [mixin/]: Mixing elytra.ElytraPlayerMixin from ars_nouveau.mixins.json into net.minecraft.world.entity.player.Player
[02May2025 20:50:35.232] [main/DEBUG] [mixin/]: Mixing MixinPlayer from paraglider.mixins.json into net.minecraft.world.entity.player.Player
[02May2025 20:50:35.238] [main/DEBUG] [mixin/]: Mixing PlayerEntityAccessor from bettercombat.mixins.json into net.minecraft.world.entity.player.Player
[02May2025 20:50:35.239] [main/DEBUG] [mixin/]: Mixing PlayerEntityMixin from bettercombat.mixins.json into net.minecraft.world.entity.player.Player
[02May2025 20:50:35.562] [main/DEBUG] [mixin/]: Mixing inject.MixinFluid from architectury-common.mixins.json into net.minecraft.world.level.material.Fluid
[02May2025 20:50:35.573] [main/DEBUG] [mixin/]: Mixing inject.MixinItem from architectury-common.mixins.json into net.minecraft.world.item.Item
[02May2025 20:50:35.708] [main/DEBUG] [net.minecraftforge.coremod.transformer.CoreModBaseTransformer/COREMOD]: Transforming net/minecraft/world/entity/EntityType
[02May2025 20:50:35.866] [main/DEBUG] [mixin/]: Mixing inject.MixinEntityType from architectury-common.mixins.json into net.minecraft.world.entity.EntityType
[02May2025 20:50:35.917] [main/DEBUG] [mixin/]: Mixing EnchantmentMixin from bettercombat.mixins.json into net.minecraft.world.item.enchantment.Enchantment
[02May2025 20:50:36.164] [main/DEBUG] [mixin/]: Mixing ShapesMixin from creativecore.mixins.json into net.minecraft.world.phys.shapes.Shapes
[02May2025 20:50:36.353] [main/DEBUG] [mixin/]: Mixing VoxelShapeAccessor from creativecore.mixins.json into net.minecraft.world.phys.shapes.VoxelShape
[02May2025 20:50:36.706] [main/DEBUG] [net.minecraftforge.coremod.transformer.CoreModBaseTransformer/COREMOD]: Transforming net/minecraft/world/level/block/LiquidBlock
[02May2025 20:50:36.706] [main/DEBUG] [mixin/]: Mixing inject.MixinLiquidBlock from architectury-common.mixins.json into net.minecraft.world.level.block.LiquidBlock
[02May2025 20:50:36.737] [main/DEBUG] [mixin/]: Mixing jar.DispenserMixin from ars_nouveau.mixins.json into net.minecraft.world.level.block.DispenserBlock
[02May2025 20:50:36.835] [main/DEBUG] [net.minecraftforge.coremod.transformer.CoreModBaseTransformer/COREMOD]: Transforming net/minecraft/world/level/block/StairBlock
[02May2025 20:50:36.850] [main/DEBUG] [mixin/]: Mixing CropBlockMixin from balm.mixins.json into net.minecraft.world.level.block.CropBlock
[02May2025 20:50:36.927] [main/DEBUG] [mixin/]: Mixing StemBlockMixin from balm.mixins.json into net.minecraft.world.level.block.StemBlock
[02May2025 20:50:36.985] [main/DEBUG] [net.minecraftforge.coremod.transformer.CoreModBaseTransformer/COREMOD]: Transforming net/minecraft/world/level/block/FlowerPotBlock
[02May2025 20:50:37.195] [main/DEBUG] [mixin/]: Mixing MixinPowderSnowBlock from curios.mixins.json into net.minecraft.world.level.block.PowderSnowBlock
[02May2025 20:50:37.549] [main/DEBUG] [mixin/]: Mixing MixinFallingBlockEntity from architectury.mixins.json into net.minecraft.world.entity.item.FallingBlockEntity
[02May2025 20:50:37.643] [main/DEBUG] [mixin/]: Mixing ServerPlayerMixin from uniquedungeons.mixin.json into net.minecraft.server.level.ServerPlayer
[02May2025 20:50:37.643] [main/DEBUG] [mixin/]: Mixing MixinServerPlayer from glitchcore.forge.mixins.json into net.minecraft.server.level.ServerPlayer
[02May2025 20:50:37.644] [main/DEBUG] [mixin/]: Mixing camera.ANServerPlayerMixin from ars_nouveau.mixins.json into net.minecraft.server.level.ServerPlayer
[02May2025 20:50:37.645] [main/DEBUG] [mixin/]: Mixing ServerPlayerEntityMixin from simplyswords-common.mixins.json into net.minecraft.server.level.ServerPlayer
[02May2025 20:50:37.647] [main/DEBUG] [mixin/]: Renaming synthetic method lambda$simplyswords$tick$3(Lnet/minecraft/tags/TagKey;Lnet/minecraft/world/item/Item;)Z to md6c06bc$lambda$simplyswords$tick$3$0 in simplyswords-common.mixins.json:ServerPlayerEntityMixin
[02May2025 20:50:37.647] [main/DEBUG] [mixin/]: Renaming synthetic method lambda$simplyswords$tick$2(Lnet/minecraft/tags/TagKey;Lnet/minecraft/world/item/Item;)Z to md6c06bc$lambda$simplyswords$tick$2$1 in simplyswords-common.mixins.json:ServerPlayerEntityMixin
[02May2025 20:50:37.647] [main/DEBUG] [mixin/]: Renaming synthetic method lambda$simplyswords$tick$1(Lnet/minecraft/world/entity/player/Player;Lnet/minecraft/world/entity/Entity;)D to md6c06bc$lambda$simplyswords$tick$1$2 in simplyswords-common.mixins.json:ServerPlayerEntityMixin
[02May2025 20:50:37.648] [main/DEBUG] [mixin/]: Renaming synthetic method lambda$simplyswords$tick$0(Lnet/minecraft/world/entity/player/Player;Lnet/minecraft/world/entity/Entity;)Z to md6c06bc$lambda$simplyswords$tick$0$3 in simplyswords-common.mixins.json:ServerPlayerEntityMixin
[02May2025 20:50:38.453] [main/DEBUG] [mixin/]: Mixing AbstractArrowMixin from uniquedungeons.mixin.json into net.minecraft.world.entity.projectile.AbstractArrow
[02May2025 20:50:38.495] [main/DEBUG] [mixin/]: Mixing MobAccessor from ars_nouveau.mixins.json into net.minecraft.world.entity.Mob
[02May2025 20:50:38.496] [main/DEBUG] [mixin/]: Mixing jar.MobAccessorMixin from ars_nouveau.mixins.json into net.minecraft.world.entity.Mob
[02May2025 20:50:38.608] [main/DEBUG] [net.minecraftforge.coremod.transformer.CoreModBaseTransformer/COREMOD]: Transforming net/minecraft/world/item/ItemStack
[02May2025 20:50:38.609] [main/DEBUG] [mixin/]: Mixing ItemStackMixin from uniquedungeons.mixin.json into net.minecraft.world.item.ItemStack
[02May2025 20:50:38.647] [main/DEBUG] [mixin/]: Mixing MixinItemStack from glitchcore.mixins.json into net.minecraft.world.item.ItemStack
[02May2025 20:50:38.650] [main/DEBUG] [mixin/]: Mixing ItemStackMixin from bettercombat.mixins.json into net.minecraft.world.item.ItemStack
[02May2025 20:50:39.812] [main/DEBUG] [mixin/]: Mixing MixinLightningBolt from architectury-common.mixins.json into net.minecraft.world.entity.LightningBolt
[02May2025 20:50:40.061] [main/DEBUG] [net.minecraftforge.coremod.transformer.CoreModBaseTransformer/COREMOD]: Transforming net/minecraft/world/entity/animal/frog/Tadpole
[02May2025 20:50:40.175] [main/DEBUG] [mixin/]: Mixing RangedWeaponItemMixin from bettercombat.mixins.json into net.minecraft.world.item.ProjectileWeaponItem
[02May2025 20:50:40.203] [main/DEBUG] [net.minecraftforge.coremod.transformer.CoreModBaseTransformer/COREMOD]: Transforming net/minecraft/world/item/BucketItem
[02May2025 20:50:40.203] [main/DEBUG] [mixin/]: Mixing inject.MixinBucketItem from architectury-common.mixins.json into net.minecraft.world.item.BucketItem
[02May2025 20:50:40.235] [main/DEBUG] [mixin/]: Mixing MixinShearsItem from curios.mixins.json into net.minecraft.world.item.ShearsItem
[02May2025 20:50:40.283] [main/DEBUG] [mixin/]: Mixing CrossbowMixin from ars_nouveau.mixins.json into net.minecraft.world.item.CrossbowItem
[02May2025 20:50:40.327] [main/DEBUG] [mixin/]: Mixing inject.MixinItemProperties from architectury-common.mixins.json into net.minecraft.world.item.Item$Properties
[02May2025 20:50:42.264] [main/DEBUG] [net.minecraftforge.coremod.transformer.CoreModBaseTransformer/COREMOD]: Transforming net/minecraft/world/entity/monster/Spider
[02May2025 20:50:42.407] [main/DEBUG] [net.minecraftforge.coremod.transformer.CoreModBaseTransformer/COREMOD]: Transforming net/minecraft/world/entity/monster/Zombie
[02May2025 20:50:42.551] [main/DEBUG] [net.minecraftforge.coremod.transformer.CoreModBaseTransformer/COREMOD]: Transforming net/minecraft/world/entity/monster/ZombieVillager
[02May2025 20:50:42.779] [main/DEBUG] [net.minecraftforge.coremod.transformer.CoreModBaseTransformer/COREMOD]: Transforming net/minecraft/world/entity/monster/Evoker$EvokerSummonSpellGoal
[02May2025 20:50:42.908] [main/DEBUG] [mixin/]: Mixing PufferfishAccessor from ars_nouveau.mixins.json into net.minecraft.world.entity.animal.Pufferfish
[02May2025 20:50:42.911] [main/DEBUG] [mixin/]: Renaming @Accessor method targetConditions()Lnet/minecraft/world/entity/ai/targeting/TargetingConditions; to targetConditions_$md$6c06bc$0 in ars_nouveau.mixins.json:PufferfishAccessor
[02May2025 20:50:42.937] [main/DEBUG] [net.minecraftforge.coremod.transformer.CoreModBaseTransformer/COREMOD]: Transforming net/minecraft/world/entity/animal/horse/SkeletonTrapGoal
[02May2025 20:50:42.981] [main/DEBUG] [net.minecraftforge.coremod.transformer.CoreModBaseTransformer/COREMOD]: Transforming net/minecraft/world/entity/monster/Strider
[02May2025 20:50:43.139] [main/DEBUG] [net.minecraftforge.coremod.transformer.CoreModBaseTransformer/COREMOD]: Transforming net/minecraft/world/entity/npc/Villager
[02May2025 20:50:43.320] [main/DEBUG] [mixin/]: Mixing inject.MixinFoodPropertiesBuilder from architectury-common.mixins.json into net.minecraft.world.food.FoodProperties$Builder
[02May2025 20:50:43.323] [main/DEBUG] [net.minecraftforge.coremod.transformer.CoreModBaseTransformer/COREMOD]: Transforming net/minecraft/world/effect/MobEffectInstance
[02May2025 20:50:43.359] [main/DEBUG] [mixin/]: Mixing ServerPlayNetworkHandlerMixin from bettercombat.mixins.json into net.minecraft.server.network.ServerGamePacketListenerImpl
[02May2025 20:50:43.385] [main/DEBUG] [mixin/]: Mixing PotionRecipeMixin from ars_nouveau.mixins.json into net.minecraft.world.item.alchemy.PotionBrewing
[02May2025 20:50:43.385] [main/DEBUG] [mixin/]: Renaming @Accessor method mixList()Ljava/util/List; to mixList_$md$6c06bc$0 in ars_nouveau.mixins.json:PotionRecipeMixin
[02May2025 20:50:43.444] [main/DEBUG] [mixin/]: Mixing SweepingEnchantmentMixin from bettercombat.mixins.json into net.minecraft.world.item.enchantment.SweepingEdgeEnchantment
[02May2025 20:50:43.475] [main/DEBUG] [mixin/]: Mixing structure.StructureProcessorAccessor from ars_nouveau.mixins.json into net.minecraft.world.level.levelgen.structure.templatesystem.StructureProcessor
[02May2025 20:50:43.537] [main/DEBUG] [mixin/]: Mixing MixinInventory from curios.mixins.json into net.minecraft.world.entity.player.Inventory
[02May2025 20:50:43.548] [main/DEBUG] [mixin/]: Mixing SlotAccessor from balm.mixins.json into net.minecraft.world.inventory.Slot
[02May2025 20:50:43.748] [main/DEBUG] [mixin/]: Mixing MixinApplyBonusCount from curios.mixins.json into net.minecraft.world.level.storage.loot.functions.ApplyBonusCount
[02May2025 20:50:44.083] [main/DEBUG] [net.minecraftforge.coremod.transformer.CoreModBaseTransformer/COREMOD]: Transforming net/minecraft/world/level/levelgen/structure/Structure
[02May2025 20:50:44.131] [main/DEBUG] [net.minecraftforge.coremod.transformer.CoreModBaseTransformer/COREMOD]: Transforming net/minecraft/world/level/levelgen/structure/structures/OceanRuinPieces$OceanRuinPiece
[02May2025 20:50:44.155] [main/DEBUG] [net.minecraftforge.coremod.transformer.CoreModBaseTransformer/COREMOD]: Transforming net/minecraft/world/level/levelgen/structure/structures/SwampHutPiece
[02May2025 20:50:44.178] [main/DEBUG] [net.minecraftforge.coremod.transformer.CoreModBaseTransformer/COREMOD]: Transforming net/minecraft/world/level/levelgen/structure/structures/OceanMonumentPieces$OceanMonumentPiece
[02May2025 20:50:44.213] [main/DEBUG] [net.minecraftforge.coremod.transformer.CoreModBaseTransformer/COREMOD]: Transforming net/minecraft/world/level/levelgen/structure/structures/WoodlandMansionPieces$WoodlandMansionPiece
[02May2025 20:50:44.278] [main/DEBUG] [mixin/]: Mixing JigsawStructureMix from mixins.theorcs.json into net.minecraft.world.level.levelgen.structure.structures.JigsawStructure
[02May2025 20:50:44.279] [main/DEBUG] [net.minecraftforge.coremod.transformer.CoreModBaseTransformer/COREMOD]: Transforming net/minecraft/world/level/levelgen/structure/Structure
[02May2025 20:50:44.302] [main/DEBUG] [mixin/]: Mixing StructureTemplatePoolAccessor from waystones.mixins.json into net.minecraft.world.level.levelgen.structure.pools.StructureTemplatePool
[02May2025 20:50:44.302] [main/DEBUG] [mixin/]: Mixing StructurePoolAccessor from kambrik.mixins.json into net.minecraft.world.level.levelgen.structure.pools.StructureTemplatePool
[02May2025 20:50:44.303] [main/DEBUG] [mixin/]: kambrik.mixins.json:StructurePoolAccessor: Class version 61 required is higher than the class version supported by the current version of Mixin (JAVA_8 supports class version 52)
[02May2025 20:50:44.394] [main/DEBUG] [mixin/]: Mixing MixinBiomeSource from terrablender.mixins.json into net.minecraft.world.level.biome.BiomeSource
[02May2025 20:50:44.395] [main/DEBUG] [mixin/]: Renaming synthetic method lambda$appendDeferredBiomesList$0(Lcom/google/common/collect/ImmutableList;)Ljava/util/Set; to md6c06bc$lambda$appendDeferredBiomesList$0$0 in terrablender.mixins.json:MixinBiomeSource
[02May2025 20:50:44.435] [main/DEBUG] [net.minecraftforge.coremod.transformer.CoreModBaseTransformer/COREMOD]: Transforming net/minecraft/world/level/biome/Biome
[02May2025 20:50:44.491] [main/DEBUG] [mixin/]: Mixing MixinMultiNoiseBiomeSource from terrablender.mixins.json into net.minecraft.world.level.biome.MultiNoiseBiomeSource
[02May2025 20:50:44.494] [main/DEBUG] [mixin/]: Mixing MixinParameterList from terrablender.mixins.json into net.minecraft.world.level.biome.Climate$ParameterList
[02May2025 20:50:44.495] [main/DEBUG] [mixin/]: Renaming synthetic method lambda$initializeForTerraBlender$0(Lnet/minecraft/core/Registry;Lcom/google/common/collect/ImmutableList$Builder;Lcom/mojang/datafixers/util/Pair;)V to md6c06bc$lambda$initializeForTerraBlender$0$0 in terrablender.mixins.json:MixinParameterList
[02May2025 20:50:44.525] [main/DEBUG] [mixin/]: Mixing MixinNoiseGeneratorSettings from terrablender.mixins.json into net.minecraft.world.level.levelgen.NoiseGeneratorSettings
[02May2025 20:50:44.637] [main/DEBUG] [mixin/]: Mixing SinglePoolElementMixin from waystones.mixins.json into net.minecraft.world.level.levelgen.structure.pools.SinglePoolElement
[02May2025 20:50:44.639] [main/DEBUG] [mixin/]: Renaming synthetic method lambda$waystones$isWaystone$1(Lnet/minecraft/world/level/levelgen/structure/templatesystem/StructureTemplate;)V to md6c06bc$lambda$waystones$isWaystone$1$0 in waystones.mixins.json:SinglePoolElementMixin
[02May2025 20:50:44.639] [main/DEBUG] [mixin/]: Renaming synthetic method lambda$waystones$isWaystone$0(Lnet/minecraft/resources/ResourceLocation;)V to md6c06bc$lambda$waystones$isWaystone$0$1 in waystones.mixins.json:SinglePoolElementMixin
[02May2025 20:50:44.838] [main/DEBUG] [net.minecraftforge.common.ForgeI18n/CORE]: Loading I18N data entries: 6430
[02May2025 20:50:44.876] [main/DEBUG] [net.minecraftforge.fml.ModWorkManager/LOADING]: Using 2 threads for parallel mod-loading
[02May2025 20:50:44.895] [main/DEBUG] [net.minecraftforge.fml.javafmlmod.FMLJavaModLanguageProvider/LOADING]: Loading FMLModContainer from classloader cpw.mods.modlauncher.TransformingClassLoader@14c93774 - got cpw.mods.cl.ModuleClassLoader@2d6aca33
[02May2025 20:50:44.896] [main/DEBUG] [net.minecraftforge.fml.javafmlmod.FMLModContainer/LOADING]: Creating FMLModContainer instance for com.becks.uniquedungeons.UniqueDungeons
[02May2025 20:50:44.909] [main/DEBUG] [net.minecraftforge.fml.javafmlmod.FMLJavaModLanguageProvider/LOADING]: Loading FMLModContainer from classloader cpw.mods.modlauncher.TransformingClassLoader@14c93774 - got cpw.mods.cl.ModuleClassLoader@2d6aca33
[02May2025 20:50:44.909] [main/DEBUG] [net.minecraftforge.fml.javafmlmod.FMLModContainer/LOADING]: Creating FMLModContainer instance for net.blay09.mods.kuma.forge.ForgeKumaAPI
[02May2025 20:50:44.910] [main/DEBUG] [net.minecraftforge.fml.javafmlmod.FMLJavaModLanguageProvider/LOADING]: Loading FMLModContainer from classloader cpw.mods.modlauncher.TransformingClassLoader@14c93774 - got cpw.mods.cl.ModuleClassLoader@2d6aca33
[02May2025 20:50:44.910] [main/DEBUG] [net.minecraftforge.fml.javafmlmod.FMLModContainer/LOADING]: Creating FMLModContainer instance for terrablender.core.TerraBlenderForge
[02May2025 20:50:44.911] [main/DEBUG] [net.minecraftforge.fml.javafmlmod.FMLJavaModLanguageProvider/LOADING]: Loading FMLModContainer from classloader cpw.mods.modlauncher.TransformingClassLoader@14c93774 - got cpw.mods.cl.ModuleClassLoader@2d6aca33
[02May2025 20:50:44.911] [main/DEBUG] [net.minecraftforge.fml.javafmlmod.FMLModContainer/LOADING]: Creating FMLModContainer instance for team.creative.ambientsounds.AmbientSounds
[02May2025 20:50:44.912] [main/DEBUG] [net.minecraftforge.fml.javafmlmod.FMLJavaModLanguageProvider/LOADING]: Loading FMLModContainer from classloader cpw.mods.modlauncher.TransformingClassLoader@14c93774 - got cpw.mods.cl.ModuleClassLoader@2d6aca33
[02May2025 20:50:44.912] [main/DEBUG] [net.minecraftforge.fml.javafmlmod.FMLModContainer/LOADING]: Creating FMLModContainer instance for net.mcreator.jet_and_elias_armors.JetAndEliasArmorsMod
[02May2025 20:50:44.913] [main/DEBUG] [net.minecraftforge.fml.javafmlmod.FMLJavaModLanguageProvider/LOADING]: Loading FMLModContainer from classloader cpw.mods.modlauncher.TransformingClassLoader@14c93774 - got cpw.mods.cl.ModuleClassLoader@2d6aca33
[02May2025 20:50:44.913] [main/DEBUG] [net.minecraftforge.fml.javafmlmod.FMLModContainer/LOADING]: Creating FMLModContainer instance for filthycoin.theorcs.TheOrcs
[02May2025 20:50:44.913] [main/DEBUG] [net.minecraftforge.fml.javafmlmod.FMLJavaModLanguageProvider/LOADING]: Loading FMLModContainer from classloader cpw.mods.modlauncher.TransformingClassLoader@14c93774 - got cpw.mods.cl.ModuleClassLoader@2d6aca33
[02May2025 20:50:44.914] [main/DEBUG] [net.minecraftforge.fml.javafmlmod.FMLModContainer/LOADING]: Creating FMLModContainer instance for software.bernie.example.GeckoLibMod
[02May2025 20:50:44.914] [main/DEBUG] [net.minecraftforge.fml.javafmlmod.FMLJavaModLanguageProvider/LOADING]: Loading FMLModContainer from classloader cpw.mods.modlauncher.TransformingClassLoader@14c93774 - got cpw.mods.cl.ModuleClassLoader@2d6aca33
[02May2025 20:50:44.914] [main/DEBUG] [net.minecraftforge.fml.javafmlmod.FMLModContainer/LOADING]: Creating FMLModContainer instance for dev.kosmx.playerAnim.forge.ForgeModInterface
[02May2025 20:50:44.914] [main/DEBUG] [net.minecraftforge.fml.javafmlmod.FMLJavaModLanguageProvider/LOADING]: Loading FMLModContainer from classloader cpw.mods.modlauncher.TransformingClassLoader@14c93774 - got cpw.mods.cl.ModuleClassLoader@2d6aca33
[02May2025 20:50:44.915] [main/DEBUG] [net.minecraftforge.fml.javafmlmod.FMLModContainer/LOADING]: Creating FMLModContainer instance for team.creative.creativecore.CreativeCore
[02May2025 20:50:44.915] [main/DEBUG] [net.minecraftforge.fml.javafmlmod.FMLJavaModLanguageProvider/LOADING]: Loading FMLModContainer from classloader cpw.mods.modlauncher.TransformingClassLoader@14c93774 - got cpw.mods.cl.ModuleClassLoader@2d6aca33
[02May2025 20:50:44.916] [main/DEBUG] [net.minecraftforge.fml.javafmlmod.FMLModContainer/LOADING]: Creating FMLModContainer instance for net.spellcraftgaming.rpghud.main.ModRPGHud
[02May2025 20:50:44.916] [main/DEBUG] [net.minecraftforge.fml.javafmlmod.FMLJavaModLanguageProvider/LOADING]: Loading FMLModContainer from classloader cpw.mods.modlauncher.TransformingClassLoader@14c93774 - got cpw.mods.cl.ModuleClassLoader@2d6aca33
[02May2025 20:50:44.916] [main/DEBUG] [net.minecraftforge.fml.javafmlmod.FMLModContainer/LOADING]: Creating FMLModContainer instance for mezz.jei.forge.JustEnoughItems
[02May2025 20:50:44.917] [main/DEBUG] [net.minecraftforge.fml.javafmlmod.FMLJavaModLanguageProvider/LOADING]: Loading FMLModContainer from classloader cpw.mods.modlauncher.TransformingClassLoader@14c93774 - got cpw.mods.cl.ModuleClassLoader@2d6aca33
[02May2025 20:50:44.917] [main/DEBUG] [net.minecraftforge.fml.javafmlmod.FMLModContainer/LOADING]: Creating FMLModContainer instance for com.melvinbur.archbows.ArchBows
[02May2025 20:50:44.917] [main/DEBUG] [net.minecraftforge.fml.javafmlmod.FMLJavaModLanguageProvider/LOADING]: Loading FMLModContainer from classloader cpw.mods.modlauncher.TransformingClassLoader@14c93774 - got cpw.mods.cl.ModuleClassLoader@2d6aca33
[02May2025 20:50:44.918] [main/DEBUG] [net.minecraftforge.fml.javafmlmod.FMLModContainer/LOADING]: Creating FMLModContainer instance for net.mcreator.borninchaosv.BornInChaosV1Mod
[02May2025 20:50:44.920] [main/DEBUG] [thedarkcolour.kotlinforforge.LoggerKt/LOADING]: Loading KotlinModContainer from classloader cpw.mods.modlauncher.TransformingClassLoader@14c93774 - got cpw.mods.cl.ModuleClassLoader@2d6aca33}
[02May2025 20:50:44.920] [main/DEBUG] [thedarkcolour.kotlinforforge.LoggerKt/LOADING]: Creating KotlinModContainer instance for io.ejekta.bountiful.forge.BountifulModForge
[02May2025 20:50:44.923] [main/DEBUG] [thedarkcolour.kotlinforforge.LoggerKt/LOADING]: Loading KotlinModContainer from classloader cpw.mods.modlauncher.TransformingClassLoader@14c93774 - got cpw.mods.cl.ModuleClassLoader@2d6aca33}
[02May2025 20:50:44.924] [main/DEBUG] [thedarkcolour.kotlinforforge.LoggerKt/LOADING]: Creating KotlinModContainer instance for thedarkcolour.kotlinforforge.test.KotlinForForge
[02May2025 20:50:44.924] [main/DEBUG] [net.minecraftforge.fml.javafmlmod.FMLJavaModLanguageProvider/LOADING]: Loading FMLModContainer from classloader cpw.mods.modlauncher.TransformingClassLoader@14c93774 - got cpw.mods.cl.ModuleClassLoader@2d6aca33
[02May2025 20:50:44.925] [main/DEBUG] [net.minecraftforge.fml.javafmlmod.FMLModContainer/LOADING]: Creating FMLModContainer instance for net.p3pp3rf1y.sophisticatedcore.SophisticatedCore
[02May2025 20:50:44.925] [main/DEBUG] [net.minecraftforge.fml.javafmlmod.FMLJavaModLanguageProvider/LOADING]: Loading FMLModContainer from classloader cpw.mods.modlauncher.TransformingClassLoader@14c93774 - got cpw.mods.cl.ModuleClassLoader@2d6aca33
[02May2025 20:50:44.927] [main/DEBUG] [net.minecraftforge.fml.javafmlmod.FMLModContainer/LOADING]: Creating FMLModContainer instance for top.theillusivec4.curios.Curios
[02May2025 20:50:44.929] [main/DEBUG] [net.minecraftforge.fml.javafmlmod.FMLJavaModLanguageProvider/LOADING]: Loading FMLModContainer from classloader cpw.mods.modlauncher.TransformingClassLoader@14c93774 - got cpw.mods.cl.ModuleClassLoader@2d6aca33
[02May2025 20:50:44.931] [main/DEBUG] [net.minecraftforge.fml.javafmlmod.FMLModContainer/LOADING]: Creating FMLModContainer instance for vazkii.patchouli.forge.common.ForgeModInitializer
[02May2025 20:50:44.933] [main/DEBUG] [net.minecraftforge.fml.javafmlmod.FMLJavaModLanguageProvider/LOADING]: Loading FMLModContainer from classloader cpw.mods.modlauncher.TransformingClassLoader@14c93774 - got cpw.mods.cl.ModuleClassLoader@2d6aca33
[02May2025 20:50:44.933] [main/DEBUG] [net.minecraftforge.fml.javafmlmod.FMLModContainer/LOADING]: Creating FMLModContainer instance for net.blay09.mods.waystones.ForgeWaystones
[02May2025 20:50:44.935] [main/DEBUG] [net.minecraftforge.fml.javafmlmod.FMLJavaModLanguageProvider/LOADING]: Loading FMLModContainer from classloader cpw.mods.modlauncher.TransformingClassLoader@14c93774 - got cpw.mods.cl.ModuleClassLoader@2d6aca33
[02May2025 20:50:44.935] [main/DEBUG] [net.minecraftforge.fml.javafmlmod.FMLModContainer/LOADING]: Creating FMLModContainer instance for de.maxhenkel.gravestone.Main
[02May2025 20:50:44.938] [main/DEBUG] [net.minecraftforge.fml.javafmlmod.FMLJavaModLanguageProvider/LOADING]: Loading FMLModContainer from classloader cpw.mods.modlauncher.TransformingClassLoader@14c93774 - got cpw.mods.cl.ModuleClassLoader@2d6aca33
[02May2025 20:50:44.939] [main/DEBUG] [net.minecraftforge.fml.javafmlmod.FMLModContainer/LOADING]: Creating FMLModContainer instance for com.llamalad7.mixinextras.platform.forge.MixinExtrasMod
[02May2025 20:50:44.939] [main/DEBUG] [net.minecraftforge.fml.javafmlmod.FMLJavaModLanguageProvider/LOADING]: Loading FMLModContainer from classloader cpw.mods.modlauncher.TransformingClassLoader@14c93774 - got cpw.mods.cl.ModuleClassLoader@2d6aca33
[02May2025 20:50:44.939] [main/DEBUG] [net.minecraftforge.fml.javafmlmod.FMLModContainer/LOADING]: Creating FMLModContainer instance for glitchcore.forge.GlitchCoreForge
[02May2025 20:50:44.940] [main/DEBUG] [net.minecraftforge.fml.javafmlmod.FMLJavaModLanguageProvider/LOADING]: Loading FMLModContainer from classloader cpw.mods.modlauncher.TransformingClassLoader@14c93774 - got cpw.mods.cl.ModuleClassLoader@2d6aca33
[02May2025 20:50:44.940] [main/DEBUG] [net.minecraftforge.fml.javafmlmod.FMLModContainer/LOADING]: Creating FMLModContainer instance for biomesoplenty.forge.core.BiomesOPlentyForge
[02May2025 20:50:44.942] [main/DEBUG] [thedarkcolour.kotlinforforge.LoggerKt/LOADING]: Loading KotlinModContainer from classloader cpw.mods.modlauncher.TransformingClassLoader@14c93774 - got cpw.mods.cl.ModuleClassLoader@2d6aca33}
[02May2025 20:50:44.943] [main/DEBUG] [thedarkcolour.kotlinforforge.LoggerKt/LOADING]: Creating KotlinModContainer instance for io.ejekta.kambrik.KambrikModForge
[02May2025 20:50:44.946] [main/DEBUG] [net.minecraftforge.fml.javafmlmod.FMLJavaModLanguageProvider/LOADING]: Loading FMLModContainer from classloader cpw.mods.modlauncher.TransformingClassLoader@14c93774 - got cpw.mods.cl.ModuleClassLoader@2d6aca33
[02May2025 20:50:44.946] [main/DEBUG] [net.minecraftforge.fml.javafmlmod.FMLModContainer/LOADING]: Creating FMLModContainer instance for net.p3pp3rf1y.sophisticatedbackpacks.SophisticatedBackpacks
[02May2025 20:50:44.949] [main/DEBUG] [net.minecraftforge.fml.javafmlmod.FMLJavaModLanguageProvider/LOADING]: Loading FMLModContainer from classloader cpw.mods.modlauncher.TransformingClassLoader@14c93774 - got cpw.mods.cl.ModuleClassLoader@2d6aca33
[02May2025 20:50:44.950] [main/DEBUG] [net.minecraftforge.fml.javafmlmod.FMLModContainer/LOADING]: Creating FMLModContainer instance for dev.architectury.forge.ArchitecturyForge
[02May2025 20:50:44.950] [main/DEBUG] [net.minecraftforge.fml.javafmlmod.FMLJavaModLanguageProvider/LOADING]: Loading FMLModContainer from classloader cpw.mods.modlauncher.TransformingClassLoader@14c93774 - got cpw.mods.cl.ModuleClassLoader@2d6aca33
[02May2025 20:50:44.951] [main/DEBUG] [net.minecraftforge.fml.javafmlmod.FMLModContainer/LOADING]: Creating FMLModContainer instance for net.blay09.mods.balm.forge.ForgeBalm
[02May2025 20:50:44.952] [main/DEBUG] [net.minecraftforge.fml.javafmlmod.FMLJavaModLanguageProvider/LOADING]: Loading FMLModContainer from classloader cpw.mods.modlauncher.TransformingClassLoader@14c93774 - got cpw.mods.cl.ModuleClassLoader@2d6aca33
[02May2025 20:50:44.952] [main/DEBUG] [net.minecraftforge.fml.javafmlmod.FMLModContainer/LOADING]: Creating FMLModContainer instance for jeresources.JEResources
[02May2025 20:50:44.957] [main/DEBUG] [net.minecraftforge.fml.javafmlmod.FMLJavaModLanguageProvider/LOADING]: Loading FMLModContainer from classloader cpw.mods.modlauncher.TransformingClassLoader@14c93774 - got cpw.mods.cl.ModuleClassLoader@2d6aca33
[02May2025 20:50:44.957] [main/DEBUG] [net.minecraftforge.fml.javafmlmod.FMLModContainer/LOADING]: Creating FMLModContainer instance for com.becks.interaction_boxes.InteractionBoxes
[02May2025 20:50:44.958] [main/DEBUG] [net.minecraftforge.fml.javafmlmod.FMLJavaModLanguageProvider/LOADING]: Loading FMLModContainer from classloader cpw.mods.modlauncher.TransformingClassLoader@14c93774 - got cpw.mods.cl.ModuleClassLoader@2d6aca33
[02May2025 20:50:44.958] [main/DEBUG] [net.minecraftforge.fml.javafmlmod.FMLModContainer/LOADING]: Creating FMLModContainer instance for com.hollingsworth.arsnouveau.ArsNouveau
[02May2025 20:50:44.959] [main/DEBUG] [net.minecraftforge.fml.javafmlmod.FMLJavaModLanguageProvider/LOADING]: Loading FMLModContainer from classloader cpw.mods.modlauncher.TransformingClassLoader@14c93774 - got cpw.mods.cl.ModuleClassLoader@2d6aca33
[02May2025 20:50:44.963] [main/DEBUG] [net.minecraftforge.fml.javafmlmod.FMLModContainer/LOADING]: Creating FMLModContainer instance for tictim.paraglider.forge.ForgeParagliderMod
[02May2025 20:50:44.964] [main/DEBUG] [net.minecraftforge.fml.javafmlmod.FMLJavaModLanguageProvider/LOADING]: Loading FMLModContainer from classloader cpw.mods.modlauncher.TransformingClassLoader@14c93774 - got cpw.mods.cl.ModuleClassLoader@2d6aca33
[02May2025 20:50:44.964] [main/DEBUG] [net.minecraftforge.fml.javafmlmod.FMLModContainer/LOADING]: Creating FMLModContainer instance for me.shedaniel.clothconfig.ClothConfigForge
[02May2025 20:50:44.965] [main/DEBUG] [net.minecraftforge.fml.javafmlmod.FMLJavaModLanguageProvider/LOADING]: Loading FMLModContainer from classloader cpw.mods.modlauncher.TransformingClassLoader@14c93774 - got cpw.mods.cl.ModuleClassLoader@2d6aca33
[02May2025 20:50:44.967] [main/DEBUG] [net.minecraftforge.fml.javafmlmod.FMLModContainer/LOADING]: Creating FMLModContainer instance for de.maxhenkel.voicechat.ForgeVoicechatMod
[02May2025 20:50:44.968] [main/DEBUG] [net.minecraftforge.fml.javafmlmod.FMLJavaModLanguageProvider/LOADING]: Loading FMLModContainer from classloader cpw.mods.modlauncher.TransformingClassLoader@14c93774 - got cpw.mods.cl.ModuleClassLoader@2d6aca33
[02May2025 20:50:44.968] [main/DEBUG] [net.minecraftforge.fml.javafmlmod.FMLModContainer/LOADING]: Creating FMLModContainer instance for net.sweenus.simplyswords.forge.SimplySwordsForge
[02May2025 20:50:44.970] [main/DEBUG] [net.minecraftforge.fml.javafmlmod.FMLJavaModLanguageProvider/LOADING]: Loading FMLModContainer from classloader cpw.mods.modlauncher.TransformingClassLoader@14c93774 - got cpw.mods.cl.ModuleClassLoader@2d6aca33
[02May2025 20:50:44.970] [main/DEBUG] [net.minecraftforge.fml.javafmlmod.FMLModContainer/LOADING]: Creating FMLModContainer instance for net.bettercombat.forge.BetterCombatForge
[02May2025 20:50:44.971] [main/DEBUG] [net.minecraftforge.fml.javafmlmod.FMLJavaModLanguageProvider/LOADING]: Loading FMLModContainer from classloader cpw.mods.modlauncher.TransformingClassLoader@14c93774 - got cpw.mods.cl.ModuleClassLoader@2d6aca33
[02May2025 20:50:44.971] [main/DEBUG] [net.minecraftforge.fml.javafmlmod.FMLModContainer/LOADING]: Creating FMLModContainer instance for com.sonicether.soundphysics.ForgeSoundPhysicsMod
[02May2025 20:50:44.973] [main/DEBUG] [net.minecraftforge.fml.javafmlmod.FMLJavaModLanguageProvider/LOADING]: Loading FMLModContainer from classloader cpw.mods.modlauncher.TransformingClassLoader@14c93774 - got cpw.mods.cl.ModuleClassLoader@2d6aca33
[02May2025 20:50:44.973] [main/DEBUG] [net.minecraftforge.fml.javafmlmod.FMLModContainer/LOADING]: Creating FMLModContainer instance for net.minecraftforge.common.ForgeMod
[02May2025 20:50:44.976] [main/DEBUG] [net.minecraftforge.fml.javafmlmod.FMLJavaModLanguageProvider/LOADING]: Loading FMLModContainer from classloader cpw.mods.modlauncher.TransformingClassLoader@14c93774 - got cpw.mods.cl.ModuleClassLoader@2d6aca33
[02May2025 20:50:44.976] [main/DEBUG] [net.minecraftforge.fml.javafmlmod.FMLModContainer/LOADING]: Creating FMLModContainer instance for net.lionarius.skinrestorer.forge.SkinRestorerForge
[02May2025 20:50:45.030] [modloading-worker-0/DEBUG] [net.minecraftforge.fml.javafmlmod.AutomaticEventSubscriber/LOADING]: Attempting to inject @EventBusSubscriber classes into the eventbus for kuma_api
[02May2025 20:50:45.062] [modloading-worker-0/DEBUG] [net.minecraftforge.fml.javafmlmod.AutomaticEventSubscriber/LOADING]: Attempting to inject @EventBusSubscriber classes into the eventbus for terrablender
[02May2025 20:50:45.074] [modloading-worker-0/DEBUG] [net.minecraftforge.fml.javafmlmod.AutomaticEventSubscriber/LOADING]: Auto-subscribing terrablender.handler.InitializationHandler to FORGE
[02May2025 20:50:45.340] [modloading-worker-0/DEBUG] [creativecore/]: Created network creativecore:main
[02May2025 20:50:45.349] [modloading-worker-0/DEBUG] [net.minecraftforge.fml.javafmlmod.AutomaticEventSubscriber/LOADING]: Attempting to inject @EventBusSubscriber classes into the eventbus for ambientsounds
[02May2025 20:50:45.771] [modloading-worker-0/DEBUG] [net.minecraftforge.fml.javafmlmod.AutomaticEventSubscriber/LOADING]: Attempting to inject @EventBusSubscriber classes into the eventbus for jet_and_elias_armors
[02May2025 20:50:45.774] [modloading-worker-0/DEBUG] [net.minecraftforge.fml.javafmlmod.AutomaticEventSubscriber/LOADING]: Auto-subscribing net.mcreator.jet_and_elias_armors.procedures.SentinelFullSetPassiveScrioptProcedure to FORGE
[02May2025 20:50:45.791] [modloading-worker-0/DEBUG] [mixin/]: Mixing DamageSourceMixin from ars_nouveau.mixins.json into net.minecraft.world.damagesource.DamageSource
[02May2025 20:50:45.794] [modloading-worker-0/DEBUG] [mixin/]: Renaming synthetic method lambda$spellDeathMessage$0(Lnet/minecraft/world/item/ItemStack;Lnet/minecraft/network/chat/Style;)Lnet/minecraft/network/chat/Style; to md6c06bc$lambda$spellDeathMessage$0$0 in ars_nouveau.mixins.json:DamageSourceMixin
[02May2025 20:50:45.832] [modloading-worker-0/DEBUG] [net.minecraftforge.fml.javafmlmod.AutomaticEventSubscriber/LOADING]: Auto-subscribing net.mcreator.jet_and_elias_armors.procedures.SamuraiFullSetBonusProcedure to FORGE
[02May2025 20:50:45.836] [modloading-worker-0/DEBUG] [net.minecraftforge.fml.javafmlmod.AutomaticEventSubscriber/LOADING]: Auto-subscribing net.mcreator.jet_and_elias_armors.procedures.ResurrectionScriptProcedure to FORGE
[02May2025 20:50:45.840] [modloading-worker-0/DEBUG] [net.minecraftforge.fml.javafmlmod.AutomaticEventSubscriber/LOADING]: Auto-subscribing net.mcreator.jet_and_elias_armors.procedures.HeavyIronArmorEffectsProcedure to FORGE
[02May2025 20:50:45.841] [modloading-worker-0/DEBUG] [net.minecraftforge.fml.javafmlmod.AutomaticEventSubscriber/LOADING]: Auto-subscribing net.mcreator.jet_and_elias_armors.procedures.HavocKnightArmorBodyTickEventProcedure to FORGE
[02May2025 20:50:45.847] [modloading-worker-0/DEBUG] [net.minecraftforge.fml.javafmlmod.AutomaticEventSubscriber/LOADING]: Auto-subscribing net.mcreator.jet_and_elias_armors.procedures.GladiatorArmorFullSetPassiveProcedure to FORGE
[02May2025 20:50:45.847] [modloading-worker-0/DEBUG] [net.minecraftforge.fml.javafmlmod.AutomaticEventSubscriber/LOADING]: Auto-subscribing net.mcreator.jet_and_elias_armors.procedures.EliteSentinelFullSetBonusProcedure to FORGE
[02May2025 20:50:45.848] [modloading-worker-0/DEBUG] [net.minecraftforge.fml.javafmlmod.AutomaticEventSubscriber/LOADING]: Auto-subscribing net.mcreator.jet_and_elias_armors.procedures.EliteSamuraiArmorFullSetPassiveProcedure to FORGE
[02May2025 20:50:45.851] [modloading-worker-0/DEBUG] [net.minecraftforge.fml.javafmlmod.AutomaticEventSubscriber/LOADING]: Auto-subscribing net.mcreator.jet_and_elias_armors.procedures.EliteSamuraiArmorBlueFullSetPassiveProcedure to FORGE
[02May2025 20:50:45.854] [modloading-worker-0/DEBUG] [net.minecraftforge.fml.javafmlmod.AutomaticEventSubscriber/LOADING]: Auto-subscribing net.mcreator.jet_and_elias_armors.procedures.CooldownARProcedure to FORGE
[02May2025 20:50:45.854] [modloading-worker-0/DEBUG] [net.minecraftforge.fml.javafmlmod.AutomaticEventSubscriber/LOADING]: Auto-subscribing net.mcreator.jet_and_elias_armors.procedures.BulwarkFullSetPassiveProcedure to FORGE
[02May2025 20:50:45.855] [modloading-worker-0/DEBUG] [net.minecraftforge.fml.javafmlmod.AutomaticEventSubscriber/LOADING]: Auto-subscribing net.mcreator.jet_and_elias_armors.procedures.BulwarkArrowBlockProcedure to FORGE
[02May2025 20:50:45.859] [modloading-worker-0/DEBUG] [net.minecraftforge.fml.javafmlmod.AutomaticEventSubscriber/LOADING]: Auto-subscribing net.mcreator.jet_and_elias_armors.procedures.BlueSamuraiFullSetBonusProcedure to FORGE
[02May2025 20:50:45.861] [modloading-worker-0/DEBUG] [net.minecraftforge.fml.javafmlmod.AutomaticEventSubscriber/LOADING]: Auto-subscribing net.mcreator.jet_and_elias_armors.procedures.BIGHavocKnightFullSetBonusProcedure to FORGE
[02May2025 20:50:45.864] [modloading-worker-0/DEBUG] [net.minecraftforge.fml.javafmlmod.AutomaticEventSubscriber/LOADING]: Auto-subscribing net.mcreator.jet_and_elias_armors.network.OniRushMessage to MOD
[02May2025 20:50:45.867] [modloading-worker-0/DEBUG] [net.minecraftforge.fml.javafmlmod.AutomaticEventSubscriber/LOADING]: Auto-subscribing net.mcreator.jet_and_elias_armors.network.JetAndEliasArmorsModVariables to MOD
[02May2025 20:50:45.875] [modloading-worker-0/DEBUG] [net.minecraftforge.fml.javafmlmod.AutomaticEventSubscriber/LOADING]: Auto-subscribing net.mcreator.jet_and_elias_armors.network.JetAndEliasArmorsModVariables$PlayerVariablesProvider to FORGE
[02May2025 20:50:45.880] [modloading-worker-0/DEBUG] [net.minecraftforge.fml.javafmlmod.AutomaticEventSubscriber/LOADING]: Auto-subscribing net.mcreator.jet_and_elias_armors.network.JetAndEliasArmorsModVariables$EventBusVariableHandlers to FORGE
[02May2025 20:50:45.890] [modloading-worker-0/DEBUG] [net.minecraftforge.fml.javafmlmod.AutomaticEventSubscriber/LOADING]: Auto-subscribing net.mcreator.jet_and_elias_armors.network.EnenraKeybindMessage to MOD
[02May2025 20:50:45.895] [modloading-worker-0/DEBUG] [net.minecraftforge.fml.javafmlmod.AutomaticEventSubscriber/LOADING]: Auto-subscribing net.mcreator.jet_and_elias_armors.network.DeathKnightPurgeMessage to MOD
[02May2025 20:50:45.896] [modloading-worker-0/DEBUG] [net.minecraftforge.fml.javafmlmod.AutomaticEventSubscriber/LOADING]: Auto-subscribing net.mcreator.jet_and_elias_armors.network.AvalonsResilienceMessage to MOD
[02May2025 20:50:45.897] [modloading-worker-0/DEBUG] [net.minecraftforge.fml.javafmlmod.AutomaticEventSubscriber/LOADING]: Auto-subscribing net.mcreator.jet_and_elias_armors.network.AvalonsResilienceMaskedMessage to MOD
[02May2025 20:50:45.900] [modloading-worker-0/DEBUG] [net.minecraftforge.fml.javafmlmod.AutomaticEventSubscriber/LOADING]: Auto-subscribing net.mcreator.jet_and_elias_armors.network.AvalonsCurseKeybindMessage to MOD
[02May2025 20:50:45.905] [modloading-worker-0/DEBUG] [net.minecraftforge.fml.javafmlmod.AutomaticEventSubscriber/LOADING]: Auto-subscribing net.mcreator.jet_and_elias_armors.init.JetAndEliasArmorsModTrades to FORGE
[02May2025 20:50:45.922] [modloading-worker-0/DEBUG] [net.minecraftforge.fml.javafmlmod.AutomaticEventSubscriber/LOADING]: Attempting to inject @EventBusSubscriber classes into the eventbus for theorcs
[02May2025 20:50:45.922] [modloading-worker-0/DEBUG] [net.minecraftforge.fml.javafmlmod.AutomaticEventSubscriber/LOADING]: Auto-subscribing filthycoin.theorcs.common.registry.ItemRegistry to MOD
[02May2025 20:50:45.922] [modloading-worker-0/DEBUG] [net.minecraftforge.fml.javafmlmod.AutomaticEventSubscriber/LOADING]: Auto-subscribing filthycoin.theorcs.common.registry.EntityRegistry to MOD
[02May2025 20:50:45.925] [modloading-worker-0/DEBUG] [net.minecraftforge.fml.javafmlmod.AutomaticEventSubscriber/LOADING]: Auto-subscribing filthycoin.theorcs.common.CommonModEvents to MOD
[02May2025 20:50:45.926] [modloading-worker-0/DEBUG] [net.minecraftforge.fml.javafmlmod.AutomaticEventSubscriber/LOADING]: Auto-subscribing filthycoin.theorcs.client.registry.EntityRenderingRegistry to MOD
[02May2025 20:50:45.980] [modloading-worker-0/DEBUG] [net.minecraftforge.fml.javafmlmod.AutomaticEventSubscriber/LOADING]: Attempting to inject @EventBusSubscriber classes into the eventbus for geckolib
[02May2025 20:50:45.983] [modloading-worker-0/DEBUG] [net.minecraftforge.fml.javafmlmod.AutomaticEventSubscriber/LOADING]: Attempting to inject @EventBusSubscriber classes into the eventbus for uniquedungeons
[02May2025 20:50:45.984] [modloading-worker-0/DEBUG] [net.minecraftforge.fml.javafmlmod.AutomaticEventSubscriber/LOADING]: Auto-subscribing com.becks.uniquedungeons.network.eventhandling.VillagerTradeEvents to FORGE
[02May2025 20:50:45.984] [modloading-worker-0/DEBUG] [net.minecraftforge.fml.javafmlmod.AutomaticEventSubscriber/LOADING]: Auto-subscribing software.bernie.example.GeckoLibMod to FORGE
[02May2025 20:50:45.984] [modloading-worker-0/DEBUG] [net.minecraftforge.fml.javafmlmod.AutomaticEventSubscriber/LOADING]: Auto-subscribing software.bernie.example.CommonListener to MOD
[02May2025 20:50:45.988] [modloading-worker-0/DEBUG] [net.minecraftforge.fml.javafmlmod.AutomaticEventSubscriber/LOADING]: Auto-subscribing com.becks.uniquedungeons.network.eventhandling.MobEvents to MOD
[02May2025 20:50:45.991] [modloading-worker-0/DEBUG] [net.minecraftforge.fml.javafmlmod.AutomaticEventSubscriber/LOADING]: Auto-subscribing com.becks.uniquedungeons.network.eventhandling.GeneralPlayerEventHandler to FORGE
[02May2025 20:50:45.989] [modloading-worker-0/DEBUG] [net.minecraftforge.fml.javafmlmod.AutomaticEventSubscriber/LOADING]: Attempting to inject @EventBusSubscriber classes into the eventbus for playeranimator
[02May2025 20:50:45.994] [modloading-worker-0/DEBUG] [net.minecraftforge.fml.javafmlmod.AutomaticEventSubscriber/LOADING]: Auto-subscribing com.becks.uniquedungeons.common.structures.village.VillagePoolAdditionHelper to FORGE
[02May2025 20:50:46.000] [modloading-worker-0/DEBUG] [net.minecraftforge.fml.javafmlmod.AutomaticEventSubscriber/LOADING]: Attempting to inject @EventBusSubscriber classes into the eventbus for creativecore
[02May2025 20:50:46.001] [modloading-worker-0/WARN] [net.spellcraftgaming.rpghud.main.ModRPGHud/]: RPG-Hud is a client-side-only mod and should not be installed server-side, please remove it from your server
[02May2025 20:50:46.002] [modloading-worker-0/DEBUG] [net.minecraftforge.fml.javafmlmod.AutomaticEventSubscriber/LOADING]: Attempting to inject @EventBusSubscriber classes into the eventbus for rpghud
[02May2025 20:50:46.002] [modloading-worker-0/DEBUG] [net.minecraftforge.fml.javafmlmod.AutomaticEventSubscriber/LOADING]: Auto-subscribing net.spellcraftgaming.rpghud.main.ModRPGHud$ClientModEvents to MOD
[02May2025 20:50:46.031] [modloading-worker-0/DEBUG] [net.minecraftforge.fml.config.ConfigTracker/CONFIG]: Config file jei-server.toml for jei tracking
[02May2025 20:50:46.032] [modloading-worker-0/DEBUG] [net.minecraftforge.fml.config.ConfigTracker/CONFIG]: Config file archbows-server.toml for archbows tracking
[02May2025 20:50:46.035] [modloading-worker-0/DEBUG] [net.minecraftforge.fml.config.ConfigTracker/CONFIG]: Config file archbows-common.toml for archbows tracking
[02May2025 20:50:46.041] [modloading-worker-0/DEBUG] [net.minecraftforge.fml.javafmlmod.AutomaticEventSubscriber/LOADING]: Attempting to inject @EventBusSubscriber classes into the eventbus for jei
[02May2025 20:50:46.076] [modloading-worker-0/DEBUG] [net.minecraftforge.fml.javafmlmod.AutomaticEventSubscriber/LOADING]: Attempting to inject @EventBusSubscriber classes into the eventbus for archbows
[02May2025 20:50:46.080] [modloading-worker-0/DEBUG] [net.minecraftforge.fml.javafmlmod.AutomaticEventSubscriber/LOADING]: Auto-subscribing com.melvinbur.archbows.world.DataGenerators to MOD
[02May2025 20:50:46.091] [modloading-worker-0/DEBUG] [net.minecraftforge.fml.javafmlmod.AutomaticEventSubscriber/LOADING]: Auto-subscribing com.melvinbur.archbows.core.LootInit to FORGE
[02May2025 20:50:46.113] [modloading-worker-0/DEBUG] [mixin/]: Mixing LootTableMixin from balm.mixins.json into net.minecraft.world.level.storage.loot.LootTable
[02May2025 20:50:46.120] [modloading-worker-0/DEBUG] [net.minecraftforge.fml.javafmlmod.AutomaticEventSubscriber/LOADING]: Auto-subscribing com.melvinbur.archbows.ArchBows to MOD
[02May2025 20:50:47.727] [modloading-worker-0/DEBUG] [mixin/]: Mixing ReloadableServerResourcesMixin from balm.mixins.json into net.minecraft.server.ReloadableServerResources
[02May2025 20:50:47.727] [modloading-worker-0/DEBUG] [mixin/]: Renaming synthetic method lambda$loadResources$0(Lnet/minecraft/server/ReloadableServerResources;)V to md6c06bc$lambda$loadResources$0$0 in balm.mixins.json:ReloadableServerResourcesMixin
[02May2025 20:50:47.830] [modloading-worker-0/DEBUG] [mixin/]: Mixing AbstractCriterionTriggerer from kambrik.mixins.json into net.minecraft.advancements.critereon.SimpleCriterionTrigger
[02May2025 20:50:47.836] [modloading-worker-0/DEBUG] [mixin/]: kambrik.mixins.json:AbstractCriterionTriggerer: Class version 61 required is higher than the class version supported by the current version of Mixin (JAVA_8 supports class version 52)
[02May2025 20:50:47.861] [modloading-worker-0/DEBUG] [thedarkcolour.kotlinforforge.LoggerKt/LOADING]: Attempting to inject @EventBusSubscriber kotlin objects in to the event bus for bountiful
[02May2025 20:50:47.875] [modloading-worker-0/DEBUG] [net.minecraftforge.fml.javafmlmod.AutomaticEventSubscriber/LOADING]: Attempting to inject @EventBusSubscriber classes into the eventbus for born_in_chaos_v1
[02May2025 20:50:47.876] [modloading-worker-0/DEBUG] [net.minecraftforge.fml.javafmlmod.AutomaticEventSubscriber/LOADING]: Auto-subscribing net.mcreator.borninchaosv.recipes.brewing.StimulatingDecoctionPBrewingRecipe to MOD
[02May2025 20:50:47.880] [modloading-worker-0/INFO] [thedarkcolour.kotlinforforge.test.KotlinForForge/]: Kotlin For Forge Enabled!
[02May2025 20:50:47.881] [modloading-worker-0/DEBUG] [thedarkcolour.kotlinforforge.LoggerKt/LOADING]: Attempting to inject @EventBusSubscriber kotlin objects in to the event bus for kotlinforforge
[02May2025 20:50:47.886] [modloading-worker-0/DEBUG] [net.minecraftforge.fml.javafmlmod.AutomaticEventSubscriber/LOADING]: Auto-subscribing net.mcreator.borninchaosv.recipes.brewing.SeaTerrorEyeKBrewingRecipe to MOD
[02May2025 20:50:47.892] [modloading-worker-0/DEBUG] [net.minecraftforge.fml.javafmlmod.AutomaticEventSubscriber/LOADING]: Auto-subscribing net.mcreator.borninchaosv.recipes.brewing.PotionofRampagekBrewingRecipe to MOD
[02May2025 20:50:47.899] [modloading-worker-0/DEBUG] [net.minecraftforge.fml.javafmlmod.AutomaticEventSubscriber/LOADING]: Auto-subscribing net.mcreator.borninchaosv.recipes.brewing.PotionofMagicalDepletionKBrewingRecipe to MOD
[02May2025 20:50:47.900] [modloading-worker-0/DEBUG] [net.minecraftforge.fml.javafmlmod.AutomaticEventSubscriber/LOADING]: Auto-subscribing net.mcreator.borninchaosv.recipes.brewing.PotionofLivingCocoonCraftBrewingRecipe to MOD
[02May2025 20:50:47.908] [modloading-worker-0/DEBUG] [net.minecraftforge.fml.config.ConfigTracker/CONFIG]: Config file sophisticatedcore-common.toml for sophisticatedcore tracking
[02May2025 20:50:47.914] [modloading-worker-0/DEBUG] [net.minecraftforge.fml.config.ConfigTracker/CONFIG]: Config file sophisticatedcore-client.toml for sophisticatedcore tracking
[02May2025 20:50:47.910] [modloading-worker-0/DEBUG] [net.minecraftforge.fml.javafmlmod.AutomaticEventSubscriber/LOADING]: Auto-subscribing net.mcreator.borninchaosv.recipes.brewing.IntoxicationPotionKBrewingRecipe to MOD
[02May2025 20:50:47.919] [modloading-worker-0/DEBUG] [net.minecraftforge.fml.javafmlmod.AutomaticEventSubscriber/LOADING]: Auto-subscribing net.mcreator.borninchaosv.recipes.brewing.ElixirofWitherResistanceCraftBrewingRecipe to MOD
[02May2025 20:50:47.932] [modloading-worker-0/DEBUG] [net.minecraftforge.fml.javafmlmod.AutomaticEventSubscriber/LOADING]: Auto-subscribing net.mcreator.borninchaosv.recipes.brewing.ElixirofVampirismKBrewingRecipe to MOD
[02May2025 20:50:47.934] [modloading-worker-0/DEBUG] [net.minecraftforge.fml.javafmlmod.AutomaticEventSubscriber/LOADING]: Auto-subscribing net.mcreator.borninchaosv.recipes.brewing.ElixirofInsectProtectionCraftBrewingRecipe to MOD
[02May2025 20:50:47.945] [modloading-worker-0/DEBUG] [net.minecraftforge.fml.javafmlmod.AutomaticEventSubscriber/LOADING]: Auto-subscribing net.mcreator.borninchaosv.recipes.brewing.ElixirofIceBarrierCraftBrewingRecipe to MOD
[02May2025 20:50:47.946] [modloading-worker-0/DEBUG] [net.minecraftforge.fml.javafmlmod.AutomaticEventSubscriber/LOADING]: Auto-subscribing net.mcreator.borninchaosv.recipes.brewing.ChaosComponentCraftBrewingRecipe to MOD
[02May2025 20:50:47.947] [modloading-worker-0/DEBUG] [net.minecraftforge.fml.javafmlmod.AutomaticEventSubscriber/LOADING]: Auto-subscribing net.mcreator.borninchaosv.recipes.brewing.BottleOfMagicalEnergyKBrewingRecipe to MOD
[02May2025 20:50:47.973] [modloading-worker-0/DEBUG] [net.minecraftforge.fml.javafmlmod.AutomaticEventSubscriber/LOADING]: Auto-subscribing net.mcreator.borninchaosv.procedures.ZombieswithDoorPriObnovlieniiTaktaSushchnostiProcedure to FORGE
[02May2025 20:50:47.994] [modloading-worker-0/DEBUG] [mixin/]: Mixing PlayerListMixin from balm.mixins.json into net.minecraft.server.players.PlayerList
[02May2025 20:50:47.995] [modloading-worker-0/DEBUG] [mixin/]: Mixing PlayerListMixin from skinrestorer.mixins.json into net.minecraft.server.players.PlayerList
[02May2025 20:50:47.995] [modloading-worker-0/DEBUG] [mixin/]: skinrestorer.mixins.json:PlayerListMixin: Class version 61 required is higher than the class version supported by the current version of Mixin (JAVA_8 supports class version 52)
[02May2025 20:50:47.998] [modloading-worker-0/DEBUG] [mixin/]: Renaming synthetic method lambda$placeNewPlayer$0(Ljava/util/UUID;)V to md6c06bc$lambda$placeNewPlayer$0$0 in skinrestorer.mixins.json:PlayerListMixin
[02May2025 20:50:48.027] [modloading-worker-0/DEBUG] [mixin/]: Mixing camera.PlayerListMixin from ars_nouveau.mixins.json into net.minecraft.server.players.PlayerList
[02May2025 20:50:48.065] [modloading-worker-0/DEBUG] [net.minecraftforge.fml.javafmlmod.AutomaticEventSubscriber/LOADING]: Auto-subscribing net.mcreator.borninchaosv.procedures.ZombiefishermanatackProcedure to FORGE
[02May2025 20:50:48.066] [modloading-worker-0/DEBUG] [net.minecraftforge.fml.javafmlmod.AutomaticEventSubscriber/LOADING]: Auto-subscribing net.mcreator.borninchaosv.procedures.ZombieclownatacProcedure to FORGE
[02May2025 20:50:48.077] [modloading-worker-0/DEBUG] [net.minecraftforge.fml.javafmlmod.AutomaticEventSubscriber/LOADING]: Auto-subscribing net.mcreator.borninchaosv.procedures.ZombieMaggotsProcedure to FORGE
[02May2025 20:50:48.090] [modloading-worker-0/DEBUG] [net.minecraftforge.fml.javafmlmod.AutomaticEventSubscriber/LOADING]: Auto-subscribing net.mcreator.borninchaosv.procedures.ZombieLumberjackAtackProcedure to FORGE
[02May2025 20:50:48.091] [modloading-worker-0/DEBUG] [net.minecraftforge.fml.javafmlmod.AutomaticEventSubscriber/LOADING]: Auto-subscribing net.mcreator.borninchaosv.procedures.ZombieBruiseratackProcedure to FORGE
[02May2025 20:50:48.100] [modloading-worker-0/DEBUG] [net.minecraftforge.fml.javafmlmod.AutomaticEventSubscriber/LOADING]: Auto-subscribing net.mcreator.borninchaosv.procedures.WeaponDescriptionProcedure to FORGE
[02May2025 20:50:48.113] [modloading-worker-0/DEBUG] [net.minecraftforge.fml.javafmlmod.AutomaticEventSubscriber/LOADING]: Auto-subscribing net.mcreator.borninchaosv.procedures.WarningSoundProcedure to FORGE
[02May2025 20:50:48.114] [modloading-worker-0/DEBUG] [net.minecraftforge.fml.javafmlmod.AutomaticEventSubscriber/LOADING]: Auto-subscribing net.mcreator.borninchaosv.procedures.VampiricTouchAtackProcedure to FORGE
[02May2025 20:50:48.115] [modloading-worker-0/DEBUG] [net.minecraftforge.fml.javafmlmod.AutomaticEventSubscriber/LOADING]: Auto-subscribing net.mcreator.borninchaosv.procedures.TransmutingElixirclicProcedure to FORGE
[02May2025 20:50:48.134] [modloading-worker-0/DEBUG] [net.minecraftforge.fml.javafmlmod.AutomaticEventSubscriber/LOADING]: Auto-subscribing net.mcreator.borninchaosv.procedures.ThornshellCrabPriShchielchkiePKMPoSushchnostiProcedure to FORGE
[02May2025 20:50:48.136] [modloading-worker-0/DEBUG] [net.minecraftforge.fml.javafmlmod.AutomaticEventSubscriber/LOADING]: Auto-subscribing net.mcreator.borninchaosv.procedures.SweetItemDescriptionProcedure to FORGE
[02May2025 20:50:48.141] [modloading-worker-0/DEBUG] [mixin/]: Mixing MixinLevelEvent from architectury.mixins.json into net.minecraftforge.event.level.LevelEvent
[02May2025 20:50:48.156] [modloading-worker-0/DEBUG] [net.minecraftforge.fml.javafmlmod.AutomaticEventSubscriber/LOADING]: Auto-subscribing net.mcreator.borninchaosv.procedures.SwarmerPreparationProcedure to FORGE
[02May2025 20:50:48.162] [modloading-worker-0/DEBUG] [net.minecraftforge.fml.javafmlmod.AutomaticEventSubscriber/LOADING]: Auto-subscribing net.mcreator.borninchaosv.procedures.SpiritofChaosAtackProcedure to FORGE
[02May2025 20:50:48.163] [modloading-worker-0/DEBUG] [net.minecraftforge.fml.javafmlmod.AutomaticEventSubscriber/LOADING]: Auto-subscribing net.mcreator.borninchaosv.procedures.SpiritGuideAtacProcedure to FORGE
[02May2025 20:50:48.167] [modloading-worker-0/DEBUG] [net.minecraftforge.fml.javafmlmod.AutomaticEventSubscriber/LOADING]: Attempting to inject @EventBusSubscriber classes into the eventbus for sophisticatedcore
[02May2025 20:50:48.171] [modloading-worker-0/DEBUG] [net.minecraftforge.fml.javafmlmod.AutomaticEventSubscriber/LOADING]: Auto-subscribing net.mcreator.borninchaosv.procedures.SpinyShellArmorKazhdyiTikDliaShliemaProcedure to FORGE
[02May2025 20:50:48.180] [modloading-worker-0/DEBUG] [net.minecraftforge.fml.javafmlmod.AutomaticEventSubscriber/LOADING]: Auto-subscribing net.mcreator.borninchaosv.procedures.SkeletonThrasherDProcedure to FORGE
[02May2025 20:50:48.181] [modloading-worker-0/DEBUG] [net.minecraftforge.fml.javafmlmod.AutomaticEventSubscriber/LOADING]: Auto-subscribing net.mcreator.borninchaosv.procedures.SerPumpkinheadAtacProcedure to FORGE
[02May2025 20:50:48.188] [modloading-worker-0/DEBUG] [net.minecraftforge.fml.javafmlmod.AutomaticEventSubscriber/LOADING]: Auto-subscribing net.mcreator.borninchaosv.procedures.SearedspiritPProcedure to FORGE
[02May2025 20:50:48.188] [modloading-worker-0/DEBUG] [net.minecraftforge.fml.javafmlmod.AutomaticEventSubscriber/LOADING]: Auto-subscribing net.mcreator.borninchaosv.procedures.RampagePProcedure to FORGE
[02May2025 20:50:48.196] [modloading-worker-0/DEBUG] [net.minecraftforge.fml.javafmlmod.AutomaticEventSubscriber/LOADING]: Auto-subscribing net.mcreator.borninchaosv.procedures.PumpkinbruiserAtacProcedure to FORGE
[02May2025 20:50:48.196] [modloading-worker-0/DEBUG] [net.minecraftforge.fml.javafmlmod.AutomaticEventSubscriber/LOADING]: Auto-subscribing net.mcreator.borninchaosv.procedures.PositiveTamingProcedure to FORGE
[02May2025 20:50:48.202] [modloading-worker-0/DEBUG] [net.minecraftforge.fml.javafmlmod.AutomaticEventSubscriber/LOADING]: Auto-subscribing net.mcreator.borninchaosv.procedures.PositiveFertilizerProcedure to FORGE
[02May2025 20:50:48.203] [modloading-worker-0/DEBUG] [net.minecraftforge.fml.config.ConfigTracker/CONFIG]: Config file curios-client.toml for curios tracking
[02May2025 20:50:48.209] [modloading-worker-0/DEBUG] [net.minecraftforge.fml.javafmlmod.AutomaticEventSubscriber/LOADING]: Auto-subscribing net.mcreator.borninchaosv.procedures.PiritAtacProcedure to FORGE
[02May2025 20:50:48.210] [modloading-worker-0/DEBUG] [net.minecraftforge.fml.javafmlmod.AutomaticEventSubscriber/LOADING]: Auto-subscribing net.mcreator.borninchaosv.procedures.ObsessiondeadProcedure to FORGE
[02May2025 20:50:48.212] [modloading-worker-0/DEBUG] [net.minecraftforge.fml.config.ConfigTracker/CONFIG]: Config file curios-common.toml for curios tracking
[02May2025 20:50:48.212] [modloading-worker-0/DEBUG] [net.minecraftforge.fml.config.ConfigTracker/CONFIG]: Config file curios-server.toml for curios tracking
[02May2025 20:50:48.212] [modloading-worker-0/DEBUG] [net.minecraftforge.fml.javafmlmod.AutomaticEventSubscriber/LOADING]: Attempting to inject @EventBusSubscriber classes into the eventbus for curios
[02May2025 20:50:48.217] [modloading-worker-0/DEBUG] [net.minecraftforge.fml.javafmlmod.AutomaticEventSubscriber/LOADING]: Auto-subscribing net.mcreator.borninchaosv.procedures.NightmareStalkerDamProcedure to FORGE
[02May2025 20:50:48.219] [modloading-worker-0/DEBUG] [net.minecraftforge.fml.javafmlmod.AutomaticEventSubscriber/LOADING]: Auto-subscribing net.mcreator.borninchaosv.procedures.MrPumpkinAtacProcedure to FORGE
[02May2025 20:50:48.224] [modloading-worker-0/DEBUG] [net.minecraftforge.fml.config.ConfigTracker/CONFIG]: Config file patchouli-client.toml for patchouli tracking
[02May2025 20:50:48.224] [modloading-worker-0/DEBUG] [net.minecraftforge.fml.javafmlmod.AutomaticEventSubscriber/LOADING]: Attempting to inject @EventBusSubscriber classes into the eventbus for patchouli
[02May2025 20:50:48.225] [modloading-worker-0/DEBUG] [net.minecraftforge.fml.javafmlmod.AutomaticEventSubscriber/LOADING]: Auto-subscribing vazkii.patchouli.forge.common.ForgeModInitializer to MOD
[02May2025 20:50:48.227] [modloading-worker-0/DEBUG] [net.minecraftforge.fml.javafmlmod.AutomaticEventSubscriber/LOADING]: Auto-subscribing net.mcreator.borninchaosv.procedures.MotherSpiderAtackProcedure to FORGE
[02May2025 20:50:48.228] [modloading-worker-0/DEBUG] [net.minecraftforge.fml.javafmlmod.AutomaticEventSubscriber/LOADING]: Auto-subscribing net.mcreator.borninchaosv.procedures.MissionaryHatpProcedure to FORGE
[02May2025 20:50:48.232] [modloading-worker-0/DEBUG] [net.minecraftforge.fml.javafmlmod.AutomaticEventSubscriber/LOADING]: Auto-subscribing net.mcreator.borninchaosv.procedures.MissionaryAtacktargetProcedure to FORGE
[02May2025 20:50:48.238] [modloading-worker-0/DEBUG] [net.minecraftforge.fml.javafmlmod.AutomaticEventSubscriber/LOADING]: Auto-subscribing net.mcreator.borninchaosv.procedures.MinionsattacktargetProcedure to FORGE
[02May2025 20:50:48.241] [modloading-worker-0/DEBUG] [net.minecraftforge.fml.javafmlmod.AutomaticEventSubscriber/LOADING]: Auto-subscribing net.mcreator.borninchaosv.procedures.LunarSpruceCowboyPProcedure to FORGE
[02May2025 20:50:48.245] [modloading-worker-0/DEBUG] [net.minecraftforge.fml.javafmlmod.AutomaticEventSubscriber/LOADING]: Auto-subscribing net.mcreator.borninchaosv.procedures.LordsFelsteedatackProcedure to FORGE
[02May2025 20:50:48.245] [modloading-worker-0/DEBUG] [net.minecraftforge.fml.javafmlmod.AutomaticEventSubscriber/LOADING]: Auto-subscribing net.mcreator.borninchaosv.procedures.LordTheHeadlessAtackProcedure to FORGE
[02May2025 20:50:48.252] [modloading-worker-0/DEBUG] [net.minecraftforge.fml.javafmlmod.AutomaticEventSubscriber/LOADING]: Auto-subscribing net.mcreator.borninchaosv.procedures.LordPumpkinheadsHatHitProcedure to FORGE
[02May2025 20:50:48.256] [modloading-worker-0/DEBUG] [net.minecraftforge.fml.javafmlmod.AutomaticEventSubscriber/LOADING]: Auto-subscribing net.mcreator.borninchaosv.procedures.LordPumpkinheadatackProcedure to FORGE
[02May2025 20:50:48.259] [modloading-worker-0/DEBUG] [net.minecraftforge.fml.javafmlmod.AutomaticEventSubscriber/LOADING]: Auto-subscribing net.mcreator.borninchaosv.procedures.LivingcocoonplayersideDeadProcedure to FORGE
[02May2025 20:50:48.263] [modloading-worker-0/DEBUG] [net.minecraftforge.fml.javafmlmod.AutomaticEventSubscriber/LOADING]: Auto-subscribing net.mcreator.borninchaosv.procedures.LivingCocoonDeadProcedure to FORGE
[02May2025 20:50:48.268] [modloading-worker-0/DEBUG] [net.minecraftforge.fml.javafmlmod.AutomaticEventSubscriber/LOADING]: Auto-subscribing net.mcreator.borninchaosv.procedures.LifestealerTFAtackProcedure to FORGE
[02May2025 20:50:48.269] [modloading-worker-0/DEBUG] [net.minecraftforge.fml.javafmlmod.AutomaticEventSubscriber/LOADING]: Auto-subscribing net.mcreator.borninchaosv.procedures.LifestealerAtackProcedure to FORGE
[02May2025 20:50:48.276] [modloading-worker-0/DEBUG] [net.minecraftforge.fml.javafmlmod.AutomaticEventSubscriber/LOADING]: Auto-subscribing net.mcreator.borninchaosv.procedures.KrampusHenchmanAttackProcedure to FORGE
[02May2025 20:50:48.277] [modloading-worker-0/DEBUG] [net.minecraftforge.fml.javafmlmod.AutomaticEventSubscriber/LOADING]: Auto-subscribing net.mcreator.borninchaosv.procedures.KrampusAttackProcedure to FORGE
[02May2025 20:50:48.284] [modloading-worker-0/DEBUG] [net.minecraftforge.fml.javafmlmod.AutomaticEventSubscriber/LOADING]: Auto-subscribing net.mcreator.borninchaosv.procedures.KillinganimalsProcedure to FORGE
[02May2025 20:50:48.292] [modloading-worker-0/DEBUG] [net.minecraftforge.fml.javafmlmod.AutomaticEventSubscriber/LOADING]: Auto-subscribing net.mcreator.borninchaosv.procedures.KillingVillagersProcedure to FORGE
[02May2025 20:50:48.293] [modloading-worker-0/DEBUG] [net.minecraftforge.fml.javafmlmod.AutomaticEventSubscriber/LOADING]: Auto-subscribing net.mcreator.borninchaosv.procedures.ItemsDescriptionTooltipProcedure to FORGE
[02May2025 20:50:48.301] [modloading-worker-0/DEBUG] [net.minecraftforge.fml.javafmlmod.AutomaticEventSubscriber/LOADING]: Auto-subscribing net.mcreator.borninchaosv.procedures.InsectProtectionTrigerProcedure to FORGE
[02May2025 20:50:48.302] [modloading-worker-0/DEBUG] [net.minecraftforge.fml.javafmlmod.AutomaticEventSubscriber/LOADING]: Auto-subscribing net.mcreator.borninchaosv.procedures.InfernalSpiritAtackProcedure to FORGE
[02May2025 20:50:48.313] [modloading-worker-0/DEBUG] [net.minecraftforge.fml.javafmlmod.AutomaticEventSubscriber/LOADING]: Auto-subscribing net.mcreator.borninchaosv.procedures.IceBarrierAttackProcedure to FORGE
[02May2025 20:50:48.314] [modloading-worker-0/DEBUG] [net.minecraftforge.fml.javafmlmod.AutomaticEventSubscriber/LOADING]: Auto-subscribing net.mcreator.borninchaosv.procedures.HewnScorchedLogPProcedure to FORGE
[02May2025 20:50:48.323] [modloading-worker-0/DEBUG] [net.minecraftforge.fml.javafmlmod.AutomaticEventSubscriber/LOADING]: Auto-subscribing net.mcreator.borninchaosv.procedures.HatsDescriptionProcedure to FORGE
[02May2025 20:50:48.323] [modloading-worker-0/DEBUG] [net.minecraftforge.fml.javafmlmod.AutomaticEventSubscriber/LOADING]: Auto-subscribing net.mcreator.borninchaosv.procedures.GluttonfishatackProcedure to FORGE
[02May2025 20:50:48.331] [modloading-worker-0/DEBUG] [net.minecraftforge.fml.javafmlmod.AutomaticEventSubscriber/LOADING]: Auto-subscribing net.mcreator.borninchaosv.procedures.FragileScorchedPlanksPProcedure to FORGE
[02May2025 20:50:48.332] [modloading-worker-0/DEBUG] [net.minecraftforge.fml.javafmlmod.AutomaticEventSubscriber/LOADING]: Auto-subscribing net.mcreator.borninchaosv.procedures.FirelightDProcedure to FORGE
[02May2025 20:50:48.340] [modloading-worker-0/DEBUG] [net.minecraftforge.fml.javafmlmod.AutomaticEventSubscriber/LOADING]: Auto-subscribing net.mcreator.borninchaosv.procedures.EvilCarvedPumpkinPProcedure to FORGE
[02May2025 20:50:48.346] [modloading-worker-0/DEBUG] [net.minecraftforge.fml.javafmlmod.AutomaticEventSubscriber/LOADING]: Auto-subscribing net.mcreator.borninchaosv.procedures.EatingRottenFleshProcedure to FORGE
[02May2025 20:50:48.348] [modloading-worker-0/DEBUG] [net.minecraftforge.fml.javafmlmod.AutomaticEventSubscriber/LOADING]: Auto-subscribing net.mcreator.borninchaosv.procedures.DreadHoundPriNazhatiiPravoiKnopkiNaSushchnostProcedure to FORGE
[02May2025 20:50:48.358] [modloading-worker-0/DEBUG] [net.minecraftforge.fml.javafmlmod.AutomaticEventSubscriber/LOADING]: Auto-subscribing net.mcreator.borninchaosv.procedures.DreadHoundAtacProcedure to FORGE
[02May2025 20:50:48.358] [modloading-worker-0/DEBUG] [net.minecraftforge.fml.javafmlmod.AutomaticEventSubscriber/LOADING]: Auto-subscribing net.mcreator.borninchaosv.procedures.DireHoundLeaderAtackProcedure to FORGE
[02May2025 20:50:48.364] [modloading-worker-0/DEBUG] [net.minecraftforge.fml.javafmlmod.AutomaticEventSubscriber/LOADING]: Auto-subscribing net.mcreator.borninchaosv.procedures.DimonBaitProcedure to FORGE
[02May2025 20:50:48.365] [modloading-worker-0/DEBUG] [net.minecraftforge.fml.javafmlmod.AutomaticEventSubscriber/LOADING]: Auto-subscribing net.mcreator.borninchaosv.procedures.DescriptionArmorProcedure to FORGE
[02May2025 20:50:48.370] [modloading-worker-0/DEBUG] [net.minecraftforge.fml.javafmlmod.AutomaticEventSubscriber/LOADING]: Auto-subscribing net.mcreator.borninchaosv.procedures.DeathTotemKoghdaPriedmietNakhoditsiaVRukieProcedure to FORGE
[02May2025 20:50:48.373] [modloading-worker-0/DEBUG] [net.minecraftforge.fml.javafmlmod.AutomaticEventSubscriber/LOADING]: Auto-subscribing net.mcreator.borninchaosv.procedures.DarkWardActivProcedure to FORGE
[02May2025 20:50:48.378] [modloading-worker-0/DEBUG] [net.minecraftforge.fml.javafmlmod.AutomaticEventSubscriber/LOADING]: Auto-subscribing net.mcreator.borninchaosv.procedures.DarkRitualDaggerPProcedure to FORGE
[02May2025 20:50:48.382] [modloading-worker-0/DEBUG] [net.minecraftforge.fml.javafmlmod.AutomaticEventSubscriber/LOADING]: Auto-subscribing net.mcreator.borninchaosv.procedures.DZombieDProcedure to FORGE
[02May2025 20:50:48.387] [modloading-worker-0/DEBUG] [net.minecraftforge.fml.javafmlmod.AutomaticEventSubscriber/LOADING]: Auto-subscribing net.mcreator.borninchaosv.procedures.CursedMarkAtacProcedure to FORGE
[02May2025 20:50:48.388] [modloading-worker-0/DEBUG] [net.minecraftforge.fml.javafmlmod.AutomaticEventSubscriber/LOADING]: Auto-subscribing net.mcreator.borninchaosv.procedures.CorpseflyatacProcedure to FORGE
[02May2025 20:50:48.395] [modloading-worker-0/DEBUG] [net.minecraftforge.fml.javafmlmod.AutomaticEventSubscriber/LOADING]: Auto-subscribing net.mcreator.borninchaosv.procedures.BoneBarrierProProcedure to FORGE
[02May2025 20:50:48.402] [modloading-worker-0/DEBUG] [net.minecraftforge.fml.javafmlmod.AutomaticEventSubscriber/LOADING]: Auto-subscribing net.mcreator.borninchaosv.procedures.BloodyGadflyAtacProcedure to FORGE
[02May2025 20:50:48.403] [modloading-worker-0/DEBUG] [net.minecraftforge.fml.javafmlmod.AutomaticEventSubscriber/LOADING]: Auto-subscribing net.mcreator.borninchaosv.procedures.BlockSkeletonTrasherProcedure to FORGE
[02May2025 20:50:48.403] [modloading-worker-0/DEBUG] [net.minecraftforge.fml.javafmlmod.AutomaticEventSubscriber/LOADING]: Auto-subscribing net.mcreator.borninchaosv.procedures.BabyspidercontrolledAtackProcedure to FORGE
[02May2025 20:50:48.411] [modloading-worker-0/DEBUG] [net.minecraftforge.fml.javafmlmod.AutomaticEventSubscriber/LOADING]: Auto-subscribing net.mcreator.borninchaosv.procedures.BabySpiderAtackProcedure to FORGE
[02May2025 20:50:48.412] [modloading-worker-0/DEBUG] [net.minecraftforge.fml.javafmlmod.AutomaticEventSubscriber/LOADING]: Auto-subscribing net.mcreator.borninchaosv.procedures.AxeAtackProcedure to FORGE
[02May2025 20:50:48.418] [modloading-worker-0/DEBUG] [net.minecraftforge.fml.javafmlmod.AutomaticEventSubscriber/LOADING]: Auto-subscribing net.mcreator.borninchaosv.procedures.AttackoftheDisobedientProcedure to FORGE
[02May2025 20:50:48.421] [modloading-worker-0/DEBUG] [net.minecraftforge.fml.javafmlmod.AutomaticEventSubscriber/LOADING]: Auto-subscribing net.mcreator.borninchaosv.network.BornInChaosV1ModVariables to MOD
[02May2025 20:50:48.432] [modloading-worker-0/DEBUG] [net.minecraftforge.fml.javafmlmod.AutomaticEventSubscriber/LOADING]: Auto-subscribing net.mcreator.borninchaosv.network.BornInChaosV1ModVariables$PlayerVariablesProvider to FORGE
[02May2025 20:50:48.433] [modloading-worker-0/DEBUG] [net.minecraftforge.fml.javafmlmod.AutomaticEventSubscriber/LOADING]: Auto-subscribing net.mcreator.borninchaosv.network.BornInChaosV1ModVariables$EventBusVariableHandlers to FORGE
[02May2025 20:50:48.443] [modloading-worker-0/DEBUG] [net.minecraftforge.fml.javafmlmod.AutomaticEventSubscriber/LOADING]: Auto-subscribing net.mcreator.borninchaosv.init.ItemAnimationFactory to FORGE
[02May2025 20:50:48.451] [modloading-worker-0/DEBUG] [net.minecraftforge.fml.javafmlmod.AutomaticEventSubscriber/LOADING]: Auto-subscribing net.mcreator.borninchaosv.init.EntityAnimationFactory to FORGE
[02May2025 20:50:48.453] [modloading-worker-0/DEBUG] [net.minecraftforge.fml.javafmlmod.AutomaticEventSubscriber/LOADING]: Auto-subscribing net.mcreator.borninchaosv.init.BornInChaosV1ModGameRules to MOD
[02May2025 20:50:48.493] [modloading-worker-0/DEBUG] [net.minecraftforge.fml.javafmlmod.AutomaticEventSubscriber/LOADING]: Auto-subscribing net.mcreator.borninchaosv.init.BornInChaosV1ModFuels to FORGE
[02May2025 20:50:48.494] [modloading-worker-0/DEBUG] [net.minecraftforge.fml.javafmlmod.AutomaticEventSubscriber/LOADING]: Auto-subscribing net.mcreator.borninchaosv.init.BornInChaosV1ModFeatures to FORGE
[02May2025 20:50:48.494] [modloading-worker-0/DEBUG] [net.minecraftforge.fml.javafmlmod.AutomaticEventSubscriber/LOADING]: Auto-subscribing net.mcreator.borninchaosv.init.BornInChaosV1ModEntities to MOD
[02May2025 20:50:48.500] [modloading-worker-0/DEBUG] [net.minecraftforge.fml.javafmlmod.AutomaticEventSubscriber/LOADING]: Auto-subscribing net.mcreator.borninchaosv.init.BornInChaosV1ModCompostableItems to MOD
[02May2025 20:50:48.552] [modloading-worker-0/DEBUG] [net.minecraftforge.fml.config.ConfigTracker/CONFIG]: Config file gravestone-server.toml for gravestone tracking
[02May2025 20:50:48.553] [modloading-worker-0/DEBUG] [net.minecraftforge.fml.config.ConfigTracker/CONFIG]: Config file gravestone-client.toml for gravestone tracking
[02May2025 20:50:48.554] [modloading-worker-0/DEBUG] [net.minecraftforge.fml.javafmlmod.AutomaticEventSubscriber/LOADING]: Attempting to inject @EventBusSubscriber classes into the eventbus for gravestone
[02May2025 20:50:48.562] [modloading-worker-0/DEBUG] [net.minecraftforge.fml.javafmlmod.AutomaticEventSubscriber/LOADING]: Auto-subscribing de.maxhenkel.gravestone.Main to FORGE
[02May2025 20:50:48.563] [modloading-worker-0/DEBUG] [net.minecraftforge.fml.javafmlmod.AutomaticEventSubscriber/LOADING]: Attempting to inject @EventBusSubscriber classes into the eventbus for mixinextras
[02May2025 20:50:48.563] [modloading-worker-0/DEBUG] [net.minecraftforge.fml.javafmlmod.AutomaticEventSubscriber/LOADING]: Attempting to inject @EventBusSubscriber classes into the eventbus for glitchcore
[02May2025 20:50:48.563] [modloading-worker-0/DEBUG] [net.minecraftforge.fml.javafmlmod.AutomaticEventSubscriber/LOADING]: Auto-subscribing glitchcore.forge.handlers.VillagerTradesEventHandler to FORGE
[02May2025 20:50:48.573] [modloading-worker-0/DEBUG] [net.minecraftforge.fml.config.ConfigTracker/CONFIG]: Config file waystones-common.toml for waystones tracking
[02May2025 20:50:48.579] [modloading-worker-0/DEBUG] [net.minecraftforge.fml.javafmlmod.AutomaticEventSubscriber/LOADING]: Auto-subscribing glitchcore.forge.handlers.TooltipEventHandler to FORGE
[02May2025 20:50:48.588] [modloading-worker-0/DEBUG] [net.minecraftforge.fml.javafmlmod.AutomaticEventSubscriber/LOADING]: Auto-subscribing glitchcore.forge.handlers.ToolModificationEventHandler to FORGE
[02May2025 20:50:48.597] [modloading-worker-0/DEBUG] [net.minecraftforge.fml.javafmlmod.AutomaticEventSubscriber/LOADING]: Auto-subscribing glitchcore.forge.handlers.TickEventHandler to FORGE
[02May2025 20:50:48.604] [modloading-worker-0/DEBUG] [net.minecraftforge.fml.javafmlmod.AutomaticEventSubscriber/LOADING]: Auto-subscribing glitchcore.forge.handlers.TagsUpdatedEventHandler to FORGE
[02May2025 20:50:48.606] [modloading-worker-0/DEBUG] [net.minecraftforge.fml.javafmlmod.AutomaticEventSubscriber/LOADING]: Auto-subscribing glitchcore.forge.handlers.RegistryEventHandler to MOD
[02May2025 20:50:48.614] [modloading-worker-0/DEBUG] [net.minecraftforge.fml.javafmlmod.AutomaticEventSubscriber/LOADING]: Auto-subscribing glitchcore.forge.handlers.RegisterCommandsEventHandler to FORGE
[02May2025 20:50:48.615] [modloading-worker-0/DEBUG] [net.minecraftforge.fml.javafmlmod.AutomaticEventSubscriber/LOADING]: Auto-subscribing glitchcore.forge.handlers.PlayerLoggedInEventHandler to FORGE
[02May2025 20:50:48.622] [modloading-worker-0/DEBUG] [net.minecraftforge.fml.javafmlmod.AutomaticEventSubscriber/LOADING]: Auto-subscribing glitchcore.forge.handlers.InteractionEventHandler to FORGE
[02May2025 20:50:48.640] [modloading-worker-0/DEBUG] [mixin/]: Mixing impl.MixinEnvironment from glitchcore.forge.mixins.json into glitchcore.util.Environment
[02May2025 20:50:48.796] [modloading-worker-0/DEBUG] [net.minecraftforge.fml.javafmlmod.AutomaticEventSubscriber/LOADING]: Attempting to inject @EventBusSubscriber classes into the eventbus for waystones
[02May2025 20:50:48.810] [modloading-worker-0/DEBUG] [thedarkcolour.kotlinforforge.LoggerKt/LOADING]: Attempting to inject @EventBusSubscriber kotlin objects in to the event bus for kambrik
[02May2025 20:50:48.882] [modloading-worker-0/DEBUG] [mixin/]: Mixing MixinBloodFluid from biomesoplenty.forge.mixins.json into biomesoplenty.block.BloodFluid
[02May2025 20:50:48.890] [modloading-worker-0/DEBUG] [mixin/]: Mixing MixinLiquidNullFluid from biomesoplenty.forge.mixins.json into biomesoplenty.block.LiquidNullFluid
[02May2025 20:50:48.914] [modloading-worker-0/DEBUG] [net.minecraftforge.fml.config.ConfigTracker/CONFIG]: Config file sophisticatedbackpacks-server.toml for sophisticatedbackpacks tracking
[02May2025 20:50:48.915] [modloading-worker-0/DEBUG] [net.minecraftforge.fml.config.ConfigTracker/CONFIG]: Config file sophisticatedbackpacks-common.toml for sophisticatedbackpacks tracking
[02May2025 20:50:49.013] [modloading-worker-0/DEBUG] [net.minecraftforge.fml.javafmlmod.AutomaticEventSubscriber/LOADING]: Attempting to inject @EventBusSubscriber classes into the eventbus for biomesoplenty
[02May2025 20:50:49.014] [modloading-worker-0/DEBUG] [net.minecraftforge.fml.javafmlmod.AutomaticEventSubscriber/LOADING]: Auto-subscribing biomesoplenty.forge.handler.MissingMappingsHandler to FORGE
[02May2025 20:50:49.017] [modloading-worker-0/DEBUG] [net.minecraftforge.fml.javafmlmod.AutomaticEventSubscriber/LOADING]: Auto-subscribing biomesoplenty.forge.datagen.DataGenerationHandler to MOD
[02May2025 20:50:49.150] [modloading-worker-0/DEBUG] [net.minecraftforge.fml.javafmlmod.AutomaticEventSubscriber/LOADING]: Attempting to inject @EventBusSubscriber classes into the eventbus for architectury
[02May2025 20:50:49.150] [modloading-worker-0/DEBUG] [net.minecraftforge.fml.javafmlmod.AutomaticEventSubscriber/LOADING]: Auto-subscribing dev.architectury.registry.level.entity.trade.forge.TradeRegistryImpl to FORGE
[02May2025 20:50:49.156] [modloading-worker-0/DEBUG] [net.minecraftforge.fml.javafmlmod.AutomaticEventSubscriber/LOADING]: Auto-subscribing dev.architectury.registry.forge.ReloadListenerRegistryImpl to FORGE
[02May2025 20:50:49.162] [modloading-worker-0/DEBUG] [net.minecraftforge.fml.javafmlmod.AutomaticEventSubscriber/LOADING]: Auto-subscribing dev.architectury.networking.forge.NetworkManagerImpl to FORGE
[02May2025 20:50:49.175] [modloading-worker-0/INFO] [dev.architectury.networking.forge.NetworkManagerImpl/]: Registering C2S receiver with id architectury:sync_ids
[02May2025 20:50:49.191] [modloading-worker-0/DEBUG] [net.minecraftforge.fml.javafmlmod.AutomaticEventSubscriber/LOADING]: Attempting to inject @EventBusSubscriber classes into the eventbus for sophisticatedbackpacks
[02May2025 20:50:49.201] [modloading-worker-0/DEBUG] [net.minecraftforge.fml.config.ConfigTracker/CONFIG]: Config file balm-common.toml for balm tracking
[02May2025 20:50:49.202] [modloading-worker-0/DEBUG] [net.minecraftforge.fml.config.ConfigTracker/CONFIG]: Config file jeresources-common.toml for jeresources tracking
[02May2025 20:50:49.208] [modloading-worker-0/DEBUG] [jeresources/]: Loaded jeresources.forge.ForgePlatformHelper@2cca9d80 for service interface jeresources.platform.IPlatformHelper
[02May2025 20:50:49.208] [modloading-worker-0/DEBUG] [jeresources/]: Loading config file /workspaces/minecraftrpg/servidor_minecraft/config/jeresources.toml
[02May2025 20:50:49.208] [modloading-worker-0/DEBUG] [jeresources/]: Built TOML config for /workspaces/minecraftrpg/servidor_minecraft/config/jeresources.toml
[02May2025 20:50:49.209] [modloading-worker-0/DEBUG] [jeresources/]: Loaded TOML config file /workspaces/minecraftrpg/servidor_minecraft/config/jeresources.toml
[02May2025 20:50:49.211] [modloading-worker-0/DEBUG] [net.minecraftforge.fml.javafmlmod.AutomaticEventSubscriber/LOADING]: Attempting to inject @EventBusSubscriber classes into the eventbus for balm
[02May2025 20:50:49.225] [modloading-worker-0/DEBUG] [net.minecraftforge.fml.javafmlmod.AutomaticEventSubscriber/LOADING]: Attempting to inject @EventBusSubscriber classes into the eventbus for interaction_boxes
[02May2025 20:50:49.241] [modloading-worker-0/DEBUG] [net.minecraftforge.fml.javafmlmod.AutomaticEventSubscriber/LOADING]: Attempting to inject @EventBusSubscriber classes into the eventbus for jeresources
[02May2025 20:50:49.318] [modloading-worker-0/DEBUG] [Paraglider/]: Loaded plugin class tictim.paraglider.plugin.ParagliderDefaultPlugin associated with mod paraglider
[02May2025 20:50:49.322] [modloading-worker-0/DEBUG] [Paraglider/]: Loaded 1 plugins total
[02May2025 20:50:49.404] [modloading-worker-0/DEBUG] [net.minecraftforge.fml.config.ConfigTracker/CONFIG]: Config file paraglider-player-states.toml for paraglider tracking
[02May2025 20:50:49.465] [modloading-worker-0/DEBUG] [net.minecraftforge.fml.config.ConfigTracker/CONFIG]: Config file paraglider-common.toml for paraglider tracking
[02May2025 20:50:49.480] [modloading-worker-0/DEBUG] [net.minecraftforge.fml.config.ConfigTracker/CONFIG]: Config file ars_nouveau/glyph_projectile.toml for ars_nouveau tracking
[02May2025 20:50:49.483] [modloading-worker-0/DEBUG] [net.minecraftforge.fml.config.ConfigTracker/CONFIG]: Config file ars_nouveau/glyph_touch.toml for ars_nouveau tracking
[02May2025 20:50:49.483] [modloading-worker-0/DEBUG] [net.minecraftforge.fml.config.ConfigTracker/CONFIG]: Config file ars_nouveau/glyph_self.toml for ars_nouveau tracking
[02May2025 20:50:49.488] [modloading-worker-0/DEBUG] [net.minecraftforge.fml.config.ConfigTracker/CONFIG]: Config file ars_nouveau/glyph_break.toml for ars_nouveau tracking
[02May2025 20:50:49.490] [modloading-worker-0/DEBUG] [net.minecraftforge.fml.config.ConfigTracker/CONFIG]: Config file ars_nouveau/glyph_harm.toml for ars_nouveau tracking
[02May2025 20:50:49.491] [modloading-worker-0/DEBUG] [net.minecraftforge.fml.config.ConfigTracker/CONFIG]: Config file ars_nouveau/glyph_ignite.toml for ars_nouveau tracking
[02May2025 20:50:49.492] [modloading-worker-0/DEBUG] [net.minecraftforge.fml.config.ConfigTracker/CONFIG]: Config file ars_nouveau/glyph_phantom_block.toml for ars_nouveau tracking
[02May2025 20:50:49.493] [modloading-worker-0/DEBUG] [net.minecraftforge.fml.config.ConfigTracker/CONFIG]: Config file ars_nouveau/glyph_heal.toml for ars_nouveau tracking
[02May2025 20:50:49.493] [modloading-worker-0/DEBUG] [net.minecraftforge.fml.config.ConfigTracker/CONFIG]: Config file ars_nouveau/glyph_grow.toml for ars_nouveau tracking
[02May2025 20:50:49.502] [modloading-worker-0/DEBUG] [net.minecraftforge.fml.config.ConfigTracker/CONFIG]: Config file ars_nouveau/glyph_gust.toml for ars_nouveau tracking
[02May2025 20:50:49.503] [modloading-worker-0/DEBUG] [net.minecraftforge.fml.config.ConfigTracker/CONFIG]: Config file ars_nouveau/glyph_light.toml for ars_nouveau tracking
[02May2025 20:50:49.508] [modloading-worker-0/DEBUG] [net.minecraftforge.fml.config.ConfigTracker/CONFIG]: Config file ars_nouveau/glyph_dispel.toml for ars_nouveau tracking
[02May2025 20:50:49.508] [modloading-worker-0/DEBUG] [net.minecraftforge.fml.config.ConfigTracker/CONFIG]: Config file ars_nouveau/glyph_launch.toml for ars_nouveau tracking
[02May2025 20:50:49.509] [modloading-worker-0/DEBUG] [net.minecraftforge.fml.config.ConfigTracker/CONFIG]: Config file ars_nouveau/glyph_pull.toml for ars_nouveau tracking
[02May2025 20:50:49.514] [modloading-worker-0/DEBUG] [net.minecraftforge.fml.config.ConfigTracker/CONFIG]: Config file paraglider-server.toml for paraglider tracking
[02May2025 20:50:49.514] [modloading-worker-0/DEBUG] [net.minecraftforge.fml.config.ConfigTracker/CONFIG]: Config file ars_nouveau/glyph_blink.toml for ars_nouveau tracking
[02May2025 20:50:49.517] [modloading-worker-0/DEBUG] [net.minecraftforge.fml.config.ConfigTracker/CONFIG]: Config file ars_nouveau/glyph_explosion.toml for ars_nouveau tracking
[02May2025 20:50:49.520] [modloading-worker-0/DEBUG] [net.minecraftforge.fml.javafmlmod.AutomaticEventSubscriber/LOADING]: Attempting to inject @EventBusSubscriber classes into the eventbus for paraglider
[02May2025 20:50:49.520] [modloading-worker-0/DEBUG] [net.minecraftforge.fml.javafmlmod.AutomaticEventSubscriber/LOADING]: Auto-subscribing tictim.paraglider.forge.contents.ForgeBargainTypeRegistry to MOD
[02May2025 20:50:49.522] [modloading-worker-0/DEBUG] [net.minecraftforge.fml.javafmlmod.AutomaticEventSubscriber/LOADING]: Auto-subscribing tictim.paraglider.forge.event.ParagliderEventHandler to FORGE
[02May2025 20:50:49.523] [modloading-worker-0/DEBUG] [net.minecraftforge.fml.config.ConfigTracker/CONFIG]: Config file ars_nouveau/glyph_lightning.toml for ars_nouveau tracking
[02May2025 20:50:49.526] [modloading-worker-0/DEBUG] [net.minecraftforge.fml.config.ConfigTracker/CONFIG]: Config file ars_nouveau/glyph_slowfall.toml for ars_nouveau tracking
[02May2025 20:50:49.530] [modloading-worker-0/DEBUG] [net.minecraftforge.fml.config.ConfigTracker/CONFIG]: Config file ars_nouveau/glyph_fangs.toml for ars_nouveau tracking
[02May2025 20:50:49.532] [modloading-worker-0/DEBUG] [net.minecraftforge.fml.config.ConfigTracker/CONFIG]: Config file ars_nouveau/glyph_summon_vex.toml for ars_nouveau tracking
[02May2025 20:50:49.536] [modloading-worker-0/DEBUG] [net.minecraftforge.fml.config.ConfigTracker/CONFIG]: Config file ars_nouveau/glyph_accelerate.toml for ars_nouveau tracking
[02May2025 20:50:49.536] [modloading-worker-0/DEBUG] [net.minecraftforge.fml.config.ConfigTracker/CONFIG]: Config file ars_nouveau/glyph_decelerate.toml for ars_nouveau tracking
[02May2025 20:50:49.536] [modloading-worker-0/DEBUG] [net.minecraftforge.fml.config.ConfigTracker/CONFIG]: Config file ars_nouveau/glyph_split.toml for ars_nouveau tracking
[02May2025 20:50:49.536] [modloading-worker-0/DEBUG] [net.minecraftforge.fml.config.ConfigTracker/CONFIG]: Config file ars_nouveau/glyph_amplify.toml for ars_nouveau tracking
[02May2025 20:50:49.536] [modloading-worker-0/DEBUG] [net.minecraftforge.fml.config.ConfigTracker/CONFIG]: Config file ars_nouveau/glyph_aoe.toml for ars_nouveau tracking
[02May2025 20:50:49.536] [modloading-worker-0/DEBUG] [net.minecraftforge.fml.config.ConfigTracker/CONFIG]: Config file ars_nouveau/glyph_extend_time.toml for ars_nouveau tracking
[02May2025 20:50:49.536] [modloading-worker-0/DEBUG] [net.minecraftforge.fml.config.ConfigTracker/CONFIG]: Config file ars_nouveau/glyph_pierce.toml for ars_nouveau tracking
[02May2025 20:50:49.537] [modloading-worker-0/DEBUG] [net.minecraftforge.fml.config.ConfigTracker/CONFIG]: Config file ars_nouveau/glyph_dampen.toml for ars_nouveau tracking
[02May2025 20:50:49.537] [modloading-worker-0/DEBUG] [net.minecraftforge.fml.config.ConfigTracker/CONFIG]: Config file ars_nouveau/glyph_extract.toml for ars_nouveau tracking
[02May2025 20:50:49.537] [modloading-worker-0/DEBUG] [net.minecraftforge.fml.config.ConfigTracker/CONFIG]: Config file ars_nouveau/glyph_fortune.toml for ars_nouveau tracking
[02May2025 20:50:49.539] [modloading-worker-0/DEBUG] [net.minecraftforge.fml.config.ConfigTracker/CONFIG]: Config file ars_nouveau/glyph_ender_inventory.toml for ars_nouveau tracking
[02May2025 20:50:49.539] [modloading-worker-0/DEBUG] [net.minecraftforge.fml.config.ConfigTracker/CONFIG]: Config file ars_nouveau/glyph_harvest.toml for ars_nouveau tracking
[02May2025 20:50:49.542] [modloading-worker-0/DEBUG] [net.minecraftforge.fml.config.ConfigTracker/CONFIG]: Config file ars_nouveau/glyph_fell.toml for ars_nouveau tracking
[02May2025 20:50:49.542] [modloading-worker-0/DEBUG] [net.minecraftforge.fml.config.ConfigTracker/CONFIG]: Config file ars_nouveau/glyph_pickup.toml for ars_nouveau tracking
[02May2025 20:50:49.543] [modloading-worker-0/DEBUG] [net.minecraftforge.fml.config.ConfigTracker/CONFIG]: Config file ars_nouveau/glyph_interact.toml for ars_nouveau tracking
[02May2025 20:50:49.543] [modloading-worker-0/DEBUG] [net.minecraftforge.fml.javafmlmod.AutomaticEventSubscriber/LOADING]: Auto-subscribing tictim.paraglider.forge.event.WindEventHandler to FORGE
[02May2025 20:50:49.545] [modloading-worker-0/DEBUG] [net.minecraftforge.fml.config.ConfigTracker/CONFIG]: Config file ars_nouveau/glyph_place_block.toml for ars_nouveau tracking
[02May2025 20:50:49.545] [modloading-worker-0/DEBUG] [net.minecraftforge.fml.config.ConfigTracker/CONFIG]: Config file ars_nouveau/glyph_snare.toml for ars_nouveau tracking
[02May2025 20:50:49.546] [modloading-worker-0/DEBUG] [net.minecraftforge.fml.config.ConfigTracker/CONFIG]: Config file ars_nouveau/glyph_smelt.toml for ars_nouveau tracking
[02May2025 20:50:49.549] [modloading-worker-0/DEBUG] [net.minecraftforge.fml.config.ConfigTracker/CONFIG]: Config file ars_nouveau/glyph_leap.toml for ars_nouveau tracking
[02May2025 20:50:49.550] [modloading-worker-0/DEBUG] [net.minecraftforge.fml.config.ConfigTracker/CONFIG]: Config file ars_nouveau/glyph_delay.toml for ars_nouveau tracking
[02May2025 20:50:49.550] [modloading-worker-0/DEBUG] [net.minecraftforge.fml.config.ConfigTracker/CONFIG]: Config file ars_nouveau/glyph_redstone_signal.toml for ars_nouveau tracking
[02May2025 20:50:49.552] [modloading-worker-0/DEBUG] [net.minecraftforge.fml.config.ConfigTracker/CONFIG]: Config file ars_nouveau/glyph_intangible.toml for ars_nouveau tracking
[02May2025 20:50:49.555] [modloading-worker-0/DEBUG] [net.minecraftforge.fml.config.ConfigTracker/CONFIG]: Config file ars_nouveau/glyph_invisibility.toml for ars_nouveau tracking
[02May2025 20:50:49.555] [modloading-worker-0/DEBUG] [net.minecraftforge.fml.config.ConfigTracker/CONFIG]: Config file ars_nouveau/glyph_duration_down.toml for ars_nouveau tracking
[02May2025 20:50:49.555] [modloading-worker-0/DEBUG] [net.minecraftforge.fml.config.ConfigTracker/CONFIG]: Config file ars_nouveau/glyph_wither.toml for ars_nouveau tracking
[02May2025 20:50:49.556] [modloading-worker-0/DEBUG] [net.minecraftforge.fml.config.ConfigTracker/CONFIG]: Config file ars_nouveau/glyph_exchange.toml for ars_nouveau tracking
[02May2025 20:50:49.557] [modloading-worker-0/DEBUG] [net.minecraftforge.fml.javafmlmod.AutomaticEventSubscriber/LOADING]: Attempting to inject @EventBusSubscriber classes into the eventbus for cloth_config
[02May2025 20:50:49.558] [modloading-worker-0/DEBUG] [net.minecraftforge.fml.config.ConfigTracker/CONFIG]: Config file ars_nouveau/glyph_craft.toml for ars_nouveau tracking
[02May2025 20:50:49.562] [modloading-worker-0/DEBUG] [net.minecraftforge.fml.config.ConfigTracker/CONFIG]: Config file ars_nouveau/glyph_flare.toml for ars_nouveau tracking
[02May2025 20:50:49.564] [modloading-worker-0/DEBUG] [net.minecraftforge.fml.config.ConfigTracker/CONFIG]: Config file ars_nouveau/glyph_cold_snap.toml for ars_nouveau tracking
[02May2025 20:50:49.564] [modloading-worker-0/DEBUG] [net.minecraftforge.fml.config.ConfigTracker/CONFIG]: Config file ars_nouveau/glyph_conjure_water.toml for ars_nouveau tracking
[02May2025 20:50:49.566] [modloading-worker-0/DEBUG] [net.minecraftforge.fml.config.ConfigTracker/CONFIG]: Config file ars_nouveau/glyph_gravity.toml for ars_nouveau tracking
[02May2025 20:50:49.566] [modloading-worker-0/DEBUG] [net.minecraftforge.fml.config.ConfigTracker/CONFIG]: Config file ars_nouveau/glyph_cut.toml for ars_nouveau tracking
[02May2025 20:50:49.567] [modloading-worker-0/DEBUG] [net.minecraftforge.fml.config.ConfigTracker/CONFIG]: Config file ars_nouveau/glyph_crush.toml for ars_nouveau tracking
[02May2025 20:50:49.569] [modloading-worker-0/DEBUG] [net.minecraftforge.fml.config.ConfigTracker/CONFIG]: Config file ars_nouveau/glyph_summon_wolves.toml for ars_nouveau tracking
[02May2025 20:50:49.569] [modloading-worker-0/DEBUG] [net.minecraftforge.fml.config.ConfigTracker/CONFIG]: Config file ars_nouveau/glyph_summon_steed.toml for ars_nouveau tracking
[02May2025 20:50:49.573] [modloading-worker-0/DEBUG] [net.minecraftforge.fml.config.ConfigTracker/CONFIG]: Config file ars_nouveau/glyph_summon_decoy.toml for ars_nouveau tracking
[02May2025 20:50:49.573] [modloading-worker-0/DEBUG] [net.minecraftforge.fml.config.ConfigTracker/CONFIG]: Config file ars_nouveau/glyph_hex.toml for ars_nouveau tracking
[02May2025 20:50:49.576] [modloading-worker-0/DEBUG] [net.minecraftforge.fml.config.ConfigTracker/CONFIG]: Config file ars_nouveau/glyph_underfoot.toml for ars_nouveau tracking
[02May2025 20:50:49.576] [modloading-worker-0/DEBUG] [net.minecraftforge.fml.config.ConfigTracker/CONFIG]: Config file ars_nouveau/glyph_glide.toml for ars_nouveau tracking
[02May2025 20:50:49.576] [modloading-worker-0/DEBUG] [net.minecraftforge.fml.config.ConfigTracker/CONFIG]: Config file ars_nouveau/glyph_rune.toml for ars_nouveau tracking
[02May2025 20:50:49.577] [modloading-worker-0/DEBUG] [net.minecraftforge.fml.config.ConfigTracker/CONFIG]: Config file ars_nouveau/glyph_freeze.toml for ars_nouveau tracking
[02May2025 20:50:49.577] [modloading-worker-0/DEBUG] [net.minecraftforge.fml.config.ConfigTracker/CONFIG]: Config file ars_nouveau/glyph_name.toml for ars_nouveau tracking
[02May2025 20:50:49.577] [modloading-worker-0/DEBUG] [net.minecraftforge.fml.config.ConfigTracker/CONFIG]: Config file ars_nouveau/glyph_summon_undead.toml for ars_nouveau tracking
[02May2025 20:50:49.575] [modloading-worker-0/DEBUG] [net.minecraftforge.fml.javafmlmod.AutomaticEventSubscriber/LOADING]: Attempting to inject @EventBusSubscriber classes into the eventbus for voicechat
[02May2025 20:50:49.580] [modloading-worker-0/DEBUG] [net.minecraftforge.fml.config.ConfigTracker/CONFIG]: Config file ars_nouveau/glyph_firework.toml for ars_nouveau tracking
[02May2025 20:50:49.582] [modloading-worker-0/DEBUG] [net.minecraftforge.fml.config.ConfigTracker/CONFIG]: Config file ars_nouveau/glyph_toss.toml for ars_nouveau tracking
[02May2025 20:50:49.582] [modloading-worker-0/DEBUG] [net.minecraftforge.fml.config.ConfigTracker/CONFIG]: Config file ars_nouveau/glyph_bounce.toml for ars_nouveau tracking
[02May2025 20:50:49.582] [modloading-worker-0/DEBUG] [net.minecraftforge.fml.config.ConfigTracker/CONFIG]: Config file ars_nouveau/glyph_sensitive.toml for ars_nouveau tracking
[02May2025 20:50:49.584] [modloading-worker-0/DEBUG] [net.minecraftforge.fml.config.ConfigTracker/CONFIG]: Config file ars_nouveau/glyph_wind_shear.toml for ars_nouveau tracking
[02May2025 20:50:49.584] [modloading-worker-0/DEBUG] [net.minecraftforge.fml.config.ConfigTracker/CONFIG]: Config file ars_nouveau/glyph_evaporate.toml for ars_nouveau tracking
[02May2025 20:50:49.587] [modloading-worker-0/DEBUG] [net.minecraftforge.fml.config.ConfigTracker/CONFIG]: Config file ars_nouveau/glyph_linger.toml for ars_nouveau tracking
[02May2025 20:50:49.588] [modloading-worker-0/DEBUG] [net.minecraftforge.fml.config.ConfigTracker/CONFIG]: Config file ars_nouveau/glyph_sense_magic.toml for ars_nouveau tracking
[02May2025 20:50:49.588] [modloading-worker-0/DEBUG] [net.minecraftforge.fml.config.ConfigTracker/CONFIG]: Config file ars_nouveau/glyph_infuse.toml for ars_nouveau tracking
[02May2025 20:50:49.591] [modloading-worker-0/DEBUG] [net.minecraftforge.fml.config.ConfigTracker/CONFIG]: Config file ars_nouveau/glyph_rotate.toml for ars_nouveau tracking
[02May2025 20:50:49.593] [modloading-worker-0/DEBUG] [net.minecraftforge.fml.config.ConfigTracker/CONFIG]: Config file ars_nouveau/glyph_wall.toml for ars_nouveau tracking
[02May2025 20:50:49.598] [modloading-worker-0/DEBUG] [net.minecraftforge.fml.config.ConfigTracker/CONFIG]: Config file ars_nouveau/glyph_animate_block.toml for ars_nouveau tracking
[02May2025 20:50:49.600] [modloading-worker-0/DEBUG] [net.minecraftforge.fml.config.ConfigTracker/CONFIG]: Config file ars_nouveau/burst.toml for ars_nouveau tracking
[02May2025 20:50:49.601] [modloading-worker-0/DEBUG] [net.minecraftforge.fml.config.ConfigTracker/CONFIG]: Config file ars_nouveau/glyph_randomize.toml for ars_nouveau tracking
[02May2025 20:50:49.604] [modloading-worker-0/DEBUG] [net.minecraftforge.fml.config.ConfigTracker/CONFIG]: Config file ars_nouveau/glyph_orbit.toml for ars_nouveau tracking
[02May2025 20:50:49.605] [modloading-worker-0/DEBUG] [net.minecraftforge.fml.config.ConfigTracker/CONFIG]: Config file ars_nouveau/reset.toml for ars_nouveau tracking
[02May2025 20:50:49.610] [modloading-worker-0/DEBUG] [net.minecraftforge.fml.config.ConfigTracker/CONFIG]: Config file ars_nouveau/wololo.toml for ars_nouveau tracking
[02May2025 20:50:49.611] [modloading-worker-0/DEBUG] [net.minecraftforge.fml.config.ConfigTracker/CONFIG]: Config file ars_nouveau/rewind.toml for ars_nouveau tracking
[02May2025 20:50:49.915] [modloading-worker-0/DEBUG] [net.minecraftforge.fml.config.ConfigTracker/CONFIG]: Config file ars_nouveau-server.toml for ars_nouveau tracking
[02May2025 20:50:49.923] [modloading-worker-0/DEBUG] [net.minecraftforge.fml.config.ConfigTracker/CONFIG]: Config file ars_nouveau-common.toml for ars_nouveau tracking
[02May2025 20:50:49.924] [modloading-worker-0/DEBUG] [net.minecraftforge.fml.config.ConfigTracker/CONFIG]: Config file ars_nouveau-client.toml for ars_nouveau tracking
[02May2025 20:50:50.699] [modloading-worker-0/DEBUG] [net.minecraftforge.fml.javafmlmod.AutomaticEventSubscriber/LOADING]: Attempting to inject @EventBusSubscriber classes into the eventbus for ars_nouveau
[02May2025 20:50:50.700] [modloading-worker-0/DEBUG] [net.minecraftforge.fml.javafmlmod.AutomaticEventSubscriber/LOADING]: Auto-subscribing com.hollingsworth.arsnouveau.setup.registry.RecipeRegistry to MOD
[02May2025 20:50:50.700] [modloading-worker-0/DEBUG] [net.minecraftforge.fml.javafmlmod.AutomaticEventSubscriber/LOADING]: Auto-subscribing com.hollingsworth.arsnouveau.setup.registry.ModEntities$RegistrationHandler to MOD
[02May2025 20:50:50.701] [modloading-worker-0/DEBUG] [net.minecraftforge.fml.javafmlmod.AutomaticEventSubscriber/LOADING]: Auto-subscribing com.hollingsworth.arsnouveau.setup.registry.CapabilityRegistry$EventHandler to FORGE
[02May2025 20:50:50.710] [modloading-worker-0/DEBUG] [net.minecraftforge.fml.javafmlmod.AutomaticEventSubscriber/LOADING]: Auto-subscribing com.hollingsworth.arsnouveau.setup.config.Config to MOD
[02May2025 20:50:50.711] [modloading-worker-0/DEBUG] [net.minecraftforge.fml.javafmlmod.AutomaticEventSubscriber/LOADING]: Auto-subscribing com.hollingsworth.arsnouveau.common.world.saved_data.RedstoneSavedData to FORGE
[02May2025 20:50:50.713] [modloading-worker-0/DEBUG] [net.minecraftforge.fml.javafmlmod.AutomaticEventSubscriber/LOADING]: Auto-subscribing com.hollingsworth.arsnouveau.common.potions.GravityEffect to FORGE
[02May2025 20:50:50.717] [modloading-worker-0/DEBUG] [net.minecraftforge.fml.javafmlmod.AutomaticEventSubscriber/LOADING]: Auto-subscribing com.hollingsworth.arsnouveau.common.potions.BounceEffect to FORGE
[02May2025 20:50:50.724] [modloading-worker-0/DEBUG] [net.minecraftforge.fml.javafmlmod.AutomaticEventSubscriber/LOADING]: Auto-subscribing com.hollingsworth.arsnouveau.common.mob_jar.WitherBehavior to FORGE
[02May2025 20:50:50.728] [modloading-worker-0/DEBUG] [net.minecraftforge.fml.javafmlmod.AutomaticEventSubscriber/LOADING]: Auto-subscribing com.hollingsworth.arsnouveau.common.items.curios.SummoningFocus to FORGE
[02May2025 20:50:50.748] [modloading-worker-0/DEBUG] [net.minecraftforge.fml.javafmlmod.AutomaticEventSubscriber/LOADING]: Auto-subscribing com.hollingsworth.arsnouveau.common.event.SummonEvents to FORGE
[02May2025 20:50:50.749] [modloading-worker-0/DEBUG] [net.minecraftforge.fml.javafmlmod.AutomaticEventSubscriber/LOADING]: Auto-subscribing com.hollingsworth.arsnouveau.common.event.ReactiveEvents to FORGE
[02May2025 20:50:50.754] [modloading-worker-0/DEBUG] [net.minecraftforge.fml.javafmlmod.AutomaticEventSubscriber/LOADING]: Auto-subscribing com.hollingsworth.arsnouveau.common.event.PerkEvents to FORGE
[02May2025 20:50:50.774] [modloading-worker-0/DEBUG] [net.minecraftforge.fml.javafmlmod.AutomaticEventSubscriber/LOADING]: Auto-subscribing com.hollingsworth.arsnouveau.common.event.ManaCapEvents to FORGE
[02May2025 20:50:50.782] [modloading-worker-0/DEBUG] [net.minecraftforge.fml.javafmlmod.AutomaticEventSubscriber/LOADING]: Auto-subscribing com.hollingsworth.arsnouveau.common.event.LightEvents to FORGE
[02May2025 20:50:50.786] [modloading-worker-0/DEBUG] [net.minecraftforge.fml.javafmlmod.AutomaticEventSubscriber/LOADING]: Auto-subscribing com.hollingsworth.arsnouveau.common.event.JarEvents to FORGE
[02May2025 20:50:50.791] [modloading-worker-0/DEBUG] [net.minecraftforge.fml.javafmlmod.AutomaticEventSubscriber/LOADING]: Auto-subscribing com.hollingsworth.arsnouveau.common.event.FamiliarEvents to FORGE
[02May2025 20:50:50.807] [modloading-worker-0/DEBUG] [net.minecraftforge.fml.javafmlmod.AutomaticEventSubscriber/LOADING]: Auto-subscribing com.hollingsworth.arsnouveau.common.event.EventHandler to FORGE
[02May2025 20:50:50.854] [modloading-worker-0/DEBUG] [net.minecraftforge.fml.javafmlmod.AutomaticEventSubscriber/LOADING]: Auto-subscribing com.hollingsworth.arsnouveau.common.event.ArsEvents to FORGE
[02May2025 20:50:50.864] [modloading-worker-0/DEBUG] [net.minecraftforge.fml.javafmlmod.AutomaticEventSubscriber/LOADING]: Auto-subscribing com.hollingsworth.arsnouveau.common.datagen.ModDatagen to MOD
[02May2025 20:50:50.872] [modloading-worker-0/DEBUG] [mixin/]: Mixing MixinLootDataManager from architectury.mixins.json into net.minecraft.world.level.storage.loot.LootDataManager
[02May2025 20:50:50.878] [modloading-worker-0/DEBUG] [net.minecraftforge.fml.javafmlmod.AutomaticEventSubscriber/LOADING]: Auto-subscribing com.hollingsworth.arsnouveau.common.camera.CameraEvents to FORGE
[02May2025 20:50:50.883] [modloading-worker-0/DEBUG] [net.minecraftforge.fml.javafmlmod.AutomaticEventSubscriber/LOADING]: Auto-subscribing com.hollingsworth.arsnouveau.common.block.tile.VitalicSourcelinkTile to FORGE
[02May2025 20:50:50.896] [modloading-worker-0/DEBUG] [net.minecraftforge.fml.javafmlmod.AutomaticEventSubscriber/LOADING]: Attempting to inject @EventBusSubscriber classes into the eventbus for simplyswords
[02May2025 20:50:50.914] [modloading-worker-0/DEBUG] [net.minecraftforge.fml.javafmlmod.AutomaticEventSubscriber/LOADING]: Auto-subscribing com.hollingsworth.arsnouveau.common.block.tile.AgronomicSourcelinkTile to FORGE
[02May2025 20:50:50.924] [modloading-worker-0/DEBUG] [net.minecraftforge.fml.javafmlmod.AutomaticEventSubscriber/LOADING]: Auto-subscribing com.hollingsworth.arsnouveau.client.events.ClientPlayerEvent to FORGE
[02May2025 20:50:50.930] [modloading-worker-0/DEBUG] [net.minecraftforge.fml.javafmlmod.AutomaticEventSubscriber/LOADING]: Auto-subscribing com.hollingsworth.arsnouveau.api.util.SourceUtil to FORGE
[02May2025 20:50:50.931] [modloading-worker-0/DEBUG] [net.minecraftforge.fml.javafmlmod.AutomaticEventSubscriber/LOADING]: Auto-subscribing com.hollingsworth.arsnouveau.api.source.SourceManager to FORGE
[02May2025 20:50:50.935] [modloading-worker-0/DEBUG] [net.minecraftforge.fml.javafmlmod.AutomaticEventSubscriber/LOADING]: Auto-subscribing com.hollingsworth.arsnouveau.api.perk.PerkAttributes to MOD
[02May2025 20:50:50.936] [modloading-worker-0/DEBUG] [net.minecraftforge.fml.javafmlmod.AutomaticEventSubscriber/LOADING]: Auto-subscribing com.hollingsworth.arsnouveau.api.event.EventQueue to FORGE
[02May2025 20:50:50.943] [modloading-worker-0/DEBUG] [net.minecraftforge.fml.javafmlmod.AutomaticEventSubscriber/LOADING]: Auto-subscribing com.hollingsworth.arsnouveau.ArsNouveau to FORGE
[02May2025 20:50:50.949] [modloading-worker-0/DEBUG] [net.minecraftforge.fml.javafmlmod.AutomaticEventSubscriber/LOADING]: Attempting to inject @EventBusSubscriber classes into the eventbus for sound_physics_remastered
[02May2025 20:50:50.986] [modloading-worker-0/DEBUG] [net.minecraftforge.versions.forge.ForgeVersion/CORE]: Forge Version package package net.minecraftforge.versions.forge, Forge, version 47.3 from cpw.mods.modlauncher.TransformingClassLoader@14c93774
[02May2025 20:50:50.987] [modloading-worker-0/DEBUG] [net.minecraftforge.versions.forge.ForgeVersion/CORE]: Found Forge version 47.3.7
[02May2025 20:50:50.987] [modloading-worker-0/DEBUG] [net.minecraftforge.versions.forge.ForgeVersion/CORE]: Found Forge spec 47.3
[02May2025 20:50:50.988] [modloading-worker-0/DEBUG] [net.minecraftforge.versions.forge.ForgeVersion/CORE]: Found Forge group net.minecraftforge
[02May2025 20:50:50.989] [modloading-worker-0/DEBUG] [net.minecraftforge.versions.mcp.MCPVersion/CORE]: MCP Version package package net.minecraftforge.versions.mcp, Minecraft, version 1.20.1 from cpw.mods.modlauncher.TransformingClassLoader@14c93774
[02May2025 20:50:50.989] [modloading-worker-0/DEBUG] [net.minecraftforge.versions.mcp.MCPVersion/CORE]: Found MC version information 1.20.1
[02May2025 20:50:50.989] [modloading-worker-0/DEBUG] [net.minecraftforge.versions.mcp.MCPVersion/CORE]: Found MCP version information 20230612.114412
[02May2025 20:50:50.989] [modloading-worker-0/INFO] [net.minecraftforge.common.ForgeMod/FORGEMOD]: Forge mod loading, version 47.3.7, for MC 1.20.1 with MCP 20230612.114412
[02May2025 20:50:50.990] [modloading-worker-0/INFO] [net.minecraftforge.common.MinecraftForge/FORGE]: MinecraftForge v47.3.7 Initialized
[02May2025 20:50:51.185] [modloading-worker-0/DEBUG] [io.netty.util.internal.PlatformDependent0/]: -Dio.netty.noUnsafe: false
[02May2025 20:50:51.188] [modloading-worker-0/DEBUG] [io.netty.util.internal.PlatformDependent0/]: Java version: 17
[02May2025 20:50:51.196] [modloading-worker-0/DEBUG] [io.netty.util.internal.PlatformDependent0/]: sun.misc.Unsafe.theUnsafe: available
[02May2025 20:50:51.196] [modloading-worker-0/DEBUG] [io.netty.util.internal.PlatformDependent0/]: sun.misc.Unsafe.copyMemory: available
[02May2025 20:50:51.197] [modloading-worker-0/DEBUG] [io.netty.util.internal.PlatformDependent0/]: sun.misc.Unsafe.storeFence: available
[02May2025 20:50:51.197] [modloading-worker-0/DEBUG] [io.netty.util.internal.PlatformDependent0/]: java.nio.Buffer.address: available
[02May2025 20:50:51.207] [modloading-worker-0/DEBUG] [io.netty.util.internal.PlatformDependent0/]: direct buffer constructor: unavailable
java.lang.UnsupportedOperationException: Reflective setAccessible(true) disabled
	at io.netty.util.internal.ReflectionUtil.trySetAccessible(ReflectionUtil.java:31) ~[netty-common-4.1.82.Final.jar%2382!/:4.1.82.Final]
	at io.netty.util.internal.PlatformDependent0$5.run(PlatformDependent0.java:288) ~[netty-common-4.1.82.Final.jar%2382!/:4.1.82.Final]
	at java.security.AccessController.doPrivileged(AccessController.java:318) ~[?:?]
	at io.netty.util.internal.PlatformDependent0.<clinit>(PlatformDependent0.java:282) ~[netty-common-4.1.82.Final.jar%2382!/:4.1.82.Final]
	at io.netty.util.internal.PlatformDependent.isAndroid(PlatformDependent.java:333) ~[netty-common-4.1.82.Final.jar%2382!/:4.1.82.Final]
	at io.netty.util.internal.PlatformDependent.<clinit>(PlatformDependent.java:88) ~[netty-common-4.1.82.Final.jar%2382!/:4.1.82.Final]
	at io.netty.util.ConstantPool.<init>(ConstantPool.java:34) ~[netty-common-4.1.82.Final.jar%2382!/:4.1.82.Final]
	at io.netty.util.AttributeKey$1.<init>(AttributeKey.java:27) ~[netty-common-4.1.82.Final.jar%2382!/:4.1.82.Final]
	at io.netty.util.AttributeKey.<clinit>(AttributeKey.java:27) ~[netty-common-4.1.82.Final.jar%2382!/:4.1.82.Final]
	at net.minecraftforge.network.NetworkConstants.<clinit>(NetworkConstants.java:34) ~[forge-1.20.1-47.3.7-universal.jar%23178!/:?]
	at net.minecraftforge.common.ForgeMod.<init>(ForgeMod.java:429) ~[forge-1.20.1-47.3.7-universal.jar%23178!/:?]
	at jdk.internal.reflect.NativeConstructorAccessorImpl.newInstance0(Native Method) ~[?:?]
	at jdk.internal.reflect.NativeConstructorAccessorImpl.newInstance(NativeConstructorAccessorImpl.java:77) ~[?:?]
	at jdk.internal.reflect.DelegatingConstructorAccessorImpl.newInstance(DelegatingConstructorAccessorImpl.java:45) ~[?:?]
	at java.lang.reflect.Constructor.newInstanceWithCaller(Constructor.java:500) ~[?:?]
	at java.lang.reflect.Constructor.newInstance(Constructor.java:481) ~[?:?]
	at net.minecraftforge.fml.javafmlmod.FMLModContainer.constructMod(FMLModContainer.java:70) ~[javafmllanguage-1.20.1-47.3.7.jar%23175!/:?]
	at net.minecraftforge.fml.ModContainer.lambda$buildTransitionHandler$4(ModContainer.java:124) ~[fmlcore-1.20.1-47.3.7.jar%23174!/:?]
	at java.util.concurrent.CompletableFuture$AsyncRun.run(CompletableFuture.java:1804) ~[?:?]
	at java.util.concurrent.CompletableFuture$AsyncRun.exec(CompletableFuture.java:1796) ~[?:?]
	at java.util.concurrent.ForkJoinTask.doExec(ForkJoinTask.java:373) ~[?:?]
	at java.util.concurrent.ForkJoinPool$WorkQueue.topLevelExec(ForkJoinPool.java:1182) ~[?:?]
	at java.util.concurrent.ForkJoinPool.scan(ForkJoinPool.java:1655) ~[?:?]
	at java.util.concurrent.ForkJoinPool.runWorker(ForkJoinPool.java:1622) ~[?:?]
	at java.util.concurrent.ForkJoinWorkerThread.run(ForkJoinWorkerThread.java:165) ~[?:?]
[02May2025 20:50:51.210] [modloading-worker-0/DEBUG] [io.netty.util.internal.PlatformDependent0/]: java.nio.Bits.unaligned: available, true
[02May2025 20:50:51.214] [modloading-worker-0/DEBUG] [io.netty.util.internal.PlatformDependent0/]: jdk.internal.misc.Unsafe.allocateUninitializedArray(int): unavailable
java.lang.IllegalAccessException: class io.netty.util.internal.PlatformDependent0$7 (in module io.netty.common) cannot access class jdk.internal.misc.Unsafe (in module java.base) because module java.base does not export jdk.internal.misc to module io.netty.common
	at jdk.internal.reflect.Reflection.newIllegalAccessException(Reflection.java:392) ~[?:?]
	at java.lang.reflect.AccessibleObject.checkAccess(AccessibleObject.java:674) ~[?:?]
	at java.lang.reflect.Method.invoke(Method.java:561) ~[?:?]
	at io.netty.util.internal.PlatformDependent0$7.run(PlatformDependent0.java:410) ~[netty-common-4.1.82.Final.jar%2382!/:4.1.82.Final]
	at java.security.AccessController.doPrivileged(AccessController.java:318) ~[?:?]
	at io.netty.util.internal.PlatformDependent0.<clinit>(PlatformDependent0.java:401) ~[netty-common-4.1.82.Final.jar%2382!/:4.1.82.Final]
	at io.netty.util.internal.PlatformDependent.isAndroid(PlatformDependent.java:333) ~[netty-common-4.1.82.Final.jar%2382!/:4.1.82.Final]
	at io.netty.util.internal.PlatformDependent.<clinit>(PlatformDependent.java:88) ~[netty-common-4.1.82.Final.jar%2382!/:4.1.82.Final]
	at io.netty.util.ConstantPool.<init>(ConstantPool.java:34) ~[netty-common-4.1.82.Final.jar%2382!/:4.1.82.Final]
	at io.netty.util.AttributeKey$1.<init>(AttributeKey.java:27) ~[netty-common-4.1.82.Final.jar%2382!/:4.1.82.Final]
	at io.netty.util.AttributeKey.<clinit>(AttributeKey.java:27) ~[netty-common-4.1.82.Final.jar%2382!/:4.1.82.Final]
	at net.minecraftforge.network.NetworkConstants.<clinit>(NetworkConstants.java:34) ~[forge-1.20.1-47.3.7-universal.jar%23178!/:?]
	at net.minecraftforge.common.ForgeMod.<init>(ForgeMod.java:429) ~[forge-1.20.1-47.3.7-universal.jar%23178!/:?]
	at jdk.internal.reflect.NativeConstructorAccessorImpl.newInstance0(Native Method) ~[?:?]
	at jdk.internal.reflect.NativeConstructorAccessorImpl.newInstance(NativeConstructorAccessorImpl.java:77) ~[?:?]
	at jdk.internal.reflect.DelegatingConstructorAccessorImpl.newInstance(DelegatingConstructorAccessorImpl.java:45) ~[?:?]
	at java.lang.reflect.Constructor.newInstanceWithCaller(Constructor.java:500) ~[?:?]
	at java.lang.reflect.Constructor.newInstance(Constructor.java:481) ~[?:?]
	at net.minecraftforge.fml.javafmlmod.FMLModContainer.constructMod(FMLModContainer.java:70) ~[javafmllanguage-1.20.1-47.3.7.jar%23175!/:?]
	at net.minecraftforge.fml.ModContainer.lambda$buildTransitionHandler$4(ModContainer.java:124) ~[fmlcore-1.20.1-47.3.7.jar%23174!/:?]
	at java.util.concurrent.CompletableFuture$AsyncRun.run(CompletableFuture.java:1804) ~[?:?]
	at java.util.concurrent.CompletableFuture$AsyncRun.exec(CompletableFuture.java:1796) ~[?:?]
	at java.util.concurrent.ForkJoinTask.doExec(ForkJoinTask.java:373) ~[?:?]
	at java.util.concurrent.ForkJoinPool$WorkQueue.topLevelExec(ForkJoinPool.java:1182) ~[?:?]
	at java.util.concurrent.ForkJoinPool.scan(ForkJoinPool.java:1655) ~[?:?]
	at java.util.concurrent.ForkJoinPool.runWorker(ForkJoinPool.java:1622) ~[?:?]
	at java.util.concurrent.ForkJoinWorkerThread.run(ForkJoinWorkerThread.java:165) ~[?:?]
[02May2025 20:50:51.216] [modloading-worker-0/DEBUG] [io.netty.util.internal.PlatformDependent0/]: java.nio.DirectByteBuffer.<init>(long, int): unavailable
[02May2025 20:50:51.216] [modloading-worker-0/DEBUG] [io.netty.util.internal.PlatformDependent/]: sun.misc.Unsafe: available
[02May2025 20:50:51.217] [modloading-worker-0/DEBUG] [io.netty.util.internal.PlatformDependent/]: maxDirectMemory: 8589934592 bytes (maybe)
[02May2025 20:50:51.217] [modloading-worker-0/DEBUG] [io.netty.util.internal.PlatformDependent/]: -Dio.netty.tmpdir: /tmp (java.io.tmpdir)
[02May2025 20:50:51.219] [modloading-worker-0/DEBUG] [io.netty.util.internal.PlatformDependent/]: -Dio.netty.bitMode: 64 (sun.arch.data.model)
[02May2025 20:50:51.219] [modloading-worker-0/DEBUG] [io.netty.util.internal.PlatformDependent/]: -Dio.netty.maxDirectMemory: -1 bytes
[02May2025 20:50:51.222] [modloading-worker-0/DEBUG] [io.netty.util.internal.PlatformDependent/]: -Dio.netty.uninitializedArrayAllocationThreshold: -1
[02May2025 20:50:51.228] [modloading-worker-0/DEBUG] [io.netty.util.internal.CleanerJava9/]: java.nio.ByteBuffer.cleaner(): available
[02May2025 20:50:51.228] [modloading-worker-0/DEBUG] [io.netty.util.internal.PlatformDependent/]: -Dio.netty.noPreferDirect: false
[02May2025 20:50:51.263] [modloading-worker-0/DEBUG] [io.netty.buffer.AbstractByteBuf/]: -Dio.netty.buffer.checkAccessible: true
[02May2025 20:50:51.266] [modloading-worker-0/DEBUG] [io.netty.buffer.AbstractByteBuf/]: -Dio.netty.buffer.checkBounds: true
[02May2025 20:50:51.267] [modloading-worker-0/DEBUG] [io.netty.util.ResourceLeakDetectorFactory/]: Loaded default ResourceLeakDetector: io.netty.util.ResourceLeakDetector@460ebb99
[02May2025 20:50:51.320] [modloading-worker-0/DEBUG] [net.minecraftforge.fml.javafmlmod.AutomaticEventSubscriber/LOADING]: Attempting to inject @EventBusSubscriber classes into the eventbus for bettercombat
[02May2025 20:50:51.322] [modloading-worker-0/DEBUG] [net.minecraftforge.fml.javafmlmod.AutomaticEventSubscriber/LOADING]: Auto-subscribing net.bettercombat.forge.events.ForgeModEvents to MOD
[02May2025 20:50:51.325] [modloading-worker-0/DEBUG] [net.minecraftforge.fml.javafmlmod.AutomaticEventSubscriber/LOADING]: Auto-subscribing net.bettercombat.forge.events.ForgeEvents to FORGE
[02May2025 20:50:51.332] [modloading-worker-0/DEBUG] [net.minecraftforge.common.ForgeMod/FORGEMOD]: Loading Network data for FML net version: FML3
[02May2025 20:50:51.352] [modloading-worker-0/DEBUG] [SkinRestorer/]: Loaded net.lionarius.skinrestorer.forge.platform.ForgePlatformHelper@4a1563a0 for service interface net.lionarius.skinrestorer.platform.services.PlatformHelper
[02May2025 20:50:51.353] [modloading-worker-0/DEBUG] [SkinRestorer/]: Loaded net.lionarius.skinrestorer.forge.platform.ForgeCompatibilityHelper@6bfc9e23 for service interface net.lionarius.skinrestorer.platform.services.CompatibilityHelper
[02May2025 20:50:51.363] [modloading-worker-0/DEBUG] [net.minecraftforge.fml.config.ConfigTracker/CONFIG]: Config file forge-client.toml for forge tracking
[02May2025 20:50:51.365] [modloading-worker-0/DEBUG] [net.minecraftforge.fml.config.ConfigTracker/CONFIG]: Config file forge-server.toml for forge tracking
[02May2025 20:50:51.365] [modloading-worker-0/DEBUG] [net.minecraftforge.fml.ModLoadingContext/]: Attempted to register an empty config for type COMMON on mod forge
[02May2025 20:50:51.406] [modloading-worker-0/DEBUG] [net.minecraftforge.fml.javafmlmod.AutomaticEventSubscriber/LOADING]: Attempting to inject @EventBusSubscriber classes into the eventbus for forge
[02May2025 20:50:51.407] [modloading-worker-0/DEBUG] [net.minecraftforge.fml.javafmlmod.AutomaticEventSubscriber/LOADING]: Auto-subscribing net.minecraftforge.common.ForgeSpawnEggItem$CommonHandler to MOD
[02May2025 20:50:51.559] [modloading-worker-0/DEBUG] [net.minecraftforge.fml.javafmlmod.AutomaticEventSubscriber/LOADING]: Attempting to inject @EventBusSubscriber classes into the eventbus for skinrestorer
[02May2025 20:50:51.559] [modloading-worker-0/DEBUG] [net.minecraftforge.fml.javafmlmod.AutomaticEventSubscriber/LOADING]: Auto-subscribing net.lionarius.skinrestorer.forge.SkinRestorerForge to FORGE
[02May2025 20:50:51.675] [main/DEBUG] [net.minecraftforge.common.capabilities.CapabilityManager/CAPABILITIES]: Attempting to automatically register: Lnet/minecraftforge/energy/IEnergyStorage;
[02May2025 20:50:51.675] [main/DEBUG] [net.minecraftforge.common.capabilities.CapabilityManager/CAPABILITIES]: Attempting to automatically register: Lnet/minecraftforge/fluids/capability/IFluidHandler;
[02May2025 20:50:51.675] [main/DEBUG] [net.minecraftforge.common.capabilities.CapabilityManager/CAPABILITIES]: Attempting to automatically register: Lnet/minecraftforge/fluids/capability/IFluidHandlerItem;
[02May2025 20:50:51.675] [main/DEBUG] [net.minecraftforge.common.capabilities.CapabilityManager/CAPABILITIES]: Attempting to automatically register: Lnet/minecraftforge/items/IItemHandler;
[02May2025 20:50:51.695] [main/DEBUG] [Kambrik/]: Kambrik registering 'io.ejekta.bountiful.content.BountifulContent for bounty' for auto-registration
[02May2025 20:50:51.697] [main/DEBUG] [Kambrik/]: Kambrik registering 'io.ejekta.bountiful.content.BountifulContent for decree' for auto-registration
[02May2025 20:50:51.699] [main/DEBUG] [Kambrik/]: Kambrik registering 'io.ejekta.bountiful.content.BountifulContent for bountyboard' for auto-registration
[02May2025 20:50:51.699] [main/DEBUG] [Kambrik/]: Kambrik registering 'io.ejekta.bountiful.content.BountifulContent for bountyboard' for auto-registration
[02May2025 20:50:51.701] [main/DEBUG] [Kambrik/]: Kambrik registering 'io.ejekta.bountiful.content.BountifulContent for board-be' for auto-registration
[02May2025 20:50:51.703] [main/DEBUG] [Kambrik/]: Kambrik registering 'io.ejekta.bountiful.content.BountifulContent for board' for auto-registration
[02May2025 20:50:52.808] [main/DEBUG] [mixin/]: Mixing impl.MixinBlockHelper from glitchcore.forge.mixins.json into glitchcore.util.BlockHelper
[02May2025 20:50:53.153] [main/DEBUG] [mixin/]: Mixing AccessorSmithingTransformRecipe from patchouli_xplat.mixins.json into net.minecraft.world.item.crafting.SmithingTransformRecipe
[02May2025 20:50:53.505] [main/WARN] [net.minecraft.network.syncher.SynchedEntityData/]: defineId called for: class com.becks.uniquedungeons.common.entities.city_snow_mobs.catapults.CitySnowCatapult from class com.becks.uniquedungeons.common.entities.city_snow_mobs.big_bob.CitySnowBigBob
[02May2025 20:50:53.507] [main/WARN] [net.minecraft.network.syncher.SynchedEntityData/]: defineId called for: class com.becks.uniquedungeons.common.entities.city_snow_mobs.catapults.CitySnowCatapult from class com.becks.uniquedungeons.common.entities.city_snow_mobs.big_bob.CitySnowBigBob
[02May2025 20:50:53.535] [main/WARN] [net.minecraft.network.syncher.SynchedEntityData/]: defineId called for: class net.mcreator.borninchaosv.entity.BabySpiderEntity from class net.mcreator.borninchaosv.entity.MotherSpiderEntity
[02May2025 20:50:53.602] [main/DEBUG] [net.minecraftforge.fml.config.ConfigTracker/CONFIG]: Loading configs type COMMON
[02May2025 20:50:53.603] [main/DEBUG] [net.minecraftforge.fml.config.ConfigFileTypeHandler/CONFIG]: Built TOML config for /workspaces/minecraftrpg/servidor_minecraft/config/archbows-common.toml
[02May2025 20:50:53.604] [main/DEBUG] [net.minecraftforge.fml.config.ConfigFileTypeHandler/CONFIG]: Loaded TOML config file /workspaces/minecraftrpg/servidor_minecraft/config/archbows-common.toml
[02May2025 20:50:53.615] [main/DEBUG] [net.minecraftforge.fml.config.ConfigFileTypeHandler/CONFIG]: Watching TOML config file /workspaces/minecraftrpg/servidor_minecraft/config/archbows-common.toml for changes
[02May2025 20:50:53.618] [main/DEBUG] [net.minecraftforge.fml.config.ConfigFileTypeHandler/CONFIG]: Built TOML config for /workspaces/minecraftrpg/servidor_minecraft/config/sophisticatedcore-common.toml
[02May2025 20:50:53.619] [main/DEBUG] [net.minecraftforge.fml.config.ConfigFileTypeHandler/CONFIG]: Loaded TOML config file /workspaces/minecraftrpg/servidor_minecraft/config/sophisticatedcore-common.toml
[02May2025 20:50:53.619] [Thread-3/DEBUG] [net.minecraftforge.fml.config.ConfigFileTypeHandler/CONFIG]: Config file archbows-common.toml changed, sending notifies
[02May2025 20:50:53.621] [main/DEBUG] [net.minecraftforge.fml.config.ConfigFileTypeHandler/CONFIG]: Watching TOML config file /workspaces/minecraftrpg/servidor_minecraft/config/sophisticatedcore-common.toml for changes
[02May2025 20:50:53.621] [Thread-3/DEBUG] [net.minecraftforge.fml.config.ConfigFileTypeHandler/CONFIG]: Config file archbows-common.toml changed, sending notifies
[02May2025 20:50:53.622] [Thread-3/DEBUG] [net.minecraftforge.fml.config.ConfigFileTypeHandler/CONFIG]: Config file sophisticatedcore-common.toml changed, sending notifies
[02May2025 20:50:53.624] [Thread-3/DEBUG] [net.minecraftforge.fml.config.ConfigFileTypeHandler/CONFIG]: Config file sophisticatedcore-common.toml changed, sending notifies
[02May2025 20:50:53.628] [main/DEBUG] [net.minecraftforge.fml.config.ConfigFileTypeHandler/CONFIG]: Built TOML config for /workspaces/minecraftrpg/servidor_minecraft/config/curios-common.toml
[02May2025 20:50:53.630] [main/DEBUG] [net.minecraftforge.fml.config.ConfigFileTypeHandler/CONFIG]: Loaded TOML config file /workspaces/minecraftrpg/servidor_minecraft/config/curios-common.toml
[02May2025 20:50:53.630] [main/DEBUG] [net.minecraftforge.fml.config.ConfigFileTypeHandler/CONFIG]: Watching TOML config file /workspaces/minecraftrpg/servidor_minecraft/config/curios-common.toml for changes
[02May2025 20:50:53.630] [Thread-3/DEBUG] [net.minecraftforge.fml.config.ConfigFileTypeHandler/CONFIG]: Config file curios-common.toml changed, sending notifies
[02May2025 20:50:53.630] [main/DEBUG] [net.minecraftforge.fml.config.ConfigFileTypeHandler/CONFIG]: Built TOML config for /workspaces/minecraftrpg/servidor_minecraft/config/waystones-common.toml
[02May2025 20:50:53.631] [Thread-3/DEBUG] [net.minecraftforge.fml.config.ConfigFileTypeHandler/CONFIG]: Config file curios-common.toml changed, sending notifies
[02May2025 20:50:53.633] [main/DEBUG] [net.minecraftforge.fml.config.ConfigFileTypeHandler/CONFIG]: Loaded TOML config file /workspaces/minecraftrpg/servidor_minecraft/config/waystones-common.toml
[02May2025 20:50:53.633] [main/DEBUG] [net.minecraftforge.fml.config.ConfigFileTypeHandler/CONFIG]: Watching TOML config file /workspaces/minecraftrpg/servidor_minecraft/config/waystones-common.toml for changes
[02May2025 20:50:53.639] [Thread-3/DEBUG] [net.minecraftforge.fml.config.ConfigFileTypeHandler/CONFIG]: Config file waystones-common.toml changed, sending notifies
[02May2025 20:50:53.641] [main/DEBUG] [net.minecraftforge.fml.config.ConfigFileTypeHandler/CONFIG]: Built TOML config for /workspaces/minecraftrpg/servidor_minecraft/config/sophisticatedbackpacks-common.toml
[02May2025 20:50:53.641] [main/DEBUG] [net.minecraftforge.fml.config.ConfigFileTypeHandler/CONFIG]: Loaded TOML config file /workspaces/minecraftrpg/servidor_minecraft/config/sophisticatedbackpacks-common.toml
[02May2025 20:50:53.644] [Thread-3/DEBUG] [net.minecraftforge.fml.config.ConfigFileTypeHandler/CONFIG]: Config file waystones-common.toml changed, sending notifies
[02May2025 20:50:53.645] [main/DEBUG] [net.minecraftforge.fml.config.ConfigFileTypeHandler/CONFIG]: Watching TOML config file /workspaces/minecraftrpg/servidor_minecraft/config/sophisticatedbackpacks-common.toml for changes
[02May2025 20:50:53.645] [main/DEBUG] [net.minecraftforge.fml.config.ConfigFileTypeHandler/CONFIG]: Built TOML config for /workspaces/minecraftrpg/servidor_minecraft/config/balm-common.toml
[02May2025 20:50:53.646] [main/DEBUG] [net.minecraftforge.fml.config.ConfigFileTypeHandler/CONFIG]: Loaded TOML config file /workspaces/minecraftrpg/servidor_minecraft/config/balm-common.toml
[02May2025 20:50:53.646] [main/DEBUG] [net.minecraftforge.fml.config.ConfigFileTypeHandler/CONFIG]: Watching TOML config file /workspaces/minecraftrpg/servidor_minecraft/config/balm-common.toml for changes
[02May2025 20:50:53.647] [Thread-3/DEBUG] [net.minecraftforge.fml.config.ConfigFileTypeHandler/CONFIG]: Config file balm-common.toml changed, sending notifies
[02May2025 20:50:53.647] [main/DEBUG] [net.minecraftforge.fml.config.ConfigFileTypeHandler/CONFIG]: Built TOML config for /workspaces/minecraftrpg/servidor_minecraft/config/jeresources-common.toml
[02May2025 20:50:53.648] [Thread-3/DEBUG] [net.minecraftforge.fml.config.ConfigFileTypeHandler/CONFIG]: Config file balm-common.toml changed, sending notifies
[02May2025 20:50:53.653] [main/DEBUG] [net.minecraftforge.fml.config.ConfigFileTypeHandler/CONFIG]: Loaded TOML config file /workspaces/minecraftrpg/servidor_minecraft/config/jeresources-common.toml
[02May2025 20:50:53.654] [main/DEBUG] [net.minecraftforge.fml.config.ConfigFileTypeHandler/CONFIG]: Watching TOML config file /workspaces/minecraftrpg/servidor_minecraft/config/jeresources-common.toml for changes
[02May2025 20:50:53.655] [Thread-3/DEBUG] [net.minecraftforge.fml.config.ConfigFileTypeHandler/CONFIG]: Config file jeresources-common.toml changed, sending notifies
[02May2025 20:50:53.655] [main/DEBUG] [net.minecraftforge.fml.config.ConfigFileTypeHandler/CONFIG]: Built TOML config for /workspaces/minecraftrpg/servidor_minecraft/config/paraglider-player-states.toml
[02May2025 20:50:53.655] [Thread-3/DEBUG] [net.minecraftforge.fml.config.ConfigFileTypeHandler/CONFIG]: Config file jeresources-common.toml changed, sending notifies
[02May2025 20:50:53.655] [main/DEBUG] [net.minecraftforge.fml.config.ConfigFileTypeHandler/CONFIG]: Loaded TOML config file /workspaces/minecraftrpg/servidor_minecraft/config/paraglider-player-states.toml
[02May2025 20:50:53.656] [main/DEBUG] [net.minecraftforge.fml.config.ConfigFileTypeHandler/CONFIG]: Watching TOML config file /workspaces/minecraftrpg/servidor_minecraft/config/paraglider-player-states.toml for changes
[02May2025 20:50:53.659] [main/DEBUG] [net.minecraftforge.fml.config.ConfigFileTypeHandler/CONFIG]: Built TOML config for /workspaces/minecraftrpg/servidor_minecraft/config/paraglider-common.toml
[02May2025 20:50:53.660] [main/DEBUG] [net.minecraftforge.fml.config.ConfigFileTypeHandler/CONFIG]: Loaded TOML config file /workspaces/minecraftrpg/servidor_minecraft/config/paraglider-common.toml
[02May2025 20:50:53.660] [main/DEBUG] [net.minecraftforge.fml.config.ConfigFileTypeHandler/CONFIG]: Watching TOML config file /workspaces/minecraftrpg/servidor_minecraft/config/paraglider-common.toml for changes
[02May2025 20:50:53.660] [Thread-3/DEBUG] [net.minecraftforge.fml.config.ConfigFileTypeHandler/CONFIG]: Config file paraglider-common.toml changed, sending notifies
[02May2025 20:50:53.661] [main/DEBUG] [net.minecraftforge.fml.config.ConfigFileTypeHandler/CONFIG]: Built TOML config for /workspaces/minecraftrpg/servidor_minecraft/config/ars_nouveau-common.toml
[02May2025 20:50:53.662] [main/DEBUG] [net.minecraftforge.fml.config.ConfigFileTypeHandler/CONFIG]: Loaded TOML config file /workspaces/minecraftrpg/servidor_minecraft/config/ars_nouveau-common.toml
[02May2025 20:50:53.663] [main/DEBUG] [net.minecraftforge.fml.config.ConfigFileTypeHandler/CONFIG]: Watching TOML config file /workspaces/minecraftrpg/servidor_minecraft/config/ars_nouveau-common.toml for changes
[02May2025 20:50:53.663] [Thread-3/DEBUG] [net.minecraftforge.fml.config.ConfigFileTypeHandler/CONFIG]: Config file paraglider-common.toml changed, sending notifies
[02May2025 20:50:53.664] [Thread-3/DEBUG] [net.minecraftforge.fml.config.ConfigFileTypeHandler/CONFIG]: Config file ars_nouveau-common.toml changed, sending notifies
[02May2025 20:50:53.667] [modloading-worker-0/INFO] [com.becks.uniquedungeons.UniqueDungeons/]: HELLO FROM COMMON SETUP
[02May2025 20:50:53.668] [modloading-worker-0/INFO] [com.becks.uniquedungeons.UniqueDungeons/]: DIRT BLOCK >> minecraft:dirt
[02May2025 20:50:53.708] [modloading-worker-0/DEBUG] [com.melvinbur.archbows.common.util.Logger/]: [archbows] Debug Log.
[02May2025 20:50:53.708] [modloading-worker-0/ERROR] [com.melvinbur.archbows.common.util.Logger/]: [archbows] Error Log.
[02May2025 20:50:53.798] [modloading-worker-0/DEBUG] [mixin/]: Mixing MixinSlotAttribute from curios.mixins.json into top.theillusivec4.curios.api.SlotAttribute
[02May2025 20:50:53.807] [modloading-worker-0/DEBUG] [mixin/]: Mixing MixinCuriosApi from curios.mixins.json into top.theillusivec4.curios.api.CuriosApi
[02May2025 20:50:53.874] [modloading-worker-0/DEBUG] [patchouli/]: Instantiating xplat impl: vazkii.patchouli.forge.xplat.ForgeXplatImpl
[02May2025 20:50:54.020] [modloading-worker-0/INFO] [voicechat/]: [voicechat] Compatibility version 18
[02May2025 20:50:54.396] [modloading-worker-0/INFO] [voicechat/]: [voicechat] Loading plugins
[02May2025 20:50:54.439] [modloading-worker-0/INFO] [voicechat/]: [voicechat] Loaded 1 plugin(s)
[02May2025 20:50:54.442] [modloading-worker-0/INFO] [voicechat/]: [voicechat] Initializing plugins
[02May2025 20:50:54.488] [modloading-worker-0/INFO] [Sound Physics - General/]: Initializing Simple Voice Chat integration
[02May2025 20:50:54.488] [modloading-worker-0/INFO] [voicechat/]: [voicechat] Initialized 1 plugin(s)
[02May2025 20:50:54.494] [modloading-worker-0/INFO] [voicechat/]: [voicechat] Registering events for 'sound_physics_remastered'
[02May2025 20:50:54.544] [Forge Version Check/INFO] [net.minecraftforge.fml.VersionChecker/]: [gravestone] Starting version check at https://update.maxhenkel.de/forge/gravestone
[02May2025 20:50:54.556] [main/DEBUG] [net.minecraftforge.fml.DeferredWorkQueue/LOADING]: Dispatching synchronous work for work queue COMMON_SETUP: 25 jobs
[02May2025 20:50:54.610] [main/INFO] [terrablender/]: Registered region minecraft:overworld to index 0 for type OVERWORLD
[02May2025 20:50:54.615] [main/INFO] [terrablender/]: Registered region minecraft:nether to index 0 for type NETHER
[02May2025 20:50:54.616] [main/INFO] [terrablender/]: Registered region biomesoplenty:overworld_primary to index 1 for type OVERWORLD
[02May2025 20:50:54.616] [main/INFO] [terrablender/]: Registered region biomesoplenty:overworld_secondary to index 2 for type OVERWORLD
[02May2025 20:50:54.617] [main/INFO] [terrablender/]: Registered region biomesoplenty:overworld_rare to index 3 for type OVERWORLD
[02May2025 20:50:54.618] [main/INFO] [terrablender/]: Registered region biomesoplenty:nether_common to index 1 for type NETHER
[02May2025 20:50:54.620] [main/INFO] [terrablender/]: Registered region biomesoplenty:nether_rare to index 2 for type NETHER
[02May2025 20:50:54.673] [main/INFO] [terrablender/]: Registered region ars_nouveau:overworld to index 4 for type OVERWORLD
[02May2025 20:50:54.679] [main/DEBUG] [net.minecraftforge.fml.DeferredWorkQueue/LOADING]: Synchronous work queue completed in 121.8 ms
[02May2025 20:50:54.739] [main/DEBUG] [net.minecraftforge.fml.DeferredWorkQueue/LOADING]: Dispatching synchronous work for work queue COMPLETE: 1 jobs
[02May2025 20:50:54.743] [main/DEBUG] [net.minecraftforge.fml.DeferredWorkQueue/LOADING]: Synchronous work queue completed in 3.849 ms
[02May2025 20:50:55.574] [Forge Version Check/DEBUG] [net.minecraftforge.fml.VersionChecker/]: [gravestone] Received version check data:
{"1.9.4":{"1.3.6":"Bugfixes"},"1.8.8":{"1.1.7":"Bugfixes"},"1.20":{"1.20-1.0.3":"Updated to 1.20"},"1.8.9":{"1.1.7":"Bugfixes"},"1.18":{"1.18-1.0.3":"Fixed loader version requirement"},"1.19":{"1.19-1.0.3":"Fixed crash when opening the obituary"},"promos":{"1.14.4-recommended":"1.15.3","1.14.3-recommended":"1.14.3","1.20-recommended":"1.20-1.0.3","1.19.3-recommended":"1.19.3-1.0.3","1.19.1-recommended":"1.19.1-1.0.0","1.8.8-latest":"1.1.7","1.8.9-latest":"1.1.7","1.19.4-recommended":"1.19.4-1.0.3","1.19.2-recommended":"1.19.2-1.0.10","1.10.2-latest":"1.5.13","1.14.2-recommended":"1.13.3","1.14.3-latest":"1.14.3","1.20-latest":"1.20-1.0.3","1.11-latest":"1.6.6","1.10.2-recommended":"1.5.13","1.20.1-latest":"1.20.1-1.0.23","1.16.4-latest":"1.16.4-1.0.9","1.11.2-recommended":"1.7.4.1","1.19.3-latest":"1.19.3-1.0.3","1.8-latest":"1.0.5","1.16.2-latest":"1.16.2-1.0.6","1.7.10-latest":"0.7.10.3","1.15.2-recommended":"1.17.6","1.8-recommended":"1.0.5","1.19.1-latest":"1.19.1-1.0.0","1.15.1-recommended":"1.16.2","1.9-recommended":"1.2.10","1.11.2-latest":"1.7.4.1","1.18.1-latest":"1.18.1-1.0.2","1.15.1-latest":"1.16.2","1.18.2-latest":"1.18.2-1.0.2","1.11-recommended":"1.6.6","1.10-recommended":"1.4.9","1.12.2-latest":"1.10.2","1.12.1-latest":"1.9.0","1.12.2-recommended":"1.10.2","1.7.10-recommended":"0.7.10.3","1.19-latest":"1.19-1.0.3","1.17.1-recommended":"1.17.1-1.0.4","1.16.1-recommended":"1.16.1-1.0.6","1.16.2-recommended":"1.16.2-1.0.6","1.18-latest":"1.18-1.0.3","1.16.5-recommended":"1.16.5-1.0.6","1.16.4-recommended":"1.16.4-1.0.9","1.12.1-recommended":"1.9.0","1.20.1-recommended":"1.20.1-1.0.10","1.16.3-recommended":"1.16.3-1.0.2","1.15.2-latest":"1.17.6","1.20.2-recommended":"1.20.2-1.0.10","1.12-recommended":"1.8.4","1.10-latest":"1.4.9","1.14.4-latest":"1.15.3","1.13.2-recommended":"1.12.7","1.9.4-recommended":"1.3.6","1.12-latest":"1.8.4","1.18.2-recommended":"1.18.2-1.0.2","1.17.1-latest":"1.17.1-1.0.4","1.13.2-latest":"1.12.7","1.18.1-recommended":"1.18.1-1.0.2","1.16.3-latest":"1.16.3-2.0.4","1.20.2-latest":"1.20.2-1.0.10","1.19.2-latest":"1.19.2-1.0.23","1.19.4-latest":"1.19.4-1.0.3","1.16.5-latest":"1.16.5-1.0.7","1.19-recommended":"1.19-1.0.3","1.16.1-latest":"1.16.1-1.0.6","1.9-latest":"1.2.10","1.18-recommended":"1.18-1.0.3","1.14.2-latest":"1.13.3","1.8.8-recommended":"1.1.7","1.8.9-recommended":"1.1.7","1.9.4-latest":"1.3.6"},"1.20.2":{"1.20.2-1.0.10":"Improved mod icon\nUpdated corelib"},"1.20.1":{"1.20.1-1.0.23":"Updated Traditional Chinese translation","1.20.1-1.0.10":"Improved mod icon\nUpdated corelib"},"1.12":{"1.8.4":"Added recipe for recipe book"},"1.10":{"1.4.9":"Bugfixes"},"1.11":{"1.6.6":"Bugfixes"},"1.7.10":{"0.7.10.3":"Bugfixes"},"1.16.4":{"1.16.4-1.0.9":"Update chinese translation"},"1.18.2":{"1.18.2-1.0.2":"Fixed ukrainian locale code"},"1.19.1":{"1.19.1-1.0.0":"Updated to 1.19.1"},"1.16.5":{"1.16.5-1.0.7":"Fixed freeze with epic fight mod","1.16.5-1.0.6":"Fixed grave names"},"1.19.2":{"1.19.2-1.0.10":"Improved mod icon\nUpdated corelib","1.19.2-1.0.23":"Updated Traditional Chinese translation"},"1.19.3":{"1.19.3-1.0.3":"Fixed creative tabs because Forge broke everything again"},"1.19.4":{"1.19.4-1.0.3":"Updated to 1.19.4"},"1.14.2":{"1.13.3":"Improved en_us language and added pl_pl language"},"1.15.1":{"1.16.2":"Fixed crash with forge 30.0.17+"},"1.14.3":{"1.14.3":"Improved en_us language and added pl_pl language"},"1.16.1":{"1.16.1-1.0.6":"Fixed gravestone items can be picked up with a hopper"},"1.15.2":{"1.17.6":"Updated polish translation"},"1.14.4":{"1.15.3":"Fixed config reset issue"},"1.16.2":{"1.16.2-1.0.6":"Fixed nether dimension name\nUpdated russian translation\nFixed remove death note option"},"1.17.1":{"1.17.1-1.0.4":"Fixed crash with epic fight mod"},"1.8":{"1.0.5":"Bugfixes"},"1.16.3":{"1.16.3-1.0.2":"Updated mods.toml","1.16.3-2.0.4":"Fixed grave disappearing when having sneaking on toggle"},"1.18.1":{"1.18.1-1.0.2":"Added Brazilian Portuguese language"},"1.9":{"1.2.10":"Bugfixes"},"1.10.2":{"1.5.13":"Bugfixes"},"1.11.2":{"1.7.4.1":"Improved version checking"},"1.12.1":{"1.9.0":"Updated to 1.12.1"},"1.12.2":{"1.10.2":"Updated Forge version"},"1.13.2":{"1.12.7":"Improved en_us language and added pl_pl language"},"homepage":"https://www.curseforge.com/minecraft/mc-mods/gravestone-mod"}
[02May2025 20:50:55.595] [Forge Version Check/INFO] [net.minecraftforge.fml.VersionChecker/]: [gravestone] Found status: AHEAD Current: 1.20.1-1.0.24 Target: null
[02May2025 20:50:55.606] [Forge Version Check/INFO] [net.minecraftforge.fml.VersionChecker/]: [voicechat] Starting version check at https://update.maxhenkel.de/forge/voicechat
[02May2025 20:50:55.747] [Forge Version Check/DEBUG] [net.minecraftforge.fml.VersionChecker/]: [voicechat] Received version check data:
{"1.21":{"1.21-2.5.20":"Added Vietnamese translation"},"1.20":{"1.20-2.4.9":"Fixed group not getting deleted when disconnecting\nFixed group in LeaveGroupEvent always null\nFixed builtin resource pack format version"},"1.18":{"1.18-2.1.17":"Updated Forge\nFixed sound physics compatibility","1.18-2.1.22":"Fixed untranslated command feedback"},"1.19":{"1.19-2.4.8":"Added audio senders to the voice chat API"},"1.20.4":{"1.20.4-2.5.22":"Updated Traditional Chinese translation\nAdded Portuguese translation\nUpdated Ukrainian translation","1.20.4-2.4.32":"Fixed compatibility with Sound Physics Remastered\nUpdated French translation"},"1.21.3":{"1.21.3-2.5.30":"Improved tooltip rendering performance\nFixed ping buffer size"},"promos":{"1.18.1-latest":"1.18.1-2.2.52","1.21.4-latest":"1.21.4-2.5.30","1.21.3-latest":"1.21.3-2.5.30","1.18.2-latest":"1.18.2-2.5.30","1.19.3-recommended":"1.19.3-2.4.11","1.20-recommended":"1.20-2.4.9","1.19.1-recommended":"1.19.1-2.4.8","1.21.5-latest":"1.21.5-2.5.30","1.21.1-latest":"1.21.1-2.5.30","1.12.2-latest":"1.12.2-2.5.30","1.19.4-recommended":"1.19.4-2.4.32","1.12.2-recommended":"1.12.2-2.4.32","1.19-latest":"1.19-2.4.8","1.17.1-recommended":"1.17.1-2.4.32","1.19.2-recommended":"1.19.2-2.4.32","1.18-latest":"1.18-2.1.22","1.20.4-recommended":"1.20.4-2.4.32","1.21-latest":"1.21-2.5.20","1.16.5-recommended":"1.16.5-2.4.32","1.16.4-recommended":"1.16.4-1.1.7","1.20.1-recommended":"1.20.1-2.4.32","1.16.3-recommended":"1.16.3-1.0.1","1.15.2-latest":"1.15.2-1.0.2","1.20.2-recommended":"1.20.2-2.4.32","1.20-latest":"1.20-2.4.9","1.18.2-recommended":"1.18.2-2.4.32","1.17.1-latest":"1.17.1-2.5.12","1.18.1-recommended":"1.18.1-2.2.52","1.20.1-latest":"1.20.1-2.5.30","1.16.3-latest":"1.16.3-1.0.1","1.20.2-latest":"1.20.2-2.5.12","1.16.4-latest":"1.16.4-1.1.7","1.19.2-latest":"1.19.2-2.5.30","1.19.4-latest":"1.19.4-2.5.12","1.19.3-latest":"1.19.3-2.4.11","1.16.5-latest":"1.16.5-2.5.30","1.19-recommended":"1.19-2.4.8","1.18-recommended":"1.18-2.1.17","1.15.2-recommended":"1.15.2-1.0.2","1.20.4-latest":"1.20.4-2.5.22","1.19.1-latest":"1.19.1-2.4.8","1.20.6-latest":"1.20.6-2.5.22"},"1.20.6":{"1.20.6-2.5.22":"Updated Traditional Chinese translation\nAdded Portuguese translation\nUpdated Ukrainian translation"},"1.21.5":{"1.21.5-2.5.30":"Improved tooltip rendering performance\nFixed ping buffer size"},"1.21.4":{"1.21.4-2.5.30":"Improved tooltip rendering performance\nFixed ping buffer size"},"1.20.2":{"1.20.2-2.4.32":"Fixed compatibility with Sound Physics Remastered\nUpdated French translation","1.20.2-2.5.12":"Improved cloth config GUI translations"},"1.21.1":{"1.21.1-2.5.30":"Improved tooltip rendering performance\nFixed ping buffer size"},"1.20.1":{"1.20.1-2.5.30":"Improved tooltip rendering performance\nFixed ping buffer size","1.20.1-2.4.32":"Fixed compatibility with Sound Physics Remastered\nUpdated French translation"},"1.16.4":{"1.16.4-1.1.7":"Fixed ConcurrentModificationException when client times out"},"1.19.1":{"1.19.1-2.4.8":"Added audio senders to the voice chat API"},"1.18.2":{"1.18.2-2.4.32":"Fixed compatibility with Sound Physics Remastered\nUpdated French translation","1.18.2-2.5.30":"Improved tooltip rendering performance\nFixed ping buffer size"},"1.16.5":{"1.16.5-2.4.32":"Fixed compatibility with Sound Physics Remastered\nUpdated French translation","1.16.5-2.5.30":"Improved tooltip rendering performance\nFixed ping buffer size"},"1.19.2":{"1.19.2-2.5.30":"Improved tooltip rendering performance\nFixed ping buffer size","1.19.2-2.4.32":"Fixed compatibility with Sound Physics Remastered\nUpdated French translation"},"1.19.3":{"1.19.3-2.4.11":"Added config accessors to the API"},"1.19.4":{"1.19.4-2.4.32":"Fixed compatibility with Sound Physics Remastered\nUpdated French translation","1.19.4-2.5.12":"Improved cloth config GUI translations"},"1.15.2":{"1.15.2-1.0.2":"Fix crash on servers"},"1.17.1":{"1.17.1-2.4.32":"Fixed compatibility with Sound Physics Remastered\nUpdated French translation","1.17.1-2.5.12":"Improved cloth config GUI translations"},"1.16.3":{"1.16.3-1.0.1":"Fixed voice chat not working on servers with port"},"1.18.1":{"1.18.1-2.2.52":"Improved service loader compatibility\nFixed issues with QuestCraft\nFixed disconnected state being controlled by the client"},"1.12.2":{"1.12.2-2.4.32":"Fixed compatibility with Sound Physics Remastered\nUpdated French translation","1.12.2-2.5.30":"Improved tooltip rendering performance\nFixed ping buffer size"},"homepage":"https://modrepo.de/minecraft/voicechat"}
[02May2025 20:50:55.747] [Forge Version Check/INFO] [net.minecraftforge.fml.VersionChecker/]: [voicechat] Found status: AHEAD Current: 1.20.1-2.5.30 Target: null
[02May2025 20:50:55.749] [Forge Version Check/INFO] [net.minecraftforge.fml.VersionChecker/]: [sound_physics_remastered] Starting version check at https://update.maxhenkel.de/forge/sound_physics_remastered
[02May2025 20:50:55.937] [Forge Version Check/DEBUG] [net.minecraftforge.fml.VersionChecker/]: [sound_physics_remastered] Received version check data:
{"1.20.2":{"1.20.2-1.3.1":"Updated dependencies\nFixed mod icon size","1.20.2-1.3.0":""},"1.21.1":{"1.21.1-1.4.12":"Fixed mixin error"},"1.20.1":{"1.20.1-1.4.13":"Fixed mixin error","1.20.1-1.3.0":""},"1.21":{"1.21-1.4.6":""},"1.20":{"1.20-1.1.1":"Updated to 1.20"},"1.18":{"1.18-1.0.3":"Tweaked config values"},"1.19":{"1.19-1.0.15":"Disabled moving sounds by default due to performance impact"},"1.18.2":{"1.18.2-1.0.6":"Fixed crash when playing sounds that are null"},"1.19.1":{"1.19.1-1.0.15":"Disabled moving sounds by default due to performance impact"},"1.19.2":{"1.19.2-1.3.0":"","1.19.2-1.4.5":"Updated Simplified Chinese translation"},"1.19.3":{"1.19.3-1.1.0":"Updated ConfigBuilder\nAdded comments to the config\nRemoved sound blacklist regex\nAdded allowed sounds config\nFixed lag when saving in cloth config GUI\nFixed sound distance allowance not working with playsound commands","1.19.3-1.0.18":"Improved performance when having 'update_moving_sounds' enabled"},"1.19.4":{"1.19.4-1.1.1":"Fixed some cloth config settings not saving properly","1.19.4-1.2.1":""},"1.17.1":{"1.17.1-1.0.6":"Fixed crash when playing sounds that are null"},"1.18.1":{"1.18.1-1.0.6":"Fixed crash when playing sounds that are null"},"1.20.4":{"1.20.4-1.4.5":"Updated Simplified Chinese translation","1.20.4-1.3.0":""},"1.21.3":{"1.21.3-1.4.7":"Fixed issues with sounds being played far away\nFixed lag when being far away from 0, 0"},"promos":{"1.18.1-latest":"1.18.1-1.0.6","1.21.4-latest":"1.21.4-1.4.12","1.21.3-latest":"1.21.3-1.4.7","1.18.2-latest":"1.18.2-1.0.6","1.20-recommended":"1.20-1.1.1","1.19.3-recommended":"1.19.3-1.0.18","1.19.1-recommended":"1.19.1-1.0.15","1.21.5-latest":"1.21.5-1.4.12","1.21.1-latest":"1.21.1-1.4.12","1.19.4-recommended":"1.19.4-1.1.1","1.19-latest":"1.19-1.0.15","1.17.1-recommended":"1.17.1-1.0.6","1.19.2-recommended":"1.19.2-1.3.0","1.18-latest":"1.18-1.0.3","1.20.4-recommended":"1.20.4-1.3.0","1.21-latest":"1.21-1.4.6","1.20.1-recommended":"1.20.1-1.3.0","1.20.2-recommended":"1.20.2-1.3.0","1.20-latest":"1.20-1.1.1","1.18.2-recommended":"1.18.2-1.0.6","1.17.1-latest":"1.17.1-1.0.6","1.18.1-recommended":"1.18.1-1.0.6","1.20.1-latest":"1.20.1-1.4.13","1.20.2-latest":"1.20.2-1.3.1","1.19.2-latest":"1.19.2-1.4.5","1.19.4-latest":"1.19.4-1.2.1","1.19.3-latest":"1.19.3-1.1.0","1.19-recommended":"1.19-1.0.15","1.18-recommended":"1.18-1.0.3","1.20.4-latest":"1.20.4-1.4.5","1.19.1-latest":"1.19.1-1.0.15","1.20.6-latest":"1.20.6-1.4.5"},"1.20.6":{"1.20.6-1.4.5":"Updated Simplified Chinese translation"},"1.21.5":{"1.21.5-1.4.12":"Fixed mixin error"},"1.21.4":{"1.21.4-1.4.12":"Fixed mixin error"},"homepage":"https://www.curseforge.com/minecraft/mc-mods/sound-physics-remastered"}
[02May2025 20:50:55.937] [Forge Version Check/INFO] [net.minecraftforge.fml.VersionChecker/]: [sound_physics_remastered] Found status: OUTDATED Current: 1.20.1-1.4.10 Target: 1.20.1-1.4.13
[02May2025 20:50:55.938] [Forge Version Check/INFO] [net.minecraftforge.fml.VersionChecker/]: [forge] Starting version check at https://files.minecraftforge.net/net/minecraftforge/forge/promotions_slim.json
[02May2025 20:50:56.443] [Forge Version Check/DEBUG] [net.minecraftforge.fml.VersionChecker/]: [forge] Received version check data:
{
  "homepage": "https://files.minecraftforge.net/net/minecraftforge/forge/",
  "promos": {
    "1.1-latest": "1.3.4.29",
    "1.2.3-latest": "1.4.1.64",
    "1.2.4-latest": "2.0.0.68",
    "1.2.5-latest": "3.4.9.171",
    "1.3.2-latest": "4.3.5.318",
    "1.4.0-latest": "5.0.0.326",
    "1.4.1-latest": "6.0.0.329",
    "1.4.2-latest": "6.0.1.355",
    "1.4.3-latest": "6.2.1.358",
    "1.4.4-latest": "6.3.0.378",
    "1.4.5-latest": "6.4.2.448",
    "1.4.6-latest": "6.5.0.489",
    "1.4.7-latest": "6.6.2.534",
    "1.5-latest": "7.7.0.598",
    "1.5.1-latest": "7.7.2.682",
    "1.5.2-latest": "7.8.1.738",
    "1.5.2-recommended": "7.8.1.738",
    "1.6.1-latest": "8.9.0.775",
    "1.6.2-latest": "9.10.1.871",
    "1.6.2-recommended": "9.10.1.871",
    "1.6.3-latest": "9.11.0.878",
    "1.6.4-latest": "9.11.1.1345",
    "1.6.4-recommended": "9.11.1.1345",
    "1.7.2-latest": "10.12.2.1161",
    "1.7.2-recommended": "10.12.2.1161",
    "1.7.10_pre4-latest": "10.12.2.1149",
    "1.7.10-latest": "10.13.4.1614",
    "1.7.10-recommended": "10.13.4.1614",
    "1.8-latest": "11.14.4.1577",
    "1.8-recommended": "11.14.4.1563",
    "1.8.8-latest": "11.15.0.1655",
    "1.8.9-latest": "11.15.1.2318",
    "1.8.9-recommended": "11.15.1.2318",
    "1.9-latest": "12.16.1.1938",
    "1.9-recommended": "12.16.1.1887",
    "1.9.4-latest": "12.17.0.2317",
    "1.9.4-recommended": "12.17.0.2317",
    "1.10-latest": "12.18.0.2000",
    "1.10.2-latest": "12.18.3.2511",
    "1.10.2-recommended": "12.18.3.2511",
    "1.11-latest": "13.19.1.2199",
    "1.11-recommended": "13.19.1.2189",
    "1.11.2-latest": "13.20.1.2588",
    "1.11.2-recommended": "13.20.1.2588",
    "1.12-latest": "14.21.1.2443",
    "1.12-recommended": "14.21.1.2387",
    "1.12.1-latest": "14.22.1.2485",
    "1.12.1-recommended": "14.22.1.2478",
    "1.12.2-latest": "14.23.5.2860",
    "1.12.2-recommended": "14.23.5.2859",
    "1.13.2-latest": "25.0.223",
    "1.14.2-latest": "26.0.63",
    "1.14.3-latest": "27.0.60",
    "1.14.4-latest": "28.2.26",
    "1.14.4-recommended": "28.2.26",
    "1.15-latest": "29.0.4",
    "1.15.1-latest": "30.0.51",
    "1.15.2-latest": "31.2.57",
    "1.15.2-recommended": "31.2.57",
    "1.16.1-latest": "32.0.108",
    "1.16.2-latest": "33.0.61",
    "1.16.3-latest": "34.1.42",
    "1.16.3-recommended": "34.1.0",
    "1.16.4-latest": "35.1.37",
    "1.16.4-recommended": "35.1.4",
    "1.16.5-latest": "36.2.42",
    "1.16.5-recommended": "36.2.34",
    "1.17.1-latest": "37.1.1",
    "1.17.1-recommended": "37.1.1",
    "1.18-latest": "38.0.17",
    "1.18.1-latest": "39.1.2",
    "1.18.1-recommended": "39.1.0",
    "1.18.2-recommended": "40.3.0",
    "1.18.2-latest": "40.3.10",
    "1.19-latest": "41.1.0",
    "1.19-recommended": "41.1.0",
    "1.19.1-latest": "42.0.9",
    "1.19.2-recommended": "43.5.0",
    "1.19.2-latest": "43.5.0",
    "1.19.3-latest": "44.1.23",
    "1.19.3-recommended": "44.1.0",
    "1.19.4-recommended": "45.4.0",
    "1.19.4-latest": "45.4.0",
    "1.20-latest": "46.0.14",
    "1.20.1-recommended": "47.4.0",
    "1.20.1-latest": "47.4.0",
    "1.20.2-latest": "48.1.0",
    "1.20.2-recommended": "48.1.0",
    "1.20.3-latest": "49.0.2",
    "1.20.4-latest": "49.2.0",
    "1.20.4-recommended": "49.2.0",
    "1.20.6-latest": "50.2.0",
    "1.20.6-recommended": "50.2.0",
    "1.21-latest": "51.0.33",
    "1.21.1-latest": "52.1.1",
    "1.21.1-recommended": "52.1.0",
    "1.21.3-latest": "53.1.1",
    "1.21.3-recommended": "53.1.0",
    "1.21.4-latest": "54.1.3",
    "1.21.4-recommended": "54.1.0",
    "1.21.5-latest": "55.0.9"
  }
}
[02May2025 20:50:56.451] [Forge Version Check/INFO] [net.minecraftforge.fml.VersionChecker/]: [forge] Found status: OUTDATED Current: 47.3.7 Target: 47.4.0
[02May2025 20:51:00.197] [main/INFO] [com.mojang.authlib.yggdrasil.YggdrasilAuthenticationService/]: Environment: authHost='https://authserver.mojang.com', accountsHost='https://api.mojang.com', sessionHost='https://sessionserver.mojang.com', servicesHost='https://api.minecraftservices.com', name='PROD'
[02May2025 20:51:02.912] [main/DEBUG] [mixin/]: Mixing VanillaPackResourcesAccessor from creativecore.mixins.json into net.minecraft.server.packs.VanillaPackResources
[02May2025 20:51:02.918] [main/WARN] [net.minecraft.server.packs.VanillaPackResourcesBuilder/]: Assets URL 'union:/workspaces/minecraftrpg/servidor_minecraft/libraries/net/minecraft/server/1.20.1-20230612.114412/server-1.20.1-20230612.114412-srg.jar%23173!/assets/.mcassetsroot' uses unexpected schema
[02May2025 20:51:02.921] [main/WARN] [net.minecraft.server.packs.VanillaPackResourcesBuilder/]: Assets URL 'union:/workspaces/minecraftrpg/servidor_minecraft/libraries/net/minecraft/server/1.20.1-20230612.114412/server-1.20.1-20230612.114412-srg.jar%23173!/data/.mcassetsroot' uses unexpected schema
[02May2025 20:51:03.000] [main/DEBUG] [mixin/]: Mixing PathPackResourcesAccessor from creativecore.mixins.json into net.minecraft.server.packs.PathPackResources
[02May2025 20:51:03.024] [main/DEBUG] [net.minecraftforge.server.ServerLifecycleHooks/CORE]: Generating PackInfo named mod:uniquedungeons for mod file /workspaces/minecraftrpg/servidor_minecraft/mods/uniquedungeons-0.70.3.2-47.2.0.jar
[02May2025 20:51:03.025] [main/DEBUG] [net.minecraftforge.server.ServerLifecycleHooks/CORE]: Generating PackInfo named mod:kuma_api for mod file 
[02May2025 20:51:03.025] [main/DEBUG] [net.minecraftforge.server.ServerLifecycleHooks/CORE]: Generating PackInfo named mod:terrablender for mod file /workspaces/minecraftrpg/servidor_minecraft/mods/TerraBlender-forge-1.20.1-3.0.1.10.jar
[02May2025 20:51:03.026] [main/DEBUG] [net.minecraftforge.server.ServerLifecycleHooks/CORE]: Generating PackInfo named mod:ambientsounds for mod file /workspaces/minecraftrpg/servidor_minecraft/mods/AmbientSounds_FORGE_v6.1.9_mc1.20.1.jar
[02May2025 20:51:03.027] [main/DEBUG] [net.minecraftforge.server.ServerLifecycleHooks/CORE]: Generating PackInfo named mod:jet_and_elias_armors for mod file /workspaces/minecraftrpg/servidor_minecraft/mods/jet_and_elias_armors-1.4-1.20.1-CF.jar
[02May2025 20:51:03.028] [main/DEBUG] [net.minecraftforge.server.ServerLifecycleHooks/CORE]: Generating PackInfo named mod:theorcs for mod file /workspaces/minecraftrpg/servidor_minecraft/mods/the-orcs-1.0-FORGE-1.20.x.jar
[02May2025 20:51:03.028] [main/DEBUG] [net.minecraftforge.server.ServerLifecycleHooks/CORE]: Generating PackInfo named mod:geckolib for mod file /workspaces/minecraftrpg/servidor_minecraft/mods/geckolib-forge-1.20.1-4.7.1.2.jar
[02May2025 20:51:03.029] [main/DEBUG] [net.minecraftforge.server.ServerLifecycleHooks/CORE]: Generating PackInfo named mod:playeranimator for mod file /workspaces/minecraftrpg/servidor_minecraft/mods/player-animation-lib-forge-1.0.2-rc1+1.20.jar
[02May2025 20:51:03.029] [main/DEBUG] [net.minecraftforge.server.ServerLifecycleHooks/CORE]: Generating PackInfo named mod:creativecore for mod file /workspaces/minecraftrpg/servidor_minecraft/mods/CreativeCore_FORGE_v2.12.32_mc1.20.1.jar
[02May2025 20:51:03.030] [main/DEBUG] [net.minecraftforge.server.ServerLifecycleHooks/CORE]: Generating PackInfo named mod:rpghud for mod file /workspaces/minecraftrpg/servidor_minecraft/mods/[1.20.1][Forge] RPG-HUD-3.10.jar
[02May2025 20:51:03.030] [main/DEBUG] [net.minecraftforge.server.ServerLifecycleHooks/CORE]: Generating PackInfo named mod:jei for mod file /workspaces/minecraftrpg/servidor_minecraft/mods/jei-1.20.1-forge-15.20.0.106.jar
[02May2025 20:51:03.032] [main/DEBUG] [net.minecraftforge.server.ServerLifecycleHooks/CORE]: Generating PackInfo named mod:archbows for mod file /workspaces/minecraftrpg/servidor_minecraft/mods/archbows-1.1.9-1.20.1.jar
[02May2025 20:51:03.032] [main/DEBUG] [net.minecraftforge.server.ServerLifecycleHooks/CORE]: Generating PackInfo named mod:born_in_chaos_v1 for mod file /workspaces/minecraftrpg/servidor_minecraft/mods/born_in_chaos_[Forge]1.20.1_1.6.3.jar
[02May2025 20:51:03.033] [main/DEBUG] [net.minecraftforge.server.ServerLifecycleHooks/CORE]: Generating PackInfo named mod:bountiful for mod file /workspaces/minecraftrpg/servidor_minecraft/mods/Bountiful-6.0.4+1.20.1-forge.jar
[02May2025 20:51:03.033] [main/DEBUG] [net.minecraftforge.server.ServerLifecycleHooks/CORE]: Generating PackInfo named mod:kotlinforforge for mod file 
[02May2025 20:51:03.033] [main/DEBUG] [net.minecraftforge.server.ServerLifecycleHooks/CORE]: Generating PackInfo named mod:sophisticatedcore for mod file /workspaces/minecraftrpg/servidor_minecraft/mods/sophisticatedcore-1.20.1-1.2.49.962.jar
[02May2025 20:51:03.034] [main/DEBUG] [net.minecraftforge.server.ServerLifecycleHooks/CORE]: Generating PackInfo named mod:curios for mod file /workspaces/minecraftrpg/servidor_minecraft/mods/curios-forge-5.14.1+1.20.1.jar
[02May2025 20:51:03.035] [main/DEBUG] [net.minecraftforge.server.ServerLifecycleHooks/CORE]: Generating PackInfo named mod:patchouli for mod file /workspaces/minecraftrpg/servidor_minecraft/mods/Patchouli-1.20.1-84.1-FORGE.jar
[02May2025 20:51:03.037] [main/DEBUG] [net.minecraftforge.server.ServerLifecycleHooks/CORE]: Generating PackInfo named mod:waystones for mod file /workspaces/minecraftrpg/servidor_minecraft/mods/waystones-forge-1.20.1-14.1.11.jar
[02May2025 20:51:03.037] [main/DEBUG] [net.minecraftforge.server.ServerLifecycleHooks/CORE]: Generating PackInfo named mod:gravestone for mod file /workspaces/minecraftrpg/servidor_minecraft/mods/gravestone-forge-1.20.1-1.0.24.jar
[02May2025 20:51:03.038] [main/DEBUG] [net.minecraftforge.server.ServerLifecycleHooks/CORE]: Generating PackInfo named mod:mixinextras for mod file 
[02May2025 20:51:03.038] [main/DEBUG] [net.minecraftforge.server.ServerLifecycleHooks/CORE]: Generating PackInfo named mod:glitchcore for mod file /workspaces/minecraftrpg/servidor_minecraft/mods/GlitchCore-forge-1.20.1-0.0.1.1.jar
[02May2025 20:51:03.038] [main/DEBUG] [net.minecraftforge.server.ServerLifecycleHooks/CORE]: Generating PackInfo named mod:biomesoplenty for mod file /workspaces/minecraftrpg/servidor_minecraft/mods/BiomesOPlenty-forge-1.20.1-19.0.0.96.jar
[02May2025 20:51:03.039] [main/DEBUG] [net.minecraftforge.server.ServerLifecycleHooks/CORE]: Generating PackInfo named mod:kambrik for mod file /workspaces/minecraftrpg/servidor_minecraft/mods/Kambrik-6.1.1+1.20.1-forge.jar
[02May2025 20:51:03.040] [main/DEBUG] [net.minecraftforge.server.ServerLifecycleHooks/CORE]: Generating PackInfo named mod:sophisticatedbackpacks for mod file /workspaces/minecraftrpg/servidor_minecraft/mods/sophisticatedbackpacks-1.20.1-3.23.13.1230.jar
[02May2025 20:51:03.041] [main/DEBUG] [net.minecraftforge.server.ServerLifecycleHooks/CORE]: Generating PackInfo named mod:architectury for mod file /workspaces/minecraftrpg/servidor_minecraft/mods/architectury-9.2.14-forge.jar
[02May2025 20:51:03.042] [main/DEBUG] [net.minecraftforge.server.ServerLifecycleHooks/CORE]: Generating PackInfo named mod:balm for mod file /workspaces/minecraftrpg/servidor_minecraft/mods/balm-forge-1.20.1-7.3.27-all.jar
[02May2025 20:51:03.043] [main/DEBUG] [net.minecraftforge.server.ServerLifecycleHooks/CORE]: Generating PackInfo named mod:jeresources for mod file /workspaces/minecraftrpg/servidor_minecraft/mods/JustEnoughResources-1.20.1-1.4.0.247.jar
[02May2025 20:51:03.043] [main/DEBUG] [net.minecraftforge.server.ServerLifecycleHooks/CORE]: Generating PackInfo named mod:interaction_boxes for mod file /workspaces/minecraftrpg/servidor_minecraft/mods/interaction_boxes-0.693.jar
[02May2025 20:51:03.043] [main/DEBUG] [net.minecraftforge.server.ServerLifecycleHooks/CORE]: Generating PackInfo named mod:ars_nouveau for mod file /workspaces/minecraftrpg/servidor_minecraft/mods/ars_nouveau-1.20.1-4.12.6-all.jar
[02May2025 20:51:03.044] [main/DEBUG] [net.minecraftforge.server.ServerLifecycleHooks/CORE]: Generating PackInfo named mod:paraglider for mod file /workspaces/minecraftrpg/servidor_minecraft/mods/Paraglider-forge-20.1.3.jar
[02May2025 20:51:03.044] [main/DEBUG] [net.minecraftforge.server.ServerLifecycleHooks/CORE]: Generating PackInfo named mod:cloth_config for mod file /workspaces/minecraftrpg/servidor_minecraft/mods/cloth-config-11.1.136-forge.jar
[02May2025 20:51:03.045] [main/DEBUG] [net.minecraftforge.server.ServerLifecycleHooks/CORE]: Generating PackInfo named mod:voicechat for mod file /workspaces/minecraftrpg/servidor_minecraft/mods/voicechat-forge-1.20.1-2.5.30.jar
[02May2025 20:51:03.046] [main/DEBUG] [net.minecraftforge.server.ServerLifecycleHooks/CORE]: Generating PackInfo named mod:simplyswords for mod file /workspaces/minecraftrpg/servidor_minecraft/mods/simplyswords-forge-1.56.0-1.20.1.jar
[02May2025 20:51:03.047] [main/DEBUG] [net.minecraftforge.server.ServerLifecycleHooks/CORE]: Generating PackInfo named mod:bettercombat for mod file /workspaces/minecraftrpg/servidor_minecraft/mods/bettercombat-forge-1.8.6+1.20.1.jar
[02May2025 20:51:03.048] [main/DEBUG] [net.minecraftforge.server.ServerLifecycleHooks/CORE]: Generating PackInfo named mod:sound_physics_remastered for mod file /workspaces/minecraftrpg/servidor_minecraft/mods/sound-physics-remastered-forge-1.20.1-1.4.10.jar
[02May2025 20:51:03.048] [main/DEBUG] [net.minecraftforge.server.ServerLifecycleHooks/CORE]: Generating PackInfo named mod:forge for mod file /workspaces/minecraftrpg/servidor_minecraft/libraries/net/minecraftforge/forge/1.20.1-47.3.7/forge-1.20.1-47.3.7-universal.jar
[02May2025 20:51:03.049] [main/DEBUG] [net.minecraftforge.server.ServerLifecycleHooks/CORE]: Generating PackInfo named mod:skinrestorer for mod file /workspaces/minecraftrpg/servidor_minecraft/mods/skinrestorer-2.3.0+1.20-forge.jar
[02May2025 20:51:05.216] [main/DEBUG] [mixin/]: Mixing MixinPrimaryLevelData from terrablender.mixins.json into net.minecraft.world.level.storage.PrimaryLevelData
[02May2025 20:51:05.253] [main/DEBUG] [mixin/]: Mixing MixinDragonFightManager from paraglider.mixins.json into net.minecraft.world.level.dimension.end.EndDragonFight
[02May2025 20:51:05.712] [main/DEBUG] [net.minecraftforge.coremod.transformer.CoreModBaseTransformer/COREMOD]: Transforming net/minecraft/server/commands/SummonCommand
[02May2025 20:51:06.540] [main/INFO] [bountiful/]: Adding serverside commands..
[02May2025 20:51:07.493] [Worker-Main-1/DEBUG] [mixin/]: Mixing MixinNbtPredicate from curios.mixins.json into net.minecraft.advancements.critereon.NbtPredicate
[02May2025 20:51:07.559] [Worker-Main-1/DEBUG] [net.minecraftforge.coremod.transformer.CoreModBaseTransformer/COREMOD]: Transforming net/minecraft/world/entity/raid/Raid
[02May2025 20:51:07.655] [Worker-Main-1/DEBUG] [mixin/]: Mixing MixinRaid from paraglider.mixins.json into net.minecraft.world.entity.raid.Raid
[02May2025 20:51:10.896] [Worker-Main-1/ERROR] [net.minecraftforge.common.ForgeHooks/]: Couldn't parse element loot_tables:archbows:inject/chests/spawn_bonus_chest
com.google.gson.JsonSyntaxException: Missing entries
	at net.minecraft.util.GsonHelper.m_13836_(GsonHelper.java:473) ~[server-1.20.1-20230612.114412-srg.jar%23173!/:?]
	at net.minecraft.world.level.storage.loot.LootPool$Serializer.deserialize(LootPool.java:192) ~[server-1.20.1-20230612.114412-srg.jar%23173!/:?]
	at net.minecraft.world.level.storage.loot.LootPool$Serializer.deserialize(LootPool.java:189) ~[server-1.20.1-20230612.114412-srg.jar%23173!/:?]
	at com.google.gson.internal.bind.TreeTypeAdapter.read(TreeTypeAdapter.java:76) ~[gson-2.10.jar%2372!/:?]
	at com.google.gson.internal.bind.TypeAdapterRuntimeTypeWrapper.read(TypeAdapterRuntimeTypeWrapper.java:40) ~[gson-2.10.jar%2372!/:?]
	at com.google.gson.internal.bind.ArrayTypeAdapter.read(ArrayTypeAdapter.java:72) ~[gson-2.10.jar%2372!/:?]
	at com.google.gson.Gson.fromJson(Gson.java:1214) ~[gson-2.10.jar%2372!/:?]
	at com.google.gson.Gson.fromJson(Gson.java:1319) ~[gson-2.10.jar%2372!/:?]
	at com.google.gson.Gson.fromJson(Gson.java:1290) ~[gson-2.10.jar%2372!/:?]
	at com.google.gson.internal.bind.TreeTypeAdapter$GsonContextImpl.deserialize(TreeTypeAdapter.java:179) ~[gson-2.10.jar%2372!/:?]
	at net.minecraft.util.GsonHelper.m_13808_(GsonHelper.java:463) ~[server-1.20.1-20230612.114412-srg.jar%23173!/:?]
	at net.minecraft.util.GsonHelper.m_13845_(GsonHelper.java:481) ~[server-1.20.1-20230612.114412-srg.jar%23173!/:?]
	at net.minecraft.world.level.storage.loot.LootTable$Serializer.deserialize(LootTable.java:294) ~[server-1.20.1-20230612.114412-srg.jar%23173!/:?]
	at net.minecraft.world.level.storage.loot.LootTable$Serializer.deserialize(LootTable.java:291) ~[server-1.20.1-20230612.114412-srg.jar%23173!/:?]
	at com.google.gson.internal.bind.TreeTypeAdapter.read(TreeTypeAdapter.java:76) ~[gson-2.10.jar%2372!/:?]
	at com.google.gson.Gson.fromJson(Gson.java:1214) ~[gson-2.10.jar%2372!/:?]
	at com.google.gson.Gson.fromJson(Gson.java:1319) ~[gson-2.10.jar%2372!/:?]
	at com.google.gson.Gson.fromJson(Gson.java:1261) ~[gson-2.10.jar%2372!/:?]
	at net.minecraftforge.common.ForgeHooks.loadLootTable(ForgeHooks.java:871) ~[forge-1.20.1-47.3.7-universal.jar%23178!/:?]
	at net.minecraftforge.common.ForgeHooks.lambda$getLootTableDeserializer$3(ForgeHooks.java:848) ~[forge-1.20.1-47.3.7-universal.jar%23178!/:?]
	at net.minecraft.world.level.storage.loot.LootDataType.deserialize(LootDataType.java:45) ~[server-1.20.1-20230612.114412-srg.jar%23173!/:?]
	at net.minecraft.world.level.storage.loot.LootDataManager.lambda$scheduleElementParse$4(LootDataManager.java:56) ~[server-1.20.1-20230612.114412-srg.jar%23173!/:?]
	at java.util.HashMap.forEach(HashMap.java:1421) ~[?:?]
	at net.minecraft.world.level.storage.loot.LootDataManager.m_278660_(LootDataManager.java:55) ~[server-1.20.1-20230612.114412-srg.jar%23173!/:?]
	at java.util.concurrent.CompletableFuture$AsyncRun.run(CompletableFuture.java:1804) ~[?:?]
	at java.util.concurrent.CompletableFuture$AsyncRun.exec(CompletableFuture.java:1796) ~[?:?]
	at java.util.concurrent.ForkJoinTask.doExec(ForkJoinTask.java:373) ~[?:?]
	at java.util.concurrent.ForkJoinPool$WorkQueue.topLevelExec(ForkJoinPool.java:1182) ~[?:?]
	at java.util.concurrent.ForkJoinPool.scan(ForkJoinPool.java:1655) ~[?:?]
	at java.util.concurrent.ForkJoinPool.runWorker(ForkJoinPool.java:1622) ~[?:?]
	at java.util.concurrent.ForkJoinWorkerThread.run(ForkJoinWorkerThread.java:165) ~[?:?]
[02May2025 20:51:12.083] [main/WARN] [net.minecraft.world.level.storage.loot.LootDataManager/]: Found loot table element validation problem in {loot_tables:minecraft:chests/spawn_bonus_chest}.pools[8].entries[0]: Unknown loot table called archbows:inject/chests/spawn_bonus_chest
[02May2025 20:51:12.103] [main/DEBUG] [mixin/]: Mixing AccessorSmithingTrimRecipe from patchouli_xplat.mixins.json into net.minecraft.world.item.crafting.SmithingTrimRecipe
[02May2025 20:51:12.428] [main/INFO] [net.minecraft.world.item.crafting.RecipeManager/]: Loaded 22 recipes
[02May2025 20:51:12.698] [main/INFO] [net.minecraft.advancements.AdvancementList/]: Loaded 2089 advancements
[02May2025 20:51:12.765] [main/DEBUG] [bountiful/]: Querying Pool Loader: _all_objs, [bountiful:bounty_pools/bountiful/_all_objs.json]
[02May2025 20:51:12.793] [main/DEBUG] [bountiful/]: Querying Pool Loader: _all_rews, [bountiful:bounty_pools/bountiful/_all_rews.json]
[02May2025 20:51:12.797] [main/DEBUG] [bountiful/]: Querying Pool Loader: _equip_rews, [bountiful:bounty_pools/bountiful/_equip_rews.json]
[02May2025 20:51:12.802] [main/DEBUG] [bountiful/]: Querying Pool Loader: _gardening_rews, [bountiful:bounty_pools/bountiful/_gardening_rews.json]
[02May2025 20:51:12.803] [main/DEBUG] [bountiful/]: Querying Pool Loader: _metal_objs, [bountiful:bounty_pools/bountiful/_metal_objs.json]
[02May2025 20:51:12.807] [main/DEBUG] [bountiful/]: Querying Pool Loader: armorer_objs, [bountiful:bounty_pools/bountiful/armorer_objs.json]
[02May2025 20:51:12.812] [main/DEBUG] [bountiful/]: Querying Pool Loader: armorer_rews, [bountiful:bounty_pools/bountiful/armorer_rews.json]
[02May2025 20:51:12.823] [main/DEBUG] [bountiful/]: Querying Pool Loader: butcher_objs, [bountiful:bounty_pools/bountiful/butcher_objs.json]
[02May2025 20:51:12.825] [main/DEBUG] [bountiful/]: Querying Pool Loader: butcher_rews, [bountiful:bounty_pools/bountiful/butcher_rews.json]
[02May2025 20:51:12.826] [main/DEBUG] [bountiful/]: Querying Pool Loader: cleric_objs, [bountiful:bounty_pools/bountiful/cleric_objs.json]
[02May2025 20:51:12.829] [main/DEBUG] [bountiful/]: Querying Pool Loader: cleric_rews, [bountiful:bounty_pools/bountiful/cleric_rews.json]
[02May2025 20:51:12.834] [main/DEBUG] [bountiful/]: Querying Pool Loader: farmer_objs, [bountiful:bounty_pools/bountiful/farmer_objs.json, bountiful:bounty_pools/croptopia/farmer_objs.json]
[02May2025 20:51:12.838] [main/DEBUG] [bountiful/]: Querying Pool Loader: farmer_rews, [bountiful:bounty_pools/bountiful/farmer_rews.json]
[02May2025 20:51:12.840] [main/DEBUG] [bountiful/]: Querying Pool Loader: fisherman_objs, [bountiful:bounty_pools/bountiful/fisherman_objs.json]
[02May2025 20:51:12.842] [main/DEBUG] [bountiful/]: Querying Pool Loader: fisherman_rews, [bountiful:bounty_pools/bountiful/fisherman_rews.json]
[02May2025 20:51:12.844] [main/DEBUG] [bountiful/]: Querying Pool Loader: fletcher_objs, [bountiful:bounty_pools/bountiful/fletcher_objs.json]
[02May2025 20:51:12.848] [main/DEBUG] [bountiful/]: Querying Pool Loader: fletcher_rews, [bountiful:bounty_pools/bountiful/fletcher_rews.json]
[02May2025 20:51:12.850] [main/DEBUG] [bountiful/]: Querying Pool Loader: inventor_objs, [bountiful:bounty_pools/bountiful/inventor_objs.json]
[02May2025 20:51:12.853] [main/DEBUG] [bountiful/]: Querying Pool Loader: inventor_rews, [bountiful:bounty_pools/bountiful/inventor_rews.json]
[02May2025 20:51:12.856] [main/DEBUG] [bountiful/]: Querying Pool Loader: leatherer_objs, [bountiful:bounty_pools/bountiful/leatherer_objs.json]
[02May2025 20:51:12.859] [main/DEBUG] [bountiful/]: Querying Pool Loader: leatherer_rews, [bountiful:bounty_pools/bountiful/leatherer_rews.json]
[02May2025 20:51:12.863] [main/DEBUG] [bountiful/]: Querying Pool Loader: librarian_objs, [bountiful:bounty_pools/bountiful/librarian_objs.json, bountiful:bounty_pools/charm/librarian_objs.json]
[02May2025 20:51:12.865] [main/DEBUG] [bountiful/]: Querying Pool Loader: librarian_rews, [bountiful:bounty_pools/bountiful/librarian_rews.json]
[02May2025 20:51:12.867] [main/DEBUG] [bountiful/]: Querying Pool Loader: mapper_objs, [bountiful:bounty_pools/bountiful/mapper_objs.json]
[02May2025 20:51:12.868] [main/DEBUG] [bountiful/]: Querying Pool Loader: mapper_rews, [bountiful:bounty_pools/bountiful/mapper_rews.json]
[02May2025 20:51:12.869] [main/DEBUG] [bountiful/]: Querying Pool Loader: shepherd_objs, [bountiful:bounty_pools/bountiful/shepherd_objs.json]
[02May2025 20:51:12.871] [main/DEBUG] [bountiful/]: Querying Pool Loader: shepherd_rews, [bountiful:bounty_pools/bountiful/shepherd_rews.json]
[02May2025 20:51:12.873] [main/DEBUG] [bountiful/]: Querying Pool Loader: toolsmith_objs, [bountiful:bounty_pools/bountiful/toolsmith_objs.json]
[02May2025 20:51:12.873] [main/DEBUG] [bountiful/]: Querying Pool Loader: toolsmith_rews, [bountiful:bounty_pools/bountiful/toolsmith_rews.json, bountiful:bounty_pools/charm/toolsmith_rews.json]
[02May2025 20:51:12.876] [main/INFO] [bountiful/]: Trying to load unloaded files from: config/bountiful/bounty_pools
[02May2025 20:51:12.878] [main/DEBUG] [bountiful/]: Querying Decree Loader: armorer, [bountiful:bounty_decrees/bountiful/armorer.json]
[02May2025 20:51:12.878] [main/DEBUG] [bountiful/]: Querying Decree Loader: butcher, [bountiful:bounty_decrees/bountiful/butcher.json]
[02May2025 20:51:12.878] [main/DEBUG] [bountiful/]: Querying Decree Loader: cleric, [bountiful:bounty_decrees/bountiful/cleric.json]
[02May2025 20:51:12.879] [main/DEBUG] [bountiful/]: Querying Decree Loader: farmer, [bountiful:bounty_decrees/bountiful/farmer.json]
[02May2025 20:51:12.879] [main/DEBUG] [bountiful/]: Querying Decree Loader: fisherman, [bountiful:bounty_decrees/bountiful/fisherman.json]
[02May2025 20:51:12.879] [main/DEBUG] [bountiful/]: Querying Decree Loader: fletcher, [bountiful:bounty_decrees/bountiful/fletcher.json]
[02May2025 20:51:12.879] [main/DEBUG] [bountiful/]: Querying Decree Loader: inventor, [bountiful:bounty_decrees/bountiful/inventor.json]
[02May2025 20:51:12.880] [main/DEBUG] [bountiful/]: Querying Decree Loader: leatherer, [bountiful:bounty_decrees/bountiful/leatherer.json]
[02May2025 20:51:12.880] [main/DEBUG] [bountiful/]: Querying Decree Loader: librarian, [bountiful:bounty_decrees/bountiful/librarian.json]
[02May2025 20:51:12.880] [main/DEBUG] [bountiful/]: Querying Decree Loader: mapper, [bountiful:bounty_decrees/bountiful/mapper.json]
[02May2025 20:51:12.880] [main/DEBUG] [bountiful/]: Querying Decree Loader: shepherd, [bountiful:bounty_decrees/bountiful/shepherd.json]
[02May2025 20:51:12.881] [main/DEBUG] [bountiful/]: Querying Decree Loader: toolsmith, [bountiful:bounty_decrees/bountiful/toolsmith.json]
[02May2025 20:51:12.881] [main/INFO] [bountiful/]: Trying to load unloaded files from: config/bountiful/bounty_decrees
[02May2025 20:51:12.892] [main/INFO] [top.theillusivec4.curios.Curios/]: Loaded 11 curio slots
[02May2025 20:51:12.898] [main/INFO] [top.theillusivec4.curios.Curios/]: Loaded 1 curio entities
[02May2025 20:51:12.901] [main/DEBUG] [sophisticatedbackpacks/]: Started loading registry data from sophisticatedbackpacks:compat/woot/block_tools 
[02May2025 20:51:12.901] [main/DEBUG] [sophisticatedbackpacks/]: Started loading registry data from sophisticatedbackpacks:compat/fluxnetworks/block_tools 
[02May2025 20:51:12.901] [main/DEBUG] [sophisticatedbackpacks/]: Started loading registry data from sophisticatedbackpacks:compat/mob_grinding_utils/entity_tools 
[02May2025 20:51:12.901] [main/DEBUG] [sophisticatedbackpacks/]: Started loading registry data from sophisticatedbackpacks:compat/astralsorcery/block_tools 
[02May2025 20:51:12.901] [main/DEBUG] [sophisticatedbackpacks/]: Started loading registry data from sophisticatedbackpacks:compat/immersivepetroleum/block_tools 
[02May2025 20:51:12.901] [main/DEBUG] [sophisticatedbackpacks/]: Started loading registry data from sophisticatedbackpacks:compat/immersiveengineering/block_tools 
[02May2025 20:51:12.902] [main/DEBUG] [sophisticatedbackpacks/]: Started loading registry data from sophisticatedbackpacks:compat/pedestals/block_tools 
[02May2025 20:51:12.902] [main/DEBUG] [sophisticatedbackpacks/]: Started loading registry data from sophisticatedbackpacks:compat/platforms/block_tools 
[02May2025 20:51:12.902] [main/DEBUG] [sophisticatedbackpacks/]: Started loading registry data from sophisticatedbackpacks:compat/rftoolsutility/entity_tools 
[02May2025 20:51:12.902] [main/DEBUG] [sophisticatedbackpacks/]: Started loading registry data from sophisticatedbackpacks:compat/compactmachines/block_tools 
[02May2025 20:51:12.902] [main/DEBUG] [sophisticatedbackpacks/]: Started loading registry data from sophisticatedbackpacks:compat/mcwwindows/block_tools 
[02May2025 20:51:12.903] [main/DEBUG] [sophisticatedbackpacks/]: Started loading registry data from sophisticatedbackpacks:compat/integrateddynamics/block_tools 
[02May2025 20:51:12.903] [main/DEBUG] [sophisticatedbackpacks/]: Started loading registry data from sophisticatedbackpacks:entity_tools 
[02May2025 20:51:12.907] [main/DEBUG] [sophisticatedbackpacks/]: Finished loading registry data for sophisticatedbackpacks:entity_tools
[02May2025 20:51:12.907] [main/DEBUG] [sophisticatedbackpacks/]: Started loading registry data from sophisticatedbackpacks:compat/mekanism/block_tools 
[02May2025 20:51:12.907] [main/DEBUG] [sophisticatedbackpacks/]: Started loading registry data from sophisticatedbackpacks:compat/powah/block_tools 
[02May2025 20:51:12.907] [main/DEBUG] [sophisticatedbackpacks/]: Started loading registry data from sophisticatedbackpacks:compat/apotheosis/entity_tools 
[02May2025 20:51:12.907] [main/DEBUG] [sophisticatedbackpacks/]: Started loading registry data from sophisticatedbackpacks:compat/bloodmagic/block_tools 
[02May2025 20:51:12.908] [main/DEBUG] [sophisticatedbackpacks/]: Started loading registry data from sophisticatedbackpacks:compat/immersiveposts/block_tools 
[02May2025 20:51:12.908] [main/DEBUG] [sophisticatedbackpacks/]: Started loading registry data from sophisticatedbackpacks:compat/rats/entity_tools 
[02May2025 20:51:12.908] [main/DEBUG] [sophisticatedbackpacks/]: Started loading registry data from sophisticatedbackpacks:compat/framedcompactdrawers/block_tools 
[02May2025 20:51:12.908] [main/DEBUG] [sophisticatedbackpacks/]: Started loading registry data from sophisticatedbackpacks:compat/iceandfire/entity_tools 
[02May2025 20:51:12.908] [main/DEBUG] [sophisticatedbackpacks/]: Started loading registry data from sophisticatedbackpacks:compat/storagedrawers/block_tools 
[02May2025 20:51:12.908] [main/DEBUG] [sophisticatedbackpacks/]: Started loading registry data from sophisticatedbackpacks:compat/mcwroofs/block_tools 
[02May2025 20:51:12.908] [main/DEBUG] [sophisticatedbackpacks/]: Started loading registry data from sophisticatedbackpacks:compat/morphtool/block_tools 
[02May2025 20:51:12.909] [main/DEBUG] [sophisticatedbackpacks/]: Started loading registry data from sophisticatedbackpacks:compat/botania/block_tools 
[02May2025 20:51:12.909] [main/DEBUG] [sophisticatedbackpacks/]: Started loading registry data from sophisticatedbackpacks:compat/pneumaticraft/block_tools 
[02May2025 20:51:12.909] [main/DEBUG] [sophisticatedbackpacks/]: Started loading registry data from sophisticatedbackpacks:compat/shrink/entity_tools 
[02May2025 20:51:12.909] [main/DEBUG] [sophisticatedbackpacks/]: Started loading registry data from sophisticatedbackpacks:compat/blockcarpentry/block_tools 
[02May2025 20:51:12.909] [main/DEBUG] [sophisticatedbackpacks/]: Started loading registry data from sophisticatedbackpacks:compat/pipez/block_tools 
[02May2025 20:51:12.909] [main/DEBUG] [sophisticatedbackpacks/]: Started loading registry data from sophisticatedbackpacks:compat/transport/block_tools 
[02May2025 20:51:12.909] [main/DEBUG] [sophisticatedbackpacks/]: Started loading registry data from sophisticatedbackpacks:compat/thermal/block_tools 
[02May2025 20:51:12.909] [main/DEBUG] [sophisticatedbackpacks/]: Started loading registry data from sophisticatedbackpacks:block_tools 
[02May2025 20:51:12.910] [main/DEBUG] [sophisticatedbackpacks/]: Finished loading registry data for sophisticatedbackpacks:block_tools
[02May2025 20:51:12.910] [main/DEBUG] [sophisticatedbackpacks/]: Started loading registry data from sophisticatedbackpacks:compat/create/block_tools 
[02May2025 20:51:12.910] [main/DEBUG] [sophisticatedbackpacks/]: Started loading registry data from sophisticatedbackpacks:compat/farmersdelight/entity_tools 
[02May2025 20:51:12.910] [main/DEBUG] [sophisticatedbackpacks/]: Started loading registry data from sophisticatedbackpacks:compat/refinedstorage/block_tools 
[02May2025 20:51:12.910] [main/DEBUG] [sophisticatedbackpacks/]: Started loading registry data from sophisticatedbackpacks:compat/chiselsandbits/block_tools 
[02May2025 20:51:12.910] [main/DEBUG] [sophisticatedbackpacks/]: Started loading registry data from sophisticatedbackpacks:compat/farmersdelight/block_tools 
[02May2025 20:51:12.910] [main/DEBUG] [sophisticatedbackpacks/]: Started loading registry data from sophisticatedbackpacks:compat/resourcefulbees/entity_tools 
[02May2025 20:51:12.910] [main/DEBUG] [sophisticatedbackpacks/]: Started loading registry data from sophisticatedbackpacks:compat/tetra/swords 
[02May2025 20:51:12.911] [main/DEBUG] [sophisticatedbackpacks/]: Started loading registry data from sophisticatedbackpacks:swords 
[02May2025 20:51:12.911] [main/DEBUG] [sophisticatedbackpacks/]: Finished loading registry data for sophisticatedbackpacks:swords
[02May2025 20:51:12.911] [main/DEBUG] [sophisticatedbackpacks/]: Started loading registry data from sophisticatedbackpacks:compat/mythicbotany/block_tools 
[02May2025 20:51:12.911] [main/DEBUG] [sophisticatedbackpacks/]: Started loading registry data from sophisticatedbackpacks:compat/resourcefulbees/block_tools 
[02May2025 20:51:12.912] [main/DEBUG] [sophisticatedbackpacks/]: Started loading registry data from sophisticatedbackpacks:compat/syp/entity_tools 
[02May2025 20:51:12.912] [main/DEBUG] [sophisticatedbackpacks/]: Started loading registry data from sophisticatedbackpacks:compat/eidolon/block_tools 
[02May2025 20:51:12.912] [main/DEBUG] [sophisticatedbackpacks/]: Started loading registry data from sophisticatedbackpacks:compat/rftoolsbase/block_tools 
[02May2025 20:51:12.964] [main/WARN] [net.minecraft.core.MappedRegistry/]: Not all defined tags for registry ResourceKey[minecraft:root / minecraft:worldgen/biome] are present in data pack: minecraft:is_plains
[02May2025 20:51:14.192] [main/DEBUG] [net.minecraftforge.common.ForgeHooks/WP]: Gathering id map for writing to world save world
[02May2025 20:51:14.259] [main/DEBUG] [net.minecraftforge.common.ForgeHooks/WP]: ID Map collection complete world
[02May2025 20:51:14.428] [Server thread/INFO] [net.minecraft.server.dedicated.DedicatedServer/]: Starting minecraft server version 1.20.1
[02May2025 20:51:14.430] [Server thread/INFO] [net.minecraft.server.dedicated.DedicatedServer/]: Loading properties
[02May2025 20:51:14.431] [Server thread/INFO] [net.minecraft.server.dedicated.DedicatedServer/]: Default game type: SURVIVAL
[02May2025 20:51:14.432] [Server thread/INFO] [net.minecraft.server.MinecraftServer/]: Generating keypair
[02May2025 20:51:14.749] [Server thread/INFO] [net.minecraft.server.dedicated.DedicatedServer/]: Starting Minecraft server on *:13018
[02May2025 20:51:14.757] [Server thread/DEBUG] [net.minecraftforge.network.DualStackUtils/]: Detected IPv6 address: "0:0:0:0:0:0:0:0"
[02May2025 20:51:14.797] [Server thread/DEBUG] [io.netty.util.internal.NativeLibraryLoader/]: -Dio.netty.native.workdir: /tmp (io.netty.tmpdir)
[02May2025 20:51:14.797] [Server thread/DEBUG] [io.netty.util.internal.NativeLibraryLoader/]: -Dio.netty.native.deleteLibAfterLoading: true
[02May2025 20:51:14.798] [Server thread/DEBUG] [io.netty.util.internal.NativeLibraryLoader/]: -Dio.netty.native.tryPatchShadedId: true
[02May2025 20:51:14.798] [Server thread/DEBUG] [io.netty.util.internal.NativeLibraryLoader/]: -Dio.netty.native.detectNativeLibraryDuplicates: true
[02May2025 20:51:14.826] [Server thread/DEBUG] [io.netty.util.internal.NativeLibraryLoader/]: Successfully loaded the library /tmp/libnetty_transport_native_epoll_x86_642981364047873310379.so
[02May2025 20:51:14.837] [Server thread/DEBUG] [io.netty.util.NetUtil/]: -Djava.net.preferIPv4Stack: false
[02May2025 20:51:14.837] [Server thread/DEBUG] [io.netty.util.NetUtil/]: -Djava.net.preferIPv6Addresses: true
[02May2025 20:51:14.844] [Server thread/DEBUG] [io.netty.util.NetUtilInitializations/]: Loopback interface: lo (lo, 0:0:0:0:0:0:0:1%lo)
[02May2025 20:51:14.847] [Server thread/DEBUG] [io.netty.util.NetUtil/]: /proc/sys/net/core/somaxconn: 4096
[02May2025 20:51:14.859] [Server thread/INFO] [net.minecraft.server.network.ServerConnectionListener/]: Using epoll channel type
[02May2025 20:51:14.945] [Server thread/DEBUG] [io.netty.channel.MultithreadEventLoopGroup/]: -Dio.netty.eventLoopThreads: 4
[02May2025 20:51:14.972] [Server thread/DEBUG] [io.netty.util.internal.InternalThreadLocalMap/]: -Dio.netty.threadLocalMap.stringBuilder.initialSize: 1024
[02May2025 20:51:14.974] [Server thread/DEBUG] [io.netty.util.internal.InternalThreadLocalMap/]: -Dio.netty.threadLocalMap.stringBuilder.maxSize: 4096
[02May2025 20:51:14.997] [Server thread/DEBUG] [io.netty.util.internal.PlatformDependent/]: org.jctools-core.MpscChunkedArrayQueue: available
[02May2025 20:51:15.013] [Server thread/DEBUG] [io.netty.channel.DefaultChannelId/]: -Dio.netty.processId: 23669 (auto-detected)
[02May2025 20:51:15.020] [Server thread/DEBUG] [io.netty.channel.DefaultChannelId/]: -Dio.netty.machineId: 7c:1e:52:ff:fe:b1:65:1c (auto-detected)
[02May2025 20:51:15.057] [Server thread/DEBUG] [io.netty.buffer.PooledByteBufAllocator/]: -Dio.netty.allocator.numHeapArenas: 4
[02May2025 20:51:15.060] [Server thread/DEBUG] [io.netty.buffer.PooledByteBufAllocator/]: -Dio.netty.allocator.numDirectArenas: 4
[02May2025 20:51:15.060] [Server thread/DEBUG] [io.netty.buffer.PooledByteBufAllocator/]: -Dio.netty.allocator.pageSize: 8192
[02May2025 20:51:15.060] [Server thread/DEBUG] [io.netty.buffer.PooledByteBufAllocator/]: -Dio.netty.allocator.maxOrder: 9
[02May2025 20:51:15.060] [Server thread/DEBUG] [io.netty.buffer.PooledByteBufAllocator/]: -Dio.netty.allocator.chunkSize: 4194304
[02May2025 20:51:15.060] [Server thread/DEBUG] [io.netty.buffer.PooledByteBufAllocator/]: -Dio.netty.allocator.smallCacheSize: 256
[02May2025 20:51:15.060] [Server thread/DEBUG] [io.netty.buffer.PooledByteBufAllocator/]: -Dio.netty.allocator.normalCacheSize: 64
[02May2025 20:51:15.060] [Server thread/DEBUG] [io.netty.buffer.PooledByteBufAllocator/]: -Dio.netty.allocator.maxCachedBufferCapacity: 32768
[02May2025 20:51:15.060] [Server thread/DEBUG] [io.netty.buffer.PooledByteBufAllocator/]: -Dio.netty.allocator.cacheTrimInterval: 8192
[02May2025 20:51:15.060] [Server thread/DEBUG] [io.netty.buffer.PooledByteBufAllocator/]: -Dio.netty.allocator.cacheTrimIntervalMillis: 0
[02May2025 20:51:15.060] [Server thread/DEBUG] [io.netty.buffer.PooledByteBufAllocator/]: -Dio.netty.allocator.useCacheForAllThreads: false
[02May2025 20:51:15.060] [Server thread/DEBUG] [io.netty.buffer.PooledByteBufAllocator/]: -Dio.netty.allocator.maxCachedByteBuffersPerChunk: 1023
[02May2025 20:51:15.076] [Server thread/DEBUG] [io.netty.buffer.ByteBufUtil/]: -Dio.netty.allocator.type: pooled
[02May2025 20:51:15.076] [Server thread/DEBUG] [io.netty.buffer.ByteBufUtil/]: -Dio.netty.threadLocalDirectBufferSize: 0
[02May2025 20:51:15.076] [Server thread/DEBUG] [io.netty.buffer.ByteBufUtil/]: -Dio.netty.maxThreadLocalCharBufferSize: 16384
[02May2025 20:51:15.098] [Server thread/WARN] [net.minecraft.server.dedicated.DedicatedServer/]: **** SERVER IS RUNNING IN OFFLINE/INSECURE MODE!
[02May2025 20:51:15.098] [Server thread/WARN] [net.minecraft.server.dedicated.DedicatedServer/]: The server will make no attempt to authenticate usernames. Beware.
[02May2025 20:51:15.099] [Server thread/WARN] [net.minecraft.server.dedicated.DedicatedServer/]: While this makes the game possible to play without internet access, it also opens up the ability for hackers to connect with any username they choose.
[02May2025 20:51:15.099] [Server thread/WARN] [net.minecraft.server.dedicated.DedicatedServer/]: To change this, set "online-mode" to "true" in the server.properties file.
[02May2025 20:51:15.143] [Server thread/DEBUG] [net.minecraftforge.fml.config.ConfigTracker/CONFIG]: Loading configs type SERVER
[02May2025 20:51:15.143] [Server thread/DEBUG] [net.minecraftforge.fml.config.ConfigFileTypeHandler/CONFIG]: Built TOML config for ./world/serverconfig/jei-server.toml
[02May2025 20:51:15.150] [Server thread/DEBUG] [net.minecraftforge.fml.config.ConfigFileTypeHandler/CONFIG]: Loaded TOML config file ./world/serverconfig/jei-server.toml
[02May2025 20:51:15.151] [Server thread/DEBUG] [net.minecraftforge.fml.config.ConfigFileTypeHandler/CONFIG]: Watching TOML config file ./world/serverconfig/jei-server.toml for changes
[02May2025 20:51:15.152] [Thread-3/DEBUG] [net.minecraftforge.fml.config.ConfigFileTypeHandler/CONFIG]: Config file jei-server.toml changed, sending notifies
[02May2025 20:51:15.152] [Server thread/DEBUG] [net.minecraftforge.fml.config.ConfigFileTypeHandler/CONFIG]: Built TOML config for ./world/serverconfig/archbows-server.toml
[02May2025 20:51:15.153] [Thread-3/DEBUG] [net.minecraftforge.fml.config.ConfigFileTypeHandler/CONFIG]: Config file jei-server.toml changed, sending notifies
[02May2025 20:51:15.153] [Server thread/DEBUG] [net.minecraftforge.fml.config.ConfigFileTypeHandler/CONFIG]: Loaded TOML config file ./world/serverconfig/archbows-server.toml
[02May2025 20:51:15.156] [Server thread/DEBUG] [net.minecraftforge.fml.config.ConfigFileTypeHandler/CONFIG]: Watching TOML config file ./world/serverconfig/archbows-server.toml for changes
[02May2025 20:51:15.157] [Server thread/DEBUG] [net.minecraftforge.fml.config.ConfigFileTypeHandler/CONFIG]: Built TOML config for ./world/serverconfig/curios-server.toml
[02May2025 20:51:15.158] [Server thread/DEBUG] [net.minecraftforge.fml.config.ConfigFileTypeHandler/CONFIG]: Loaded TOML config file ./world/serverconfig/curios-server.toml
[02May2025 20:51:15.158] [Server thread/DEBUG] [net.minecraftforge.fml.config.ConfigFileTypeHandler/CONFIG]: Watching TOML config file ./world/serverconfig/curios-server.toml for changes
[02May2025 20:51:15.158] [Server thread/DEBUG] [net.minecraftforge.fml.config.ConfigFileTypeHandler/CONFIG]: Built TOML config for ./world/serverconfig/gravestone-server.toml
[02May2025 20:51:15.159] [Thread-3/DEBUG] [net.minecraftforge.fml.config.ConfigFileTypeHandler/CONFIG]: Config file archbows-server.toml changed, sending notifies
[02May2025 20:51:15.159] [Server thread/DEBUG] [net.minecraftforge.fml.config.ConfigFileTypeHandler/CONFIG]: Loaded TOML config file ./world/serverconfig/gravestone-server.toml
[02May2025 20:51:15.159] [Server thread/DEBUG] [net.minecraftforge.fml.config.ConfigFileTypeHandler/CONFIG]: Watching TOML config file ./world/serverconfig/gravestone-server.toml for changes
[02May2025 20:51:15.159] [Thread-3/DEBUG] [net.minecraftforge.fml.config.ConfigFileTypeHandler/CONFIG]: Config file curios-server.toml changed, sending notifies
[02May2025 20:51:15.166] [Server thread/DEBUG] [net.minecraftforge.fml.config.ConfigFileTypeHandler/CONFIG]: Built TOML config for ./world/serverconfig/sophisticatedbackpacks-server.toml
[02May2025 20:51:15.166] [Thread-3/DEBUG] [net.minecraftforge.fml.config.ConfigFileTypeHandler/CONFIG]: Config file gravestone-server.toml changed, sending notifies
[02May2025 20:51:15.172] [Server thread/DEBUG] [net.minecraftforge.fml.config.ConfigFileTypeHandler/CONFIG]: Loaded TOML config file ./world/serverconfig/sophisticatedbackpacks-server.toml
[02May2025 20:51:15.174] [Server thread/DEBUG] [net.minecraftforge.fml.config.ConfigFileTypeHandler/CONFIG]: Watching TOML config file ./world/serverconfig/sophisticatedbackpacks-server.toml for changes
[02May2025 20:51:15.177] [Thread-3/DEBUG] [net.minecraftforge.fml.config.ConfigFileTypeHandler/CONFIG]: Config file sophisticatedbackpacks-server.toml changed, sending notifies
[02May2025 20:51:15.179] [Server thread/DEBUG] [net.minecraftforge.fml.config.ConfigFileTypeHandler/CONFIG]: Built TOML config for /workspaces/minecraftrpg/servidor_minecraft/config/ars_nouveau/glyph_projectile.toml
[02May2025 20:51:15.180] [Server thread/DEBUG] [net.minecraftforge.fml.config.ConfigFileTypeHandler/CONFIG]: Loaded TOML config file /workspaces/minecraftrpg/servidor_minecraft/config/ars_nouveau/glyph_projectile.toml
[02May2025 20:51:15.182] [Server thread/DEBUG] [net.minecraftforge.fml.config.ConfigFileTypeHandler/CONFIG]: Watching TOML config file /workspaces/minecraftrpg/servidor_minecraft/config/ars_nouveau/glyph_projectile.toml for changes
[02May2025 20:51:15.182] [Server thread/DEBUG] [net.minecraftforge.fml.config.ConfigFileTypeHandler/CONFIG]: Built TOML config for /workspaces/minecraftrpg/servidor_minecraft/config/ars_nouveau/glyph_touch.toml
[02May2025 20:51:15.183] [Thread-3/DEBUG] [net.minecraftforge.fml.config.ConfigFileTypeHandler/CONFIG]: Config file ars_nouveau/glyph_projectile.toml changed, sending notifies
[02May2025 20:51:15.185] [Server thread/DEBUG] [net.minecraftforge.fml.config.ConfigFileTypeHandler/CONFIG]: Loaded TOML config file /workspaces/minecraftrpg/servidor_minecraft/config/ars_nouveau/glyph_touch.toml
[02May2025 20:51:15.185] [Server thread/DEBUG] [net.minecraftforge.fml.config.ConfigFileTypeHandler/CONFIG]: Watching TOML config file /workspaces/minecraftrpg/servidor_minecraft/config/ars_nouveau/glyph_touch.toml for changes
[02May2025 20:51:15.185] [Server thread/DEBUG] [net.minecraftforge.fml.config.ConfigFileTypeHandler/CONFIG]: Built TOML config for /workspaces/minecraftrpg/servidor_minecraft/config/ars_nouveau/glyph_self.toml
[02May2025 20:51:15.186] [Server thread/DEBUG] [net.minecraftforge.fml.config.ConfigFileTypeHandler/CONFIG]: Loaded TOML config file /workspaces/minecraftrpg/servidor_minecraft/config/ars_nouveau/glyph_self.toml
[02May2025 20:51:15.186] [Server thread/DEBUG] [net.minecraftforge.fml.config.ConfigFileTypeHandler/CONFIG]: Watching TOML config file /workspaces/minecraftrpg/servidor_minecraft/config/ars_nouveau/glyph_self.toml for changes
[02May2025 20:51:15.187] [Server thread/DEBUG] [net.minecraftforge.fml.config.ConfigFileTypeHandler/CONFIG]: Built TOML config for /workspaces/minecraftrpg/servidor_minecraft/config/ars_nouveau/glyph_break.toml
[02May2025 20:51:15.187] [Thread-3/DEBUG] [net.minecraftforge.fml.config.ConfigFileTypeHandler/CONFIG]: Config file ars_nouveau/glyph_touch.toml changed, sending notifies
[02May2025 20:51:15.187] [Server thread/DEBUG] [net.minecraftforge.fml.config.ConfigFileTypeHandler/CONFIG]: Loaded TOML config file /workspaces/minecraftrpg/servidor_minecraft/config/ars_nouveau/glyph_break.toml
[02May2025 20:51:15.187] [Server thread/DEBUG] [net.minecraftforge.fml.config.ConfigFileTypeHandler/CONFIG]: Watching TOML config file /workspaces/minecraftrpg/servidor_minecraft/config/ars_nouveau/glyph_break.toml for changes
[02May2025 20:51:15.187] [Thread-3/DEBUG] [net.minecraftforge.fml.config.ConfigFileTypeHandler/CONFIG]: Config file ars_nouveau/glyph_self.toml changed, sending notifies
[02May2025 20:51:15.189] [Thread-3/DEBUG] [net.minecraftforge.fml.config.ConfigFileTypeHandler/CONFIG]: Config file ars_nouveau/glyph_self.toml changed, sending notifies
[02May2025 20:51:15.189] [Server thread/DEBUG] [net.minecraftforge.fml.config.ConfigFileTypeHandler/CONFIG]: Built TOML config for /workspaces/minecraftrpg/servidor_minecraft/config/ars_nouveau/glyph_harm.toml
[02May2025 20:51:15.190] [Server thread/DEBUG] [net.minecraftforge.fml.config.ConfigFileTypeHandler/CONFIG]: Loaded TOML config file /workspaces/minecraftrpg/servidor_minecraft/config/ars_nouveau/glyph_harm.toml
[02May2025 20:51:15.190] [Thread-3/DEBUG] [net.minecraftforge.fml.config.ConfigFileTypeHandler/CONFIG]: Config file ars_nouveau/glyph_break.toml changed, sending notifies
[02May2025 20:51:15.190] [Server thread/DEBUG] [net.minecraftforge.fml.config.ConfigFileTypeHandler/CONFIG]: Watching TOML config file /workspaces/minecraftrpg/servidor_minecraft/config/ars_nouveau/glyph_harm.toml for changes
[02May2025 20:51:15.192] [Server thread/DEBUG] [net.minecraftforge.fml.config.ConfigFileTypeHandler/CONFIG]: Built TOML config for /workspaces/minecraftrpg/servidor_minecraft/config/ars_nouveau/glyph_ignite.toml
[02May2025 20:51:15.193] [Server thread/DEBUG] [net.minecraftforge.fml.config.ConfigFileTypeHandler/CONFIG]: Loaded TOML config file /workspaces/minecraftrpg/servidor_minecraft/config/ars_nouveau/glyph_ignite.toml
[02May2025 20:51:15.193] [Server thread/DEBUG] [net.minecraftforge.fml.config.ConfigFileTypeHandler/CONFIG]: Watching TOML config file /workspaces/minecraftrpg/servidor_minecraft/config/ars_nouveau/glyph_ignite.toml for changes
[02May2025 20:51:15.193] [Thread-3/DEBUG] [net.minecraftforge.fml.config.ConfigFileTypeHandler/CONFIG]: Config file ars_nouveau/glyph_ignite.toml changed, sending notifies
[02May2025 20:51:15.194] [Server thread/DEBUG] [net.minecraftforge.fml.config.ConfigFileTypeHandler/CONFIG]: Built TOML config for /workspaces/minecraftrpg/servidor_minecraft/config/ars_nouveau/glyph_phantom_block.toml
[02May2025 20:51:15.194] [Thread-3/DEBUG] [net.minecraftforge.fml.config.ConfigFileTypeHandler/CONFIG]: Config file ars_nouveau/glyph_ignite.toml changed, sending notifies
[02May2025 20:51:15.196] [Server thread/DEBUG] [net.minecraftforge.fml.config.ConfigFileTypeHandler/CONFIG]: Loaded TOML config file /workspaces/minecraftrpg/servidor_minecraft/config/ars_nouveau/glyph_phantom_block.toml
[02May2025 20:51:15.196] [Server thread/DEBUG] [net.minecraftforge.fml.config.ConfigFileTypeHandler/CONFIG]: Watching TOML config file /workspaces/minecraftrpg/servidor_minecraft/config/ars_nouveau/glyph_phantom_block.toml for changes
[02May2025 20:51:15.196] [Server thread/DEBUG] [net.minecraftforge.fml.config.ConfigFileTypeHandler/CONFIG]: Built TOML config for /workspaces/minecraftrpg/servidor_minecraft/config/ars_nouveau/glyph_heal.toml
[02May2025 20:51:15.197] [Server thread/DEBUG] [net.minecraftforge.fml.config.ConfigFileTypeHandler/CONFIG]: Loaded TOML config file /workspaces/minecraftrpg/servidor_minecraft/config/ars_nouveau/glyph_heal.toml
[02May2025 20:51:15.198] [Server thread/DEBUG] [net.minecraftforge.fml.config.ConfigFileTypeHandler/CONFIG]: Watching TOML config file /workspaces/minecraftrpg/servidor_minecraft/config/ars_nouveau/glyph_heal.toml for changes
[02May2025 20:51:15.198] [Thread-3/DEBUG] [net.minecraftforge.fml.config.ConfigFileTypeHandler/CONFIG]: Config file ars_nouveau/glyph_heal.toml changed, sending notifies
[02May2025 20:51:15.198] [Server thread/DEBUG] [net.minecraftforge.fml.config.ConfigFileTypeHandler/CONFIG]: Built TOML config for /workspaces/minecraftrpg/servidor_minecraft/config/ars_nouveau/glyph_grow.toml
[02May2025 20:51:15.198] [Thread-3/DEBUG] [net.minecraftforge.fml.config.ConfigFileTypeHandler/CONFIG]: Config file ars_nouveau/glyph_heal.toml changed, sending notifies
[02May2025 20:51:15.199] [Server thread/DEBUG] [net.minecraftforge.fml.config.ConfigFileTypeHandler/CONFIG]: Loaded TOML config file /workspaces/minecraftrpg/servidor_minecraft/config/ars_nouveau/glyph_grow.toml
[02May2025 20:51:15.200] [Server thread/DEBUG] [net.minecraftforge.fml.config.ConfigFileTypeHandler/CONFIG]: Watching TOML config file /workspaces/minecraftrpg/servidor_minecraft/config/ars_nouveau/glyph_grow.toml for changes
[02May2025 20:51:15.201] [Server thread/DEBUG] [net.minecraftforge.fml.config.ConfigFileTypeHandler/CONFIG]: Built TOML config for /workspaces/minecraftrpg/servidor_minecraft/config/ars_nouveau/glyph_gust.toml
[02May2025 20:51:15.201] [Server thread/DEBUG] [net.minecraftforge.fml.config.ConfigFileTypeHandler/CONFIG]: Loaded TOML config file /workspaces/minecraftrpg/servidor_minecraft/config/ars_nouveau/glyph_gust.toml
[02May2025 20:51:15.202] [Server thread/DEBUG] [net.minecraftforge.fml.config.ConfigFileTypeHandler/CONFIG]: Watching TOML config file /workspaces/minecraftrpg/servidor_minecraft/config/ars_nouveau/glyph_gust.toml for changes
[02May2025 20:51:15.202] [Thread-3/DEBUG] [net.minecraftforge.fml.config.ConfigFileTypeHandler/CONFIG]: Config file ars_nouveau/glyph_gust.toml changed, sending notifies
[02May2025 20:51:15.203] [Server thread/DEBUG] [net.minecraftforge.fml.config.ConfigFileTypeHandler/CONFIG]: Built TOML config for /workspaces/minecraftrpg/servidor_minecraft/config/ars_nouveau/glyph_light.toml
[02May2025 20:51:15.203] [Thread-3/DEBUG] [net.minecraftforge.fml.config.ConfigFileTypeHandler/CONFIG]: Config file ars_nouveau/glyph_gust.toml changed, sending notifies
[02May2025 20:51:15.204] [Server thread/DEBUG] [net.minecraftforge.fml.config.ConfigFileTypeHandler/CONFIG]: Loaded TOML config file /workspaces/minecraftrpg/servidor_minecraft/config/ars_nouveau/glyph_light.toml
[02May2025 20:51:15.205] [Server thread/DEBUG] [net.minecraftforge.fml.config.ConfigFileTypeHandler/CONFIG]: Watching TOML config file /workspaces/minecraftrpg/servidor_minecraft/config/ars_nouveau/glyph_light.toml for changes
[02May2025 20:51:15.205] [Server thread/DEBUG] [net.minecraftforge.fml.config.ConfigFileTypeHandler/CONFIG]: Built TOML config for /workspaces/minecraftrpg/servidor_minecraft/config/ars_nouveau/glyph_dispel.toml
[02May2025 20:51:15.206] [Server thread/DEBUG] [net.minecraftforge.fml.config.ConfigFileTypeHandler/CONFIG]: Loaded TOML config file /workspaces/minecraftrpg/servidor_minecraft/config/ars_nouveau/glyph_dispel.toml
[02May2025 20:51:15.206] [Server thread/DEBUG] [net.minecraftforge.fml.config.ConfigFileTypeHandler/CONFIG]: Watching TOML config file /workspaces/minecraftrpg/servidor_minecraft/config/ars_nouveau/glyph_dispel.toml for changes
[02May2025 20:51:15.206] [Thread-3/DEBUG] [net.minecraftforge.fml.config.ConfigFileTypeHandler/CONFIG]: Config file ars_nouveau/glyph_light.toml changed, sending notifies
[02May2025 20:51:15.207] [Thread-3/DEBUG] [net.minecraftforge.fml.config.ConfigFileTypeHandler/CONFIG]: Config file ars_nouveau/glyph_light.toml changed, sending notifies
[02May2025 20:51:15.207] [Server thread/DEBUG] [net.minecraftforge.fml.config.ConfigFileTypeHandler/CONFIG]: Built TOML config for /workspaces/minecraftrpg/servidor_minecraft/config/ars_nouveau/glyph_launch.toml
[02May2025 20:51:15.209] [Server thread/DEBUG] [net.minecraftforge.fml.config.ConfigFileTypeHandler/CONFIG]: Loaded TOML config file /workspaces/minecraftrpg/servidor_minecraft/config/ars_nouveau/glyph_launch.toml
[02May2025 20:51:15.210] [Server thread/DEBUG] [net.minecraftforge.fml.config.ConfigFileTypeHandler/CONFIG]: Watching TOML config file /workspaces/minecraftrpg/servidor_minecraft/config/ars_nouveau/glyph_launch.toml for changes
[02May2025 20:51:15.210] [Server thread/DEBUG] [net.minecraftforge.fml.config.ConfigFileTypeHandler/CONFIG]: Built TOML config for /workspaces/minecraftrpg/servidor_minecraft/config/ars_nouveau/glyph_pull.toml
[02May2025 20:51:15.213] [Server thread/DEBUG] [net.minecraftforge.fml.config.ConfigFileTypeHandler/CONFIG]: Loaded TOML config file /workspaces/minecraftrpg/servidor_minecraft/config/ars_nouveau/glyph_pull.toml
[02May2025 20:51:15.213] [Thread-3/DEBUG] [net.minecraftforge.fml.config.ConfigFileTypeHandler/CONFIG]: Config file ars_nouveau/glyph_launch.toml changed, sending notifies
[02May2025 20:51:15.214] [Server thread/DEBUG] [net.minecraftforge.fml.config.ConfigFileTypeHandler/CONFIG]: Watching TOML config file /workspaces/minecraftrpg/servidor_minecraft/config/ars_nouveau/glyph_pull.toml for changes
[02May2025 20:51:15.214] [Server thread/DEBUG] [net.minecraftforge.fml.config.ConfigFileTypeHandler/CONFIG]: Built TOML config for /workspaces/minecraftrpg/servidor_minecraft/config/ars_nouveau/glyph_blink.toml
[02May2025 20:51:15.215] [Server thread/DEBUG] [net.minecraftforge.fml.config.ConfigFileTypeHandler/CONFIG]: Loaded TOML config file /workspaces/minecraftrpg/servidor_minecraft/config/ars_nouveau/glyph_blink.toml
[02May2025 20:51:15.215] [Thread-3/DEBUG] [net.minecraftforge.fml.config.ConfigFileTypeHandler/CONFIG]: Config file ars_nouveau/glyph_pull.toml changed, sending notifies
[02May2025 20:51:15.215] [Server thread/DEBUG] [net.minecraftforge.fml.config.ConfigFileTypeHandler/CONFIG]: Watching TOML config file /workspaces/minecraftrpg/servidor_minecraft/config/ars_nouveau/glyph_blink.toml for changes
[02May2025 20:51:15.216] [Thread-3/DEBUG] [net.minecraftforge.fml.config.ConfigFileTypeHandler/CONFIG]: Config file ars_nouveau/glyph_pull.toml changed, sending notifies
[02May2025 20:51:15.216] [Server thread/DEBUG] [net.minecraftforge.fml.config.ConfigFileTypeHandler/CONFIG]: Built TOML config for ./world/serverconfig/paraglider-server.toml
[02May2025 20:51:15.218] [Server thread/DEBUG] [net.minecraftforge.fml.config.ConfigFileTypeHandler/CONFIG]: Loaded TOML config file ./world/serverconfig/paraglider-server.toml
[02May2025 20:51:15.218] [Server thread/DEBUG] [net.minecraftforge.fml.config.ConfigFileTypeHandler/CONFIG]: Watching TOML config file ./world/serverconfig/paraglider-server.toml for changes
[02May2025 20:51:15.224] [Thread-3/DEBUG] [net.minecraftforge.fml.config.ConfigFileTypeHandler/CONFIG]: Config file paraglider-server.toml changed, sending notifies
[02May2025 20:51:15.224] [Server thread/DEBUG] [net.minecraftforge.fml.config.ConfigFileTypeHandler/CONFIG]: Built TOML config for /workspaces/minecraftrpg/servidor_minecraft/config/ars_nouveau/glyph_explosion.toml
[02May2025 20:51:15.229] [Server thread/DEBUG] [net.minecraftforge.fml.config.ConfigFileTypeHandler/CONFIG]: Loaded TOML config file /workspaces/minecraftrpg/servidor_minecraft/config/ars_nouveau/glyph_explosion.toml
[02May2025 20:51:15.229] [Server thread/DEBUG] [net.minecraftforge.fml.config.ConfigFileTypeHandler/CONFIG]: Watching TOML config file /workspaces/minecraftrpg/servidor_minecraft/config/ars_nouveau/glyph_explosion.toml for changes
[02May2025 20:51:15.230] [Server thread/DEBUG] [net.minecraftforge.fml.config.ConfigFileTypeHandler/CONFIG]: Built TOML config for /workspaces/minecraftrpg/servidor_minecraft/config/ars_nouveau/glyph_lightning.toml
[02May2025 20:51:15.231] [Server thread/DEBUG] [net.minecraftforge.fml.config.ConfigFileTypeHandler/CONFIG]: Loaded TOML config file /workspaces/minecraftrpg/servidor_minecraft/config/ars_nouveau/glyph_lightning.toml
[02May2025 20:51:15.231] [Thread-3/DEBUG] [net.minecraftforge.fml.config.ConfigFileTypeHandler/CONFIG]: Config file paraglider-server.toml changed, sending notifies
[02May2025 20:51:15.233] [Server thread/DEBUG] [net.minecraftforge.fml.config.ConfigFileTypeHandler/CONFIG]: Watching TOML config file /workspaces/minecraftrpg/servidor_minecraft/config/ars_nouveau/glyph_lightning.toml for changes
[02May2025 20:51:15.233] [Thread-3/DEBUG] [net.minecraftforge.fml.config.ConfigFileTypeHandler/CONFIG]: Config file ars_nouveau/glyph_explosion.toml changed, sending notifies
[02May2025 20:51:15.233] [Server thread/DEBUG] [net.minecraftforge.fml.config.ConfigFileTypeHandler/CONFIG]: Built TOML config for /workspaces/minecraftrpg/servidor_minecraft/config/ars_nouveau/glyph_slowfall.toml
[02May2025 20:51:15.234] [Server thread/DEBUG] [net.minecraftforge.fml.config.ConfigFileTypeHandler/CONFIG]: Loaded TOML config file /workspaces/minecraftrpg/servidor_minecraft/config/ars_nouveau/glyph_slowfall.toml
[02May2025 20:51:15.234] [Thread-3/DEBUG] [net.minecraftforge.fml.config.ConfigFileTypeHandler/CONFIG]: Config file ars_nouveau/glyph_lightning.toml changed, sending notifies
[02May2025 20:51:15.234] [Server thread/DEBUG] [net.minecraftforge.fml.config.ConfigFileTypeHandler/CONFIG]: Watching TOML config file /workspaces/minecraftrpg/servidor_minecraft/config/ars_nouveau/glyph_slowfall.toml for changes
[02May2025 20:51:15.235] [Server thread/DEBUG] [net.minecraftforge.fml.config.ConfigFileTypeHandler/CONFIG]: Built TOML config for /workspaces/minecraftrpg/servidor_minecraft/config/ars_nouveau/glyph_fangs.toml
[02May2025 20:51:15.236] [Server thread/DEBUG] [net.minecraftforge.fml.config.ConfigFileTypeHandler/CONFIG]: Loaded TOML config file /workspaces/minecraftrpg/servidor_minecraft/config/ars_nouveau/glyph_fangs.toml
[02May2025 20:51:15.236] [Server thread/DEBUG] [net.minecraftforge.fml.config.ConfigFileTypeHandler/CONFIG]: Watching TOML config file /workspaces/minecraftrpg/servidor_minecraft/config/ars_nouveau/glyph_fangs.toml for changes
[02May2025 20:51:15.239] [Server thread/DEBUG] [net.minecraftforge.fml.config.ConfigFileTypeHandler/CONFIG]: Built TOML config for /workspaces/minecraftrpg/servidor_minecraft/config/ars_nouveau/glyph_summon_vex.toml
[02May2025 20:51:15.240] [Server thread/DEBUG] [net.minecraftforge.fml.config.ConfigFileTypeHandler/CONFIG]: Loaded TOML config file /workspaces/minecraftrpg/servidor_minecraft/config/ars_nouveau/glyph_summon_vex.toml
[02May2025 20:51:15.240] [Server thread/DEBUG] [net.minecraftforge.fml.config.ConfigFileTypeHandler/CONFIG]: Watching TOML config file /workspaces/minecraftrpg/servidor_minecraft/config/ars_nouveau/glyph_summon_vex.toml for changes
[02May2025 20:51:15.240] [Thread-3/DEBUG] [net.minecraftforge.fml.config.ConfigFileTypeHandler/CONFIG]: Config file ars_nouveau/glyph_fangs.toml changed, sending notifies
[02May2025 20:51:15.240] [Server thread/DEBUG] [net.minecraftforge.fml.config.ConfigFileTypeHandler/CONFIG]: Built TOML config for /workspaces/minecraftrpg/servidor_minecraft/config/ars_nouveau/glyph_accelerate.toml
[02May2025 20:51:15.242] [Server thread/DEBUG] [net.minecraftforge.fml.config.ConfigFileTypeHandler/CONFIG]: Loaded TOML config file /workspaces/minecraftrpg/servidor_minecraft/config/ars_nouveau/glyph_accelerate.toml
[02May2025 20:51:15.242] [Server thread/DEBUG] [net.minecraftforge.fml.config.ConfigFileTypeHandler/CONFIG]: Watching TOML config file /workspaces/minecraftrpg/servidor_minecraft/config/ars_nouveau/glyph_accelerate.toml for changes
[02May2025 20:51:15.243] [Thread-3/DEBUG] [net.minecraftforge.fml.config.ConfigFileTypeHandler/CONFIG]: Config file ars_nouveau/glyph_accelerate.toml changed, sending notifies
[02May2025 20:51:15.243] [Server thread/DEBUG] [net.minecraftforge.fml.config.ConfigFileTypeHandler/CONFIG]: Built TOML config for /workspaces/minecraftrpg/servidor_minecraft/config/ars_nouveau/glyph_decelerate.toml
[02May2025 20:51:15.244] [Server thread/DEBUG] [net.minecraftforge.fml.config.ConfigFileTypeHandler/CONFIG]: Loaded TOML config file /workspaces/minecraftrpg/servidor_minecraft/config/ars_nouveau/glyph_decelerate.toml
[02May2025 20:51:15.244] [Thread-3/DEBUG] [net.minecraftforge.fml.config.ConfigFileTypeHandler/CONFIG]: Config file ars_nouveau/glyph_accelerate.toml changed, sending notifies
[02May2025 20:51:15.244] [Server thread/DEBUG] [net.minecraftforge.fml.config.ConfigFileTypeHandler/CONFIG]: Watching TOML config file /workspaces/minecraftrpg/servidor_minecraft/config/ars_nouveau/glyph_decelerate.toml for changes
[02May2025 20:51:15.246] [Server thread/DEBUG] [net.minecraftforge.fml.config.ConfigFileTypeHandler/CONFIG]: Built TOML config for /workspaces/minecraftrpg/servidor_minecraft/config/ars_nouveau/glyph_split.toml
[02May2025 20:51:15.247] [Server thread/DEBUG] [net.minecraftforge.fml.config.ConfigFileTypeHandler/CONFIG]: Loaded TOML config file /workspaces/minecraftrpg/servidor_minecraft/config/ars_nouveau/glyph_split.toml
[02May2025 20:51:15.247] [Server thread/DEBUG] [net.minecraftforge.fml.config.ConfigFileTypeHandler/CONFIG]: Watching TOML config file /workspaces/minecraftrpg/servidor_minecraft/config/ars_nouveau/glyph_split.toml for changes
[02May2025 20:51:15.248] [Thread-3/DEBUG] [net.minecraftforge.fml.config.ConfigFileTypeHandler/CONFIG]: Config file ars_nouveau/glyph_decelerate.toml changed, sending notifies
[02May2025 20:51:15.249] [Server thread/DEBUG] [net.minecraftforge.fml.config.ConfigFileTypeHandler/CONFIG]: Built TOML config for /workspaces/minecraftrpg/servidor_minecraft/config/ars_nouveau/glyph_amplify.toml
[02May2025 20:51:15.249] [Server thread/DEBUG] [net.minecraftforge.fml.config.ConfigFileTypeHandler/CONFIG]: Loaded TOML config file /workspaces/minecraftrpg/servidor_minecraft/config/ars_nouveau/glyph_amplify.toml
[02May2025 20:51:15.249] [Server thread/DEBUG] [net.minecraftforge.fml.config.ConfigFileTypeHandler/CONFIG]: Watching TOML config file /workspaces/minecraftrpg/servidor_minecraft/config/ars_nouveau/glyph_amplify.toml for changes
[02May2025 20:51:15.249] [Thread-3/DEBUG] [net.minecraftforge.fml.config.ConfigFileTypeHandler/CONFIG]: Config file ars_nouveau/glyph_amplify.toml changed, sending notifies
[02May2025 20:51:15.249] [Server thread/DEBUG] [net.minecraftforge.fml.config.ConfigFileTypeHandler/CONFIG]: Built TOML config for /workspaces/minecraftrpg/servidor_minecraft/config/ars_nouveau/glyph_aoe.toml
[02May2025 20:51:15.252] [Server thread/DEBUG] [net.minecraftforge.fml.config.ConfigFileTypeHandler/CONFIG]: Loaded TOML config file /workspaces/minecraftrpg/servidor_minecraft/config/ars_nouveau/glyph_aoe.toml
[02May2025 20:51:15.252] [Server thread/DEBUG] [net.minecraftforge.fml.config.ConfigFileTypeHandler/CONFIG]: Watching TOML config file /workspaces/minecraftrpg/servidor_minecraft/config/ars_nouveau/glyph_aoe.toml for changes
[02May2025 20:51:15.253] [Server thread/DEBUG] [net.minecraftforge.fml.config.ConfigFileTypeHandler/CONFIG]: Built TOML config for /workspaces/minecraftrpg/servidor_minecraft/config/ars_nouveau/glyph_extend_time.toml
[02May2025 20:51:15.250] [Thread-3/DEBUG] [net.minecraftforge.fml.config.ConfigFileTypeHandler/CONFIG]: Config file ars_nouveau/glyph_amplify.toml changed, sending notifies
[02May2025 20:51:15.253] [Server thread/DEBUG] [net.minecraftforge.fml.config.ConfigFileTypeHandler/CONFIG]: Loaded TOML config file /workspaces/minecraftrpg/servidor_minecraft/config/ars_nouveau/glyph_extend_time.toml
[02May2025 20:51:15.253] [Server thread/DEBUG] [net.minecraftforge.fml.config.ConfigFileTypeHandler/CONFIG]: Watching TOML config file /workspaces/minecraftrpg/servidor_minecraft/config/ars_nouveau/glyph_extend_time.toml for changes
[02May2025 20:51:15.253] [Server thread/DEBUG] [net.minecraftforge.fml.config.ConfigFileTypeHandler/CONFIG]: Built TOML config for /workspaces/minecraftrpg/servidor_minecraft/config/ars_nouveau/glyph_pierce.toml
[02May2025 20:51:15.254] [Server thread/DEBUG] [net.minecraftforge.fml.config.ConfigFileTypeHandler/CONFIG]: Loaded TOML config file /workspaces/minecraftrpg/servidor_minecraft/config/ars_nouveau/glyph_pierce.toml
[02May2025 20:51:15.254] [Server thread/DEBUG] [net.minecraftforge.fml.config.ConfigFileTypeHandler/CONFIG]: Watching TOML config file /workspaces/minecraftrpg/servidor_minecraft/config/ars_nouveau/glyph_pierce.toml for changes
[02May2025 20:51:15.254] [Server thread/DEBUG] [net.minecraftforge.fml.config.ConfigFileTypeHandler/CONFIG]: Built TOML config for /workspaces/minecraftrpg/servidor_minecraft/config/ars_nouveau/glyph_dampen.toml
[02May2025 20:51:15.254] [Server thread/DEBUG] [net.minecraftforge.fml.config.ConfigFileTypeHandler/CONFIG]: Loaded TOML config file /workspaces/minecraftrpg/servidor_minecraft/config/ars_nouveau/glyph_dampen.toml
[02May2025 20:51:15.259] [Server thread/DEBUG] [net.minecraftforge.fml.config.ConfigFileTypeHandler/CONFIG]: Watching TOML config file /workspaces/minecraftrpg/servidor_minecraft/config/ars_nouveau/glyph_dampen.toml for changes
[02May2025 20:51:15.260] [Server thread/DEBUG] [net.minecraftforge.fml.config.ConfigFileTypeHandler/CONFIG]: Built TOML config for /workspaces/minecraftrpg/servidor_minecraft/config/ars_nouveau/glyph_extract.toml
[02May2025 20:51:15.260] [Server thread/DEBUG] [net.minecraftforge.fml.config.ConfigFileTypeHandler/CONFIG]: Loaded TOML config file /workspaces/minecraftrpg/servidor_minecraft/config/ars_nouveau/glyph_extract.toml
[02May2025 20:51:15.260] [Thread-3/DEBUG] [net.minecraftforge.fml.config.ConfigFileTypeHandler/CONFIG]: Config file ars_nouveau/glyph_dampen.toml changed, sending notifies
[02May2025 20:51:15.260] [Server thread/DEBUG] [net.minecraftforge.fml.config.ConfigFileTypeHandler/CONFIG]: Watching TOML config file /workspaces/minecraftrpg/servidor_minecraft/config/ars_nouveau/glyph_extract.toml for changes
[02May2025 20:51:15.261] [Server thread/DEBUG] [net.minecraftforge.fml.config.ConfigFileTypeHandler/CONFIG]: Built TOML config for /workspaces/minecraftrpg/servidor_minecraft/config/ars_nouveau/glyph_fortune.toml
[02May2025 20:51:15.263] [Server thread/DEBUG] [net.minecraftforge.fml.config.ConfigFileTypeHandler/CONFIG]: Loaded TOML config file /workspaces/minecraftrpg/servidor_minecraft/config/ars_nouveau/glyph_fortune.toml
[02May2025 20:51:15.263] [Server thread/DEBUG] [net.minecraftforge.fml.config.ConfigFileTypeHandler/CONFIG]: Watching TOML config file /workspaces/minecraftrpg/servidor_minecraft/config/ars_nouveau/glyph_fortune.toml for changes
[02May2025 20:51:15.264] [Server thread/DEBUG] [net.minecraftforge.fml.config.ConfigFileTypeHandler/CONFIG]: Built TOML config for /workspaces/minecraftrpg/servidor_minecraft/config/ars_nouveau/glyph_ender_inventory.toml
[02May2025 20:51:15.264] [Server thread/DEBUG] [net.minecraftforge.fml.config.ConfigFileTypeHandler/CONFIG]: Loaded TOML config file /workspaces/minecraftrpg/servidor_minecraft/config/ars_nouveau/glyph_ender_inventory.toml
[02May2025 20:51:15.264] [Server thread/DEBUG] [net.minecraftforge.fml.config.ConfigFileTypeHandler/CONFIG]: Watching TOML config file /workspaces/minecraftrpg/servidor_minecraft/config/ars_nouveau/glyph_ender_inventory.toml for changes
[02May2025 20:51:15.264] [Thread-3/DEBUG] [net.minecraftforge.fml.config.ConfigFileTypeHandler/CONFIG]: Config file ars_nouveau/glyph_ender_inventory.toml changed, sending notifies
[02May2025 20:51:15.265] [Server thread/DEBUG] [net.minecraftforge.fml.config.ConfigFileTypeHandler/CONFIG]: Built TOML config for /workspaces/minecraftrpg/servidor_minecraft/config/ars_nouveau/glyph_harvest.toml
[02May2025 20:51:15.265] [Thread-3/DEBUG] [net.minecraftforge.fml.config.ConfigFileTypeHandler/CONFIG]: Config file ars_nouveau/glyph_ender_inventory.toml changed, sending notifies
[02May2025 20:51:15.265] [Server thread/DEBUG] [net.minecraftforge.fml.config.ConfigFileTypeHandler/CONFIG]: Loaded TOML config file /workspaces/minecraftrpg/servidor_minecraft/config/ars_nouveau/glyph_harvest.toml
[02May2025 20:51:15.265] [Server thread/DEBUG] [net.minecraftforge.fml.config.ConfigFileTypeHandler/CONFIG]: Watching TOML config file /workspaces/minecraftrpg/servidor_minecraft/config/ars_nouveau/glyph_harvest.toml for changes
[02May2025 20:51:15.265] [Thread-3/DEBUG] [net.minecraftforge.fml.config.ConfigFileTypeHandler/CONFIG]: Config file ars_nouveau/glyph_harvest.toml changed, sending notifies
[02May2025 20:51:15.266] [Server thread/DEBUG] [net.minecraftforge.fml.config.ConfigFileTypeHandler/CONFIG]: Built TOML config for /workspaces/minecraftrpg/servidor_minecraft/config/ars_nouveau/glyph_fell.toml
[02May2025 20:51:15.268] [Server thread/DEBUG] [net.minecraftforge.fml.config.ConfigFileTypeHandler/CONFIG]: Loaded TOML config file /workspaces/minecraftrpg/servidor_minecraft/config/ars_nouveau/glyph_fell.toml
[02May2025 20:51:15.268] [Server thread/DEBUG] [net.minecraftforge.fml.config.ConfigFileTypeHandler/CONFIG]: Watching TOML config file /workspaces/minecraftrpg/servidor_minecraft/config/ars_nouveau/glyph_fell.toml for changes
[02May2025 20:51:15.269] [Server thread/DEBUG] [net.minecraftforge.fml.config.ConfigFileTypeHandler/CONFIG]: Built TOML config for /workspaces/minecraftrpg/servidor_minecraft/config/ars_nouveau/glyph_pickup.toml
[02May2025 20:51:15.269] [Server thread/DEBUG] [net.minecraftforge.fml.config.ConfigFileTypeHandler/CONFIG]: Loaded TOML config file /workspaces/minecraftrpg/servidor_minecraft/config/ars_nouveau/glyph_pickup.toml
[02May2025 20:51:15.269] [Server thread/DEBUG] [net.minecraftforge.fml.config.ConfigFileTypeHandler/CONFIG]: Watching TOML config file /workspaces/minecraftrpg/servidor_minecraft/config/ars_nouveau/glyph_pickup.toml for changes
[02May2025 20:51:15.270] [Server thread/DEBUG] [net.minecraftforge.fml.config.ConfigFileTypeHandler/CONFIG]: Built TOML config for /workspaces/minecraftrpg/servidor_minecraft/config/ars_nouveau/glyph_interact.toml
[02May2025 20:51:15.266] [Thread-3/DEBUG] [net.minecraftforge.fml.config.ConfigFileTypeHandler/CONFIG]: Config file ars_nouveau/glyph_harvest.toml changed, sending notifies
[02May2025 20:51:15.270] [Server thread/DEBUG] [net.minecraftforge.fml.config.ConfigFileTypeHandler/CONFIG]: Loaded TOML config file /workspaces/minecraftrpg/servidor_minecraft/config/ars_nouveau/glyph_interact.toml
[02May2025 20:51:15.270] [Server thread/DEBUG] [net.minecraftforge.fml.config.ConfigFileTypeHandler/CONFIG]: Watching TOML config file /workspaces/minecraftrpg/servidor_minecraft/config/ars_nouveau/glyph_interact.toml for changes
[02May2025 20:51:15.271] [Thread-3/DEBUG] [net.minecraftforge.fml.config.ConfigFileTypeHandler/CONFIG]: Config file ars_nouveau/glyph_interact.toml changed, sending notifies
[02May2025 20:51:15.271] [Server thread/DEBUG] [net.minecraftforge.fml.config.ConfigFileTypeHandler/CONFIG]: Built TOML config for /workspaces/minecraftrpg/servidor_minecraft/config/ars_nouveau/glyph_place_block.toml
[02May2025 20:51:15.273] [Server thread/DEBUG] [net.minecraftforge.fml.config.ConfigFileTypeHandler/CONFIG]: Loaded TOML config file /workspaces/minecraftrpg/servidor_minecraft/config/ars_nouveau/glyph_place_block.toml
[02May2025 20:51:15.273] [Server thread/DEBUG] [net.minecraftforge.fml.config.ConfigFileTypeHandler/CONFIG]: Watching TOML config file /workspaces/minecraftrpg/servidor_minecraft/config/ars_nouveau/glyph_place_block.toml for changes
[02May2025 20:51:15.271] [Thread-3/DEBUG] [net.minecraftforge.fml.config.ConfigFileTypeHandler/CONFIG]: Config file ars_nouveau/glyph_interact.toml changed, sending notifies
[02May2025 20:51:15.274] [Server thread/DEBUG] [net.minecraftforge.fml.config.ConfigFileTypeHandler/CONFIG]: Built TOML config for /workspaces/minecraftrpg/servidor_minecraft/config/ars_nouveau/glyph_snare.toml
[02May2025 20:51:15.274] [Server thread/DEBUG] [net.minecraftforge.fml.config.ConfigFileTypeHandler/CONFIG]: Loaded TOML config file /workspaces/minecraftrpg/servidor_minecraft/config/ars_nouveau/glyph_snare.toml
[02May2025 20:51:15.274] [Server thread/DEBUG] [net.minecraftforge.fml.config.ConfigFileTypeHandler/CONFIG]: Watching TOML config file /workspaces/minecraftrpg/servidor_minecraft/config/ars_nouveau/glyph_snare.toml for changes
[02May2025 20:51:15.275] [Server thread/DEBUG] [net.minecraftforge.fml.config.ConfigFileTypeHandler/CONFIG]: Built TOML config for /workspaces/minecraftrpg/servidor_minecraft/config/ars_nouveau/glyph_smelt.toml
[02May2025 20:51:15.275] [Server thread/DEBUG] [net.minecraftforge.fml.config.ConfigFileTypeHandler/CONFIG]: Loaded TOML config file /workspaces/minecraftrpg/servidor_minecraft/config/ars_nouveau/glyph_smelt.toml
[02May2025 20:51:15.275] [Server thread/DEBUG] [net.minecraftforge.fml.config.ConfigFileTypeHandler/CONFIG]: Watching TOML config file /workspaces/minecraftrpg/servidor_minecraft/config/ars_nouveau/glyph_smelt.toml for changes
[02May2025 20:51:15.275] [Thread-3/DEBUG] [net.minecraftforge.fml.config.ConfigFileTypeHandler/CONFIG]: Config file ars_nouveau/glyph_smelt.toml changed, sending notifies
[02May2025 20:51:15.276] [Server thread/DEBUG] [net.minecraftforge.fml.config.ConfigFileTypeHandler/CONFIG]: Built TOML config for /workspaces/minecraftrpg/servidor_minecraft/config/ars_nouveau/glyph_leap.toml
[02May2025 20:51:15.277] [Server thread/DEBUG] [net.minecraftforge.fml.config.ConfigFileTypeHandler/CONFIG]: Loaded TOML config file /workspaces/minecraftrpg/servidor_minecraft/config/ars_nouveau/glyph_leap.toml
[02May2025 20:51:15.278] [Server thread/DEBUG] [net.minecraftforge.fml.config.ConfigFileTypeHandler/CONFIG]: Watching TOML config file /workspaces/minecraftrpg/servidor_minecraft/config/ars_nouveau/glyph_leap.toml for changes
[02May2025 20:51:15.278] [Server thread/DEBUG] [net.minecraftforge.fml.config.ConfigFileTypeHandler/CONFIG]: Built TOML config for /workspaces/minecraftrpg/servidor_minecraft/config/ars_nouveau/glyph_delay.toml
[02May2025 20:51:15.279] [Server thread/DEBUG] [net.minecraftforge.fml.config.ConfigFileTypeHandler/CONFIG]: Loaded TOML config file /workspaces/minecraftrpg/servidor_minecraft/config/ars_nouveau/glyph_delay.toml
[02May2025 20:51:15.281] [Server thread/DEBUG] [net.minecraftforge.fml.config.ConfigFileTypeHandler/CONFIG]: Watching TOML config file /workspaces/minecraftrpg/servidor_minecraft/config/ars_nouveau/glyph_delay.toml for changes
[02May2025 20:51:15.276] [Thread-3/DEBUG] [net.minecraftforge.fml.config.ConfigFileTypeHandler/CONFIG]: Config file ars_nouveau/glyph_smelt.toml changed, sending notifies
[02May2025 20:51:15.281] [Server thread/DEBUG] [net.minecraftforge.fml.config.ConfigFileTypeHandler/CONFIG]: Built TOML config for /workspaces/minecraftrpg/servidor_minecraft/config/ars_nouveau/glyph_redstone_signal.toml
[02May2025 20:51:15.282] [Server thread/DEBUG] [net.minecraftforge.fml.config.ConfigFileTypeHandler/CONFIG]: Loaded TOML config file /workspaces/minecraftrpg/servidor_minecraft/config/ars_nouveau/glyph_redstone_signal.toml
[02May2025 20:51:15.282] [Server thread/DEBUG] [net.minecraftforge.fml.config.ConfigFileTypeHandler/CONFIG]: Watching TOML config file /workspaces/minecraftrpg/servidor_minecraft/config/ars_nouveau/glyph_redstone_signal.toml for changes
[02May2025 20:51:15.282] [Thread-3/DEBUG] [net.minecraftforge.fml.config.ConfigFileTypeHandler/CONFIG]: Config file ars_nouveau/glyph_delay.toml changed, sending notifies
[02May2025 20:51:15.282] [Server thread/DEBUG] [net.minecraftforge.fml.config.ConfigFileTypeHandler/CONFIG]: Built TOML config for /workspaces/minecraftrpg/servidor_minecraft/config/ars_nouveau/glyph_intangible.toml
[02May2025 20:51:15.283] [Thread-3/DEBUG] [net.minecraftforge.fml.config.ConfigFileTypeHandler/CONFIG]: Config file ars_nouveau/glyph_redstone_signal.toml changed, sending notifies
[02May2025 20:51:15.283] [Server thread/DEBUG] [net.minecraftforge.fml.config.ConfigFileTypeHandler/CONFIG]: Loaded TOML config file /workspaces/minecraftrpg/servidor_minecraft/config/ars_nouveau/glyph_intangible.toml
[02May2025 20:51:15.283] [Server thread/DEBUG] [net.minecraftforge.fml.config.ConfigFileTypeHandler/CONFIG]: Watching TOML config file /workspaces/minecraftrpg/servidor_minecraft/config/ars_nouveau/glyph_intangible.toml for changes
[02May2025 20:51:15.283] [Server thread/DEBUG] [net.minecraftforge.fml.config.ConfigFileTypeHandler/CONFIG]: Built TOML config for /workspaces/minecraftrpg/servidor_minecraft/config/ars_nouveau/glyph_invisibility.toml
[02May2025 20:51:15.284] [Thread-3/DEBUG] [net.minecraftforge.fml.config.ConfigFileTypeHandler/CONFIG]: Config file ars_nouveau/glyph_redstone_signal.toml changed, sending notifies
[02May2025 20:51:15.284] [Server thread/DEBUG] [net.minecraftforge.fml.config.ConfigFileTypeHandler/CONFIG]: Loaded TOML config file /workspaces/minecraftrpg/servidor_minecraft/config/ars_nouveau/glyph_invisibility.toml
[02May2025 20:51:15.290] [Server thread/DEBUG] [net.minecraftforge.fml.config.ConfigFileTypeHandler/CONFIG]: Watching TOML config file /workspaces/minecraftrpg/servidor_minecraft/config/ars_nouveau/glyph_invisibility.toml for changes
[02May2025 20:51:15.290] [Server thread/DEBUG] [net.minecraftforge.fml.config.ConfigFileTypeHandler/CONFIG]: Built TOML config for /workspaces/minecraftrpg/servidor_minecraft/config/ars_nouveau/glyph_duration_down.toml
[02May2025 20:51:15.290] [Server thread/DEBUG] [net.minecraftforge.fml.config.ConfigFileTypeHandler/CONFIG]: Loaded TOML config file /workspaces/minecraftrpg/servidor_minecraft/config/ars_nouveau/glyph_duration_down.toml
[02May2025 20:51:15.291] [Thread-3/DEBUG] [net.minecraftforge.fml.config.ConfigFileTypeHandler/CONFIG]: Config file ars_nouveau/glyph_invisibility.toml changed, sending notifies
[02May2025 20:51:15.292] [Server thread/DEBUG] [net.minecraftforge.fml.config.ConfigFileTypeHandler/CONFIG]: Watching TOML config file /workspaces/minecraftrpg/servidor_minecraft/config/ars_nouveau/glyph_duration_down.toml for changes
[02May2025 20:51:15.292] [Thread-3/DEBUG] [net.minecraftforge.fml.config.ConfigFileTypeHandler/CONFIG]: Config file ars_nouveau/glyph_duration_down.toml changed, sending notifies
[02May2025 20:51:15.298] [Server thread/DEBUG] [net.minecraftforge.fml.config.ConfigFileTypeHandler/CONFIG]: Built TOML config for /workspaces/minecraftrpg/servidor_minecraft/config/ars_nouveau/glyph_wither.toml
[02May2025 20:51:15.299] [Server thread/DEBUG] [net.minecraftforge.fml.config.ConfigFileTypeHandler/CONFIG]: Loaded TOML config file /workspaces/minecraftrpg/servidor_minecraft/config/ars_nouveau/glyph_wither.toml
[02May2025 20:51:15.299] [Server thread/DEBUG] [net.minecraftforge.fml.config.ConfigFileTypeHandler/CONFIG]: Watching TOML config file /workspaces/minecraftrpg/servidor_minecraft/config/ars_nouveau/glyph_wither.toml for changes
[02May2025 20:51:15.299] [Thread-3/DEBUG] [net.minecraftforge.fml.config.ConfigFileTypeHandler/CONFIG]: Config file ars_nouveau/glyph_duration_down.toml changed, sending notifies
[02May2025 20:51:15.299] [Thread-3/DEBUG] [net.minecraftforge.fml.config.ConfigFileTypeHandler/CONFIG]: Config file ars_nouveau/glyph_wither.toml changed, sending notifies
[02May2025 20:51:15.299] [Server thread/DEBUG] [net.minecraftforge.fml.config.ConfigFileTypeHandler/CONFIG]: Built TOML config for /workspaces/minecraftrpg/servidor_minecraft/config/ars_nouveau/glyph_exchange.toml
[02May2025 20:51:15.300] [Server thread/DEBUG] [net.minecraftforge.fml.config.ConfigFileTypeHandler/CONFIG]: Loaded TOML config file /workspaces/minecraftrpg/servidor_minecraft/config/ars_nouveau/glyph_exchange.toml
[02May2025 20:51:15.300] [Thread-3/DEBUG] [net.minecraftforge.fml.config.ConfigFileTypeHandler/CONFIG]: Config file ars_nouveau/glyph_wither.toml changed, sending notifies
[02May2025 20:51:15.300] [Server thread/DEBUG] [net.minecraftforge.fml.config.ConfigFileTypeHandler/CONFIG]: Watching TOML config file /workspaces/minecraftrpg/servidor_minecraft/config/ars_nouveau/glyph_exchange.toml for changes
[02May2025 20:51:15.300] [Server thread/DEBUG] [net.minecraftforge.fml.config.ConfigFileTypeHandler/CONFIG]: Built TOML config for /workspaces/minecraftrpg/servidor_minecraft/config/ars_nouveau/glyph_craft.toml
[02May2025 20:51:15.302] [Server thread/DEBUG] [net.minecraftforge.fml.config.ConfigFileTypeHandler/CONFIG]: Loaded TOML config file /workspaces/minecraftrpg/servidor_minecraft/config/ars_nouveau/glyph_craft.toml
[02May2025 20:51:15.302] [Server thread/DEBUG] [net.minecraftforge.fml.config.ConfigFileTypeHandler/CONFIG]: Watching TOML config file /workspaces/minecraftrpg/servidor_minecraft/config/ars_nouveau/glyph_craft.toml for changes
[02May2025 20:51:15.303] [Server thread/DEBUG] [net.minecraftforge.fml.config.ConfigFileTypeHandler/CONFIG]: Built TOML config for /workspaces/minecraftrpg/servidor_minecraft/config/ars_nouveau/glyph_flare.toml
[02May2025 20:51:15.303] [Server thread/DEBUG] [net.minecraftforge.fml.config.ConfigFileTypeHandler/CONFIG]: Loaded TOML config file /workspaces/minecraftrpg/servidor_minecraft/config/ars_nouveau/glyph_flare.toml
[02May2025 20:51:15.303] [Server thread/DEBUG] [net.minecraftforge.fml.config.ConfigFileTypeHandler/CONFIG]: Watching TOML config file /workspaces/minecraftrpg/servidor_minecraft/config/ars_nouveau/glyph_flare.toml for changes
[02May2025 20:51:15.304] [Server thread/DEBUG] [net.minecraftforge.fml.config.ConfigFileTypeHandler/CONFIG]: Built TOML config for /workspaces/minecraftrpg/servidor_minecraft/config/ars_nouveau/glyph_cold_snap.toml
[02May2025 20:51:15.304] [Server thread/DEBUG] [net.minecraftforge.fml.config.ConfigFileTypeHandler/CONFIG]: Loaded TOML config file /workspaces/minecraftrpg/servidor_minecraft/config/ars_nouveau/glyph_cold_snap.toml
[02May2025 20:51:15.304] [Server thread/DEBUG] [net.minecraftforge.fml.config.ConfigFileTypeHandler/CONFIG]: Watching TOML config file /workspaces/minecraftrpg/servidor_minecraft/config/ars_nouveau/glyph_cold_snap.toml for changes
[02May2025 20:51:15.306] [Server thread/DEBUG] [net.minecraftforge.fml.config.ConfigFileTypeHandler/CONFIG]: Built TOML config for /workspaces/minecraftrpg/servidor_minecraft/config/ars_nouveau/glyph_conjure_water.toml
[02May2025 20:51:15.306] [Server thread/DEBUG] [net.minecraftforge.fml.config.ConfigFileTypeHandler/CONFIG]: Loaded TOML config file /workspaces/minecraftrpg/servidor_minecraft/config/ars_nouveau/glyph_conjure_water.toml
[02May2025 20:51:15.306] [Thread-3/DEBUG] [net.minecraftforge.fml.config.ConfigFileTypeHandler/CONFIG]: Config file ars_nouveau/glyph_cold_snap.toml changed, sending notifies
[02May2025 20:51:15.306] [Server thread/DEBUG] [net.minecraftforge.fml.config.ConfigFileTypeHandler/CONFIG]: Watching TOML config file /workspaces/minecraftrpg/servidor_minecraft/config/ars_nouveau/glyph_conjure_water.toml for changes
[02May2025 20:51:15.307] [Server thread/DEBUG] [net.minecraftforge.fml.config.ConfigFileTypeHandler/CONFIG]: Built TOML config for /workspaces/minecraftrpg/servidor_minecraft/config/ars_nouveau/glyph_gravity.toml
[02May2025 20:51:15.307] [Server thread/DEBUG] [net.minecraftforge.fml.config.ConfigFileTypeHandler/CONFIG]: Loaded TOML config file /workspaces/minecraftrpg/servidor_minecraft/config/ars_nouveau/glyph_gravity.toml
[02May2025 20:51:15.309] [Server thread/DEBUG] [net.minecraftforge.fml.config.ConfigFileTypeHandler/CONFIG]: Watching TOML config file /workspaces/minecraftrpg/servidor_minecraft/config/ars_nouveau/glyph_gravity.toml for changes
[02May2025 20:51:15.309] [Server thread/DEBUG] [net.minecraftforge.fml.config.ConfigFileTypeHandler/CONFIG]: Built TOML config for /workspaces/minecraftrpg/servidor_minecraft/config/ars_nouveau/glyph_cut.toml
[02May2025 20:51:15.310] [Thread-3/DEBUG] [net.minecraftforge.fml.config.ConfigFileTypeHandler/CONFIG]: Config file ars_nouveau/glyph_gravity.toml changed, sending notifies
[02May2025 20:51:15.310] [Server thread/DEBUG] [net.minecraftforge.fml.config.ConfigFileTypeHandler/CONFIG]: Loaded TOML config file /workspaces/minecraftrpg/servidor_minecraft/config/ars_nouveau/glyph_cut.toml
[02May2025 20:51:15.310] [Server thread/DEBUG] [net.minecraftforge.fml.config.ConfigFileTypeHandler/CONFIG]: Watching TOML config file /workspaces/minecraftrpg/servidor_minecraft/config/ars_nouveau/glyph_cut.toml for changes
[02May2025 20:51:15.310] [Thread-3/DEBUG] [net.minecraftforge.fml.config.ConfigFileTypeHandler/CONFIG]: Config file ars_nouveau/glyph_gravity.toml changed, sending notifies
[02May2025 20:51:15.310] [Server thread/DEBUG] [net.minecraftforge.fml.config.ConfigFileTypeHandler/CONFIG]: Built TOML config for /workspaces/minecraftrpg/servidor_minecraft/config/ars_nouveau/glyph_crush.toml
[02May2025 20:51:15.310] [Server thread/DEBUG] [net.minecraftforge.fml.config.ConfigFileTypeHandler/CONFIG]: Loaded TOML config file /workspaces/minecraftrpg/servidor_minecraft/config/ars_nouveau/glyph_crush.toml
[02May2025 20:51:15.311] [Server thread/DEBUG] [net.minecraftforge.fml.config.ConfigFileTypeHandler/CONFIG]: Watching TOML config file /workspaces/minecraftrpg/servidor_minecraft/config/ars_nouveau/glyph_crush.toml for changes
[02May2025 20:51:15.313] [Server thread/DEBUG] [net.minecraftforge.fml.config.ConfigFileTypeHandler/CONFIG]: Built TOML config for /workspaces/minecraftrpg/servidor_minecraft/config/ars_nouveau/glyph_summon_wolves.toml
[02May2025 20:51:15.313] [Server thread/DEBUG] [net.minecraftforge.fml.config.ConfigFileTypeHandler/CONFIG]: Loaded TOML config file /workspaces/minecraftrpg/servidor_minecraft/config/ars_nouveau/glyph_summon_wolves.toml
[02May2025 20:51:15.313] [Server thread/DEBUG] [net.minecraftforge.fml.config.ConfigFileTypeHandler/CONFIG]: Watching TOML config file /workspaces/minecraftrpg/servidor_minecraft/config/ars_nouveau/glyph_summon_wolves.toml for changes
[02May2025 20:51:15.314] [Server thread/DEBUG] [net.minecraftforge.fml.config.ConfigFileTypeHandler/CONFIG]: Built TOML config for /workspaces/minecraftrpg/servidor_minecraft/config/ars_nouveau/glyph_summon_steed.toml
[02May2025 20:51:15.314] [Thread-3/DEBUG] [net.minecraftforge.fml.config.ConfigFileTypeHandler/CONFIG]: Config file ars_nouveau/glyph_crush.toml changed, sending notifies
[02May2025 20:51:15.314] [Server thread/DEBUG] [net.minecraftforge.fml.config.ConfigFileTypeHandler/CONFIG]: Loaded TOML config file /workspaces/minecraftrpg/servidor_minecraft/config/ars_nouveau/glyph_summon_steed.toml
[02May2025 20:51:15.315] [Server thread/DEBUG] [net.minecraftforge.fml.config.ConfigFileTypeHandler/CONFIG]: Watching TOML config file /workspaces/minecraftrpg/servidor_minecraft/config/ars_nouveau/glyph_summon_steed.toml for changes
[02May2025 20:51:15.315] [Thread-3/DEBUG] [net.minecraftforge.fml.config.ConfigFileTypeHandler/CONFIG]: Config file ars_nouveau/glyph_summon_wolves.toml changed, sending notifies
[02May2025 20:51:15.317] [Server thread/DEBUG] [net.minecraftforge.fml.config.ConfigFileTypeHandler/CONFIG]: Built TOML config for /workspaces/minecraftrpg/servidor_minecraft/config/ars_nouveau/glyph_summon_decoy.toml
[02May2025 20:51:15.317] [Server thread/DEBUG] [net.minecraftforge.fml.config.ConfigFileTypeHandler/CONFIG]: Loaded TOML config file /workspaces/minecraftrpg/servidor_minecraft/config/ars_nouveau/glyph_summon_decoy.toml
[02May2025 20:51:15.318] [Server thread/DEBUG] [net.minecraftforge.fml.config.ConfigFileTypeHandler/CONFIG]: Watching TOML config file /workspaces/minecraftrpg/servidor_minecraft/config/ars_nouveau/glyph_summon_decoy.toml for changes
[02May2025 20:51:15.317] [Thread-3/DEBUG] [net.minecraftforge.fml.config.ConfigFileTypeHandler/CONFIG]: Config file ars_nouveau/glyph_summon_wolves.toml changed, sending notifies
[02May2025 20:51:15.318] [Server thread/DEBUG] [net.minecraftforge.fml.config.ConfigFileTypeHandler/CONFIG]: Built TOML config for /workspaces/minecraftrpg/servidor_minecraft/config/ars_nouveau/glyph_hex.toml
[02May2025 20:51:15.318] [Thread-3/DEBUG] [net.minecraftforge.fml.config.ConfigFileTypeHandler/CONFIG]: Config file ars_nouveau/glyph_summon_steed.toml changed, sending notifies
[02May2025 20:51:15.318] [Server thread/DEBUG] [net.minecraftforge.fml.config.ConfigFileTypeHandler/CONFIG]: Loaded TOML config file /workspaces/minecraftrpg/servidor_minecraft/config/ars_nouveau/glyph_hex.toml
[02May2025 20:51:15.318] [Server thread/DEBUG] [net.minecraftforge.fml.config.ConfigFileTypeHandler/CONFIG]: Watching TOML config file /workspaces/minecraftrpg/servidor_minecraft/config/ars_nouveau/glyph_hex.toml for changes
[02May2025 20:51:15.318] [Thread-3/DEBUG] [net.minecraftforge.fml.config.ConfigFileTypeHandler/CONFIG]: Config file ars_nouveau/glyph_summon_steed.toml changed, sending notifies
[02May2025 20:51:15.319] [Thread-3/DEBUG] [net.minecraftforge.fml.config.ConfigFileTypeHandler/CONFIG]: Config file ars_nouveau/glyph_hex.toml changed, sending notifies
[02May2025 20:51:15.319] [Server thread/DEBUG] [net.minecraftforge.fml.config.ConfigFileTypeHandler/CONFIG]: Built TOML config for /workspaces/minecraftrpg/servidor_minecraft/config/ars_nouveau/glyph_underfoot.toml
[02May2025 20:51:15.319] [Server thread/DEBUG] [net.minecraftforge.fml.config.ConfigFileTypeHandler/CONFIG]: Loaded TOML config file /workspaces/minecraftrpg/servidor_minecraft/config/ars_nouveau/glyph_underfoot.toml
[02May2025 20:51:15.320] [Server thread/DEBUG] [net.minecraftforge.fml.config.ConfigFileTypeHandler/CONFIG]: Watching TOML config file /workspaces/minecraftrpg/servidor_minecraft/config/ars_nouveau/glyph_underfoot.toml for changes
[02May2025 20:51:15.321] [Server thread/DEBUG] [net.minecraftforge.fml.config.ConfigFileTypeHandler/CONFIG]: Built TOML config for /workspaces/minecraftrpg/servidor_minecraft/config/ars_nouveau/glyph_glide.toml
[02May2025 20:51:15.321] [Server thread/DEBUG] [net.minecraftforge.fml.config.ConfigFileTypeHandler/CONFIG]: Loaded TOML config file /workspaces/minecraftrpg/servidor_minecraft/config/ars_nouveau/glyph_glide.toml
[02May2025 20:51:15.321] [Server thread/DEBUG] [net.minecraftforge.fml.config.ConfigFileTypeHandler/CONFIG]: Watching TOML config file /workspaces/minecraftrpg/servidor_minecraft/config/ars_nouveau/glyph_glide.toml for changes
[02May2025 20:51:15.322] [Server thread/DEBUG] [net.minecraftforge.fml.config.ConfigFileTypeHandler/CONFIG]: Built TOML config for /workspaces/minecraftrpg/servidor_minecraft/config/ars_nouveau/glyph_rune.toml
[02May2025 20:51:15.322] [Thread-3/DEBUG] [net.minecraftforge.fml.config.ConfigFileTypeHandler/CONFIG]: Config file ars_nouveau/glyph_hex.toml changed, sending notifies
[02May2025 20:51:15.323] [Server thread/DEBUG] [net.minecraftforge.fml.config.ConfigFileTypeHandler/CONFIG]: Loaded TOML config file /workspaces/minecraftrpg/servidor_minecraft/config/ars_nouveau/glyph_rune.toml
[02May2025 20:51:15.323] [Server thread/DEBUG] [net.minecraftforge.fml.config.ConfigFileTypeHandler/CONFIG]: Watching TOML config file /workspaces/minecraftrpg/servidor_minecraft/config/ars_nouveau/glyph_rune.toml for changes
[02May2025 20:51:15.323] [Thread-3/DEBUG] [net.minecraftforge.fml.config.ConfigFileTypeHandler/CONFIG]: Config file ars_nouveau/glyph_rune.toml changed, sending notifies
[02May2025 20:51:15.324] [Server thread/DEBUG] [net.minecraftforge.fml.config.ConfigFileTypeHandler/CONFIG]: Built TOML config for /workspaces/minecraftrpg/servidor_minecraft/config/ars_nouveau/glyph_freeze.toml
[02May2025 20:51:15.324] [Thread-3/DEBUG] [net.minecraftforge.fml.config.ConfigFileTypeHandler/CONFIG]: Config file ars_nouveau/glyph_rune.toml changed, sending notifies
[02May2025 20:51:15.324] [Server thread/DEBUG] [net.minecraftforge.fml.config.ConfigFileTypeHandler/CONFIG]: Loaded TOML config file /workspaces/minecraftrpg/servidor_minecraft/config/ars_nouveau/glyph_freeze.toml
[02May2025 20:51:15.324] [Server thread/DEBUG] [net.minecraftforge.fml.config.ConfigFileTypeHandler/CONFIG]: Watching TOML config file /workspaces/minecraftrpg/servidor_minecraft/config/ars_nouveau/glyph_freeze.toml for changes
[02May2025 20:51:15.324] [Thread-3/DEBUG] [net.minecraftforge.fml.config.ConfigFileTypeHandler/CONFIG]: Config file ars_nouveau/glyph_freeze.toml changed, sending notifies
[02May2025 20:51:15.325] [Server thread/DEBUG] [net.minecraftforge.fml.config.ConfigFileTypeHandler/CONFIG]: Built TOML config for /workspaces/minecraftrpg/servidor_minecraft/config/ars_nouveau/glyph_name.toml
[02May2025 20:51:15.325] [Thread-3/DEBUG] [net.minecraftforge.fml.config.ConfigFileTypeHandler/CONFIG]: Config file ars_nouveau/glyph_freeze.toml changed, sending notifies
[02May2025 20:51:15.325] [Server thread/DEBUG] [net.minecraftforge.fml.config.ConfigFileTypeHandler/CONFIG]: Loaded TOML config file /workspaces/minecraftrpg/servidor_minecraft/config/ars_nouveau/glyph_name.toml
[02May2025 20:51:15.326] [Server thread/DEBUG] [net.minecraftforge.fml.config.ConfigFileTypeHandler/CONFIG]: Watching TOML config file /workspaces/minecraftrpg/servidor_minecraft/config/ars_nouveau/glyph_name.toml for changes
[02May2025 20:51:15.326] [Server thread/DEBUG] [net.minecraftforge.fml.config.ConfigFileTypeHandler/CONFIG]: Built TOML config for /workspaces/minecraftrpg/servidor_minecraft/config/ars_nouveau/glyph_summon_undead.toml
[02May2025 20:51:15.327] [Server thread/DEBUG] [net.minecraftforge.fml.config.ConfigFileTypeHandler/CONFIG]: Loaded TOML config file /workspaces/minecraftrpg/servidor_minecraft/config/ars_nouveau/glyph_summon_undead.toml
[02May2025 20:51:15.328] [Server thread/DEBUG] [net.minecraftforge.fml.config.ConfigFileTypeHandler/CONFIG]: Watching TOML config file /workspaces/minecraftrpg/servidor_minecraft/config/ars_nouveau/glyph_summon_undead.toml for changes
[02May2025 20:51:15.328] [Server thread/DEBUG] [net.minecraftforge.fml.config.ConfigFileTypeHandler/CONFIG]: Built TOML config for /workspaces/minecraftrpg/servidor_minecraft/config/ars_nouveau/glyph_firework.toml
[02May2025 20:51:15.329] [Server thread/DEBUG] [net.minecraftforge.fml.config.ConfigFileTypeHandler/CONFIG]: Loaded TOML config file /workspaces/minecraftrpg/servidor_minecraft/config/ars_nouveau/glyph_firework.toml
[02May2025 20:51:15.329] [Server thread/DEBUG] [net.minecraftforge.fml.config.ConfigFileTypeHandler/CONFIG]: Watching TOML config file /workspaces/minecraftrpg/servidor_minecraft/config/ars_nouveau/glyph_firework.toml for changes
[02May2025 20:51:15.329] [Thread-3/DEBUG] [net.minecraftforge.fml.config.ConfigFileTypeHandler/CONFIG]: Config file ars_nouveau/glyph_firework.toml changed, sending notifies
[02May2025 20:51:15.329] [Server thread/DEBUG] [net.minecraftforge.fml.config.ConfigFileTypeHandler/CONFIG]: Built TOML config for /workspaces/minecraftrpg/servidor_minecraft/config/ars_nouveau/glyph_toss.toml
[02May2025 20:51:15.329] [Thread-3/DEBUG] [net.minecraftforge.fml.config.ConfigFileTypeHandler/CONFIG]: Config file ars_nouveau/glyph_firework.toml changed, sending notifies
[02May2025 20:51:15.330] [Server thread/DEBUG] [net.minecraftforge.fml.config.ConfigFileTypeHandler/CONFIG]: Loaded TOML config file /workspaces/minecraftrpg/servidor_minecraft/config/ars_nouveau/glyph_toss.toml
[02May2025 20:51:15.332] [Server thread/DEBUG] [net.minecraftforge.fml.config.ConfigFileTypeHandler/CONFIG]: Watching TOML config file /workspaces/minecraftrpg/servidor_minecraft/config/ars_nouveau/glyph_toss.toml for changes
[02May2025 20:51:15.332] [Server thread/DEBUG] [net.minecraftforge.fml.config.ConfigFileTypeHandler/CONFIG]: Built TOML config for /workspaces/minecraftrpg/servidor_minecraft/config/ars_nouveau/glyph_bounce.toml
[02May2025 20:51:15.333] [Server thread/DEBUG] [net.minecraftforge.fml.config.ConfigFileTypeHandler/CONFIG]: Loaded TOML config file /workspaces/minecraftrpg/servidor_minecraft/config/ars_nouveau/glyph_bounce.toml
[02May2025 20:51:15.333] [Thread-3/DEBUG] [net.minecraftforge.fml.config.ConfigFileTypeHandler/CONFIG]: Config file ars_nouveau/glyph_toss.toml changed, sending notifies
[02May2025 20:51:15.333] [Server thread/DEBUG] [net.minecraftforge.fml.config.ConfigFileTypeHandler/CONFIG]: Watching TOML config file /workspaces/minecraftrpg/servidor_minecraft/config/ars_nouveau/glyph_bounce.toml for changes
[02May2025 20:51:15.333] [Thread-3/DEBUG] [net.minecraftforge.fml.config.ConfigFileTypeHandler/CONFIG]: Config file ars_nouveau/glyph_bounce.toml changed, sending notifies
[02May2025 20:51:15.333] [Server thread/DEBUG] [net.minecraftforge.fml.config.ConfigFileTypeHandler/CONFIG]: Built TOML config for /workspaces/minecraftrpg/servidor_minecraft/config/ars_nouveau/glyph_sensitive.toml
[02May2025 20:51:15.333] [Server thread/DEBUG] [net.minecraftforge.fml.config.ConfigFileTypeHandler/CONFIG]: Loaded TOML config file /workspaces/minecraftrpg/servidor_minecraft/config/ars_nouveau/glyph_sensitive.toml
[02May2025 20:51:15.333] [Thread-3/DEBUG] [net.minecraftforge.fml.config.ConfigFileTypeHandler/CONFIG]: Config file ars_nouveau/glyph_bounce.toml changed, sending notifies
[02May2025 20:51:15.334] [Server thread/DEBUG] [net.minecraftforge.fml.config.ConfigFileTypeHandler/CONFIG]: Watching TOML config file /workspaces/minecraftrpg/servidor_minecraft/config/ars_nouveau/glyph_sensitive.toml for changes
[02May2025 20:51:15.334] [Thread-3/DEBUG] [net.minecraftforge.fml.config.ConfigFileTypeHandler/CONFIG]: Config file ars_nouveau/glyph_sensitive.toml changed, sending notifies
[02May2025 20:51:15.334] [Thread-3/DEBUG] [net.minecraftforge.fml.config.ConfigFileTypeHandler/CONFIG]: Config file ars_nouveau/glyph_sensitive.toml changed, sending notifies
[02May2025 20:51:15.334] [Server thread/DEBUG] [net.minecraftforge.fml.config.ConfigFileTypeHandler/CONFIG]: Built TOML config for /workspaces/minecraftrpg/servidor_minecraft/config/ars_nouveau/glyph_wind_shear.toml
[02May2025 20:51:15.334] [Server thread/DEBUG] [net.minecraftforge.fml.config.ConfigFileTypeHandler/CONFIG]: Loaded TOML config file /workspaces/minecraftrpg/servidor_minecraft/config/ars_nouveau/glyph_wind_shear.toml
[02May2025 20:51:15.336] [Server thread/DEBUG] [net.minecraftforge.fml.config.ConfigFileTypeHandler/CONFIG]: Watching TOML config file /workspaces/minecraftrpg/servidor_minecraft/config/ars_nouveau/glyph_wind_shear.toml for changes
[02May2025 20:51:15.336] [Server thread/DEBUG] [net.minecraftforge.fml.config.ConfigFileTypeHandler/CONFIG]: Built TOML config for /workspaces/minecraftrpg/servidor_minecraft/config/ars_nouveau/glyph_evaporate.toml
[02May2025 20:51:15.337] [Server thread/DEBUG] [net.minecraftforge.fml.config.ConfigFileTypeHandler/CONFIG]: Loaded TOML config file /workspaces/minecraftrpg/servidor_minecraft/config/ars_nouveau/glyph_evaporate.toml
[02May2025 20:51:15.337] [Server thread/DEBUG] [net.minecraftforge.fml.config.ConfigFileTypeHandler/CONFIG]: Watching TOML config file /workspaces/minecraftrpg/servidor_minecraft/config/ars_nouveau/glyph_evaporate.toml for changes
[02May2025 20:51:15.337] [Server thread/DEBUG] [net.minecraftforge.fml.config.ConfigFileTypeHandler/CONFIG]: Built TOML config for /workspaces/minecraftrpg/servidor_minecraft/config/ars_nouveau/glyph_linger.toml
[02May2025 20:51:15.337] [Server thread/DEBUG] [net.minecraftforge.fml.config.ConfigFileTypeHandler/CONFIG]: Loaded TOML config file /workspaces/minecraftrpg/servidor_minecraft/config/ars_nouveau/glyph_linger.toml
[02May2025 20:51:15.338] [Thread-3/DEBUG] [net.minecraftforge.fml.config.ConfigFileTypeHandler/CONFIG]: Config file ars_nouveau/glyph_wind_shear.toml changed, sending notifies
[02May2025 20:51:15.338] [Server thread/DEBUG] [net.minecraftforge.fml.config.ConfigFileTypeHandler/CONFIG]: Watching TOML config file /workspaces/minecraftrpg/servidor_minecraft/config/ars_nouveau/glyph_linger.toml for changes
[02May2025 20:51:15.343] [Server thread/DEBUG] [net.minecraftforge.fml.config.ConfigFileTypeHandler/CONFIG]: Built TOML config for /workspaces/minecraftrpg/servidor_minecraft/config/ars_nouveau/glyph_sense_magic.toml
[02May2025 20:51:15.344] [Thread-3/DEBUG] [net.minecraftforge.fml.config.ConfigFileTypeHandler/CONFIG]: Config file ars_nouveau/glyph_linger.toml changed, sending notifies
[02May2025 20:51:15.345] [Server thread/DEBUG] [net.minecraftforge.fml.config.ConfigFileTypeHandler/CONFIG]: Loaded TOML config file /workspaces/minecraftrpg/servidor_minecraft/config/ars_nouveau/glyph_sense_magic.toml
[02May2025 20:51:15.345] [Server thread/DEBUG] [net.minecraftforge.fml.config.ConfigFileTypeHandler/CONFIG]: Watching TOML config file /workspaces/minecraftrpg/servidor_minecraft/config/ars_nouveau/glyph_sense_magic.toml for changes
[02May2025 20:51:15.346] [Thread-3/DEBUG] [net.minecraftforge.fml.config.ConfigFileTypeHandler/CONFIG]: Config file ars_nouveau/glyph_sense_magic.toml changed, sending notifies
[02May2025 20:51:15.347] [Server thread/DEBUG] [net.minecraftforge.fml.config.ConfigFileTypeHandler/CONFIG]: Built TOML config for /workspaces/minecraftrpg/servidor_minecraft/config/ars_nouveau/glyph_infuse.toml
[02May2025 20:51:15.347] [Thread-3/DEBUG] [net.minecraftforge.fml.config.ConfigFileTypeHandler/CONFIG]: Config file ars_nouveau/glyph_sense_magic.toml changed, sending notifies
[02May2025 20:51:15.347] [Server thread/DEBUG] [net.minecraftforge.fml.config.ConfigFileTypeHandler/CONFIG]: Loaded TOML config file /workspaces/minecraftrpg/servidor_minecraft/config/ars_nouveau/glyph_infuse.toml
[02May2025 20:51:15.348] [Server thread/DEBUG] [net.minecraftforge.fml.config.ConfigFileTypeHandler/CONFIG]: Watching TOML config file /workspaces/minecraftrpg/servidor_minecraft/config/ars_nouveau/glyph_infuse.toml for changes
[02May2025 20:51:15.349] [Thread-3/DEBUG] [net.minecraftforge.fml.config.ConfigFileTypeHandler/CONFIG]: Config file ars_nouveau/glyph_infuse.toml changed, sending notifies
[02May2025 20:51:15.349] [Thread-3/DEBUG] [net.minecraftforge.fml.config.ConfigFileTypeHandler/CONFIG]: Config file ars_nouveau/glyph_infuse.toml changed, sending notifies
[02May2025 20:51:15.352] [Server thread/DEBUG] [net.minecraftforge.fml.config.ConfigFileTypeHandler/CONFIG]: Built TOML config for /workspaces/minecraftrpg/servidor_minecraft/config/ars_nouveau/glyph_rotate.toml
[02May2025 20:51:15.354] [Server thread/DEBUG] [net.minecraftforge.fml.config.ConfigFileTypeHandler/CONFIG]: Loaded TOML config file /workspaces/minecraftrpg/servidor_minecraft/config/ars_nouveau/glyph_rotate.toml
[02May2025 20:51:15.355] [Server thread/DEBUG] [net.minecraftforge.fml.config.ConfigFileTypeHandler/CONFIG]: Watching TOML config file /workspaces/minecraftrpg/servidor_minecraft/config/ars_nouveau/glyph_rotate.toml for changes
[02May2025 20:51:15.355] [Server thread/DEBUG] [net.minecraftforge.fml.config.ConfigFileTypeHandler/CONFIG]: Built TOML config for /workspaces/minecraftrpg/servidor_minecraft/config/ars_nouveau/glyph_wall.toml
[02May2025 20:51:15.356] [Thread-3/DEBUG] [net.minecraftforge.fml.config.ConfigFileTypeHandler/CONFIG]: Config file ars_nouveau/glyph_rotate.toml changed, sending notifies
[02May2025 20:51:15.357] [Server thread/DEBUG] [net.minecraftforge.fml.config.ConfigFileTypeHandler/CONFIG]: Loaded TOML config file /workspaces/minecraftrpg/servidor_minecraft/config/ars_nouveau/glyph_wall.toml
[02May2025 20:51:15.357] [Server thread/DEBUG] [net.minecraftforge.fml.config.ConfigFileTypeHandler/CONFIG]: Watching TOML config file /workspaces/minecraftrpg/servidor_minecraft/config/ars_nouveau/glyph_wall.toml for changes
[02May2025 20:51:15.358] [Thread-3/DEBUG] [net.minecraftforge.fml.config.ConfigFileTypeHandler/CONFIG]: Config file ars_nouveau/glyph_wall.toml changed, sending notifies
[02May2025 20:51:15.361] [Server thread/DEBUG] [net.minecraftforge.fml.config.ConfigFileTypeHandler/CONFIG]: Built TOML config for /workspaces/minecraftrpg/servidor_minecraft/config/ars_nouveau/glyph_animate_block.toml
[02May2025 20:51:15.362] [Thread-3/DEBUG] [net.minecraftforge.fml.config.ConfigFileTypeHandler/CONFIG]: Config file ars_nouveau/glyph_wall.toml changed, sending notifies
[02May2025 20:51:15.362] [Server thread/DEBUG] [net.minecraftforge.fml.config.ConfigFileTypeHandler/CONFIG]: Loaded TOML config file /workspaces/minecraftrpg/servidor_minecraft/config/ars_nouveau/glyph_animate_block.toml
[02May2025 20:51:15.362] [Server thread/DEBUG] [net.minecraftforge.fml.config.ConfigFileTypeHandler/CONFIG]: Watching TOML config file /workspaces/minecraftrpg/servidor_minecraft/config/ars_nouveau/glyph_animate_block.toml for changes
[02May2025 20:51:15.363] [Thread-3/DEBUG] [net.minecraftforge.fml.config.ConfigFileTypeHandler/CONFIG]: Config file ars_nouveau/glyph_animate_block.toml changed, sending notifies
[02May2025 20:51:15.364] [Thread-3/DEBUG] [net.minecraftforge.fml.config.ConfigFileTypeHandler/CONFIG]: Config file ars_nouveau/glyph_animate_block.toml changed, sending notifies
[02May2025 20:51:15.364] [Server thread/DEBUG] [net.minecraftforge.fml.config.ConfigFileTypeHandler/CONFIG]: Built TOML config for /workspaces/minecraftrpg/servidor_minecraft/config/ars_nouveau/burst.toml
[02May2025 20:51:15.368] [Server thread/DEBUG] [net.minecraftforge.fml.config.ConfigFileTypeHandler/CONFIG]: Loaded TOML config file /workspaces/minecraftrpg/servidor_minecraft/config/ars_nouveau/burst.toml
[02May2025 20:51:15.369] [Server thread/DEBUG] [net.minecraftforge.fml.config.ConfigFileTypeHandler/CONFIG]: Watching TOML config file /workspaces/minecraftrpg/servidor_minecraft/config/ars_nouveau/burst.toml for changes
[02May2025 20:51:15.371] [Server thread/DEBUG] [net.minecraftforge.fml.config.ConfigFileTypeHandler/CONFIG]: Built TOML config for /workspaces/minecraftrpg/servidor_minecraft/config/ars_nouveau/glyph_randomize.toml
[02May2025 20:51:15.372] [Thread-3/DEBUG] [net.minecraftforge.fml.config.ConfigFileTypeHandler/CONFIG]: Config file ars_nouveau/burst.toml changed, sending notifies
[02May2025 20:51:15.372] [Server thread/DEBUG] [net.minecraftforge.fml.config.ConfigFileTypeHandler/CONFIG]: Loaded TOML config file /workspaces/minecraftrpg/servidor_minecraft/config/ars_nouveau/glyph_randomize.toml
[02May2025 20:51:15.372] [Server thread/DEBUG] [net.minecraftforge.fml.config.ConfigFileTypeHandler/CONFIG]: Watching TOML config file /workspaces/minecraftrpg/servidor_minecraft/config/ars_nouveau/glyph_randomize.toml for changes
[02May2025 20:51:15.373] [Thread-3/DEBUG] [net.minecraftforge.fml.config.ConfigFileTypeHandler/CONFIG]: Config file ars_nouveau/glyph_randomize.toml changed, sending notifies
[02May2025 20:51:15.374] [Server thread/DEBUG] [net.minecraftforge.fml.config.ConfigFileTypeHandler/CONFIG]: Built TOML config for /workspaces/minecraftrpg/servidor_minecraft/config/ars_nouveau/glyph_orbit.toml
[02May2025 20:51:15.374] [Server thread/DEBUG] [net.minecraftforge.fml.config.ConfigFileTypeHandler/CONFIG]: Loaded TOML config file /workspaces/minecraftrpg/servidor_minecraft/config/ars_nouveau/glyph_orbit.toml
[02May2025 20:51:15.374] [Thread-3/DEBUG] [net.minecraftforge.fml.config.ConfigFileTypeHandler/CONFIG]: Config file ars_nouveau/glyph_randomize.toml changed, sending notifies
[02May2025 20:51:15.377] [Server thread/DEBUG] [net.minecraftforge.fml.config.ConfigFileTypeHandler/CONFIG]: Watching TOML config file /workspaces/minecraftrpg/servidor_minecraft/config/ars_nouveau/glyph_orbit.toml for changes
[02May2025 20:51:15.378] [Server thread/DEBUG] [net.minecraftforge.fml.config.ConfigFileTypeHandler/CONFIG]: Built TOML config for /workspaces/minecraftrpg/servidor_minecraft/config/ars_nouveau/reset.toml
[02May2025 20:51:15.378] [Thread-3/DEBUG] [net.minecraftforge.fml.config.ConfigFileTypeHandler/CONFIG]: Config file ars_nouveau/glyph_orbit.toml changed, sending notifies
[02May2025 20:51:15.379] [Server thread/DEBUG] [net.minecraftforge.fml.config.ConfigFileTypeHandler/CONFIG]: Loaded TOML config file /workspaces/minecraftrpg/servidor_minecraft/config/ars_nouveau/reset.toml
[02May2025 20:51:15.379] [Server thread/DEBUG] [net.minecraftforge.fml.config.ConfigFileTypeHandler/CONFIG]: Watching TOML config file /workspaces/minecraftrpg/servidor_minecraft/config/ars_nouveau/reset.toml for changes
[02May2025 20:51:15.379] [Server thread/DEBUG] [net.minecraftforge.fml.config.ConfigFileTypeHandler/CONFIG]: Built TOML config for /workspaces/minecraftrpg/servidor_minecraft/config/ars_nouveau/wololo.toml
[02May2025 20:51:15.382] [Server thread/DEBUG] [net.minecraftforge.fml.config.ConfigFileTypeHandler/CONFIG]: Loaded TOML config file /workspaces/minecraftrpg/servidor_minecraft/config/ars_nouveau/wololo.toml
[02May2025 20:51:15.383] [Server thread/DEBUG] [net.minecraftforge.fml.config.ConfigFileTypeHandler/CONFIG]: Watching TOML config file /workspaces/minecraftrpg/servidor_minecraft/config/ars_nouveau/wololo.toml for changes
[02May2025 20:51:15.385] [Thread-3/DEBUG] [net.minecraftforge.fml.config.ConfigFileTypeHandler/CONFIG]: Config file ars_nouveau/wololo.toml changed, sending notifies
[02May2025 20:51:15.385] [Server thread/DEBUG] [net.minecraftforge.fml.config.ConfigFileTypeHandler/CONFIG]: Built TOML config for /workspaces/minecraftrpg/servidor_minecraft/config/ars_nouveau/rewind.toml
[02May2025 20:51:15.386] [Thread-3/DEBUG] [net.minecraftforge.fml.config.ConfigFileTypeHandler/CONFIG]: Config file ars_nouveau/wololo.toml changed, sending notifies
[02May2025 20:51:15.387] [Server thread/DEBUG] [net.minecraftforge.fml.config.ConfigFileTypeHandler/CONFIG]: Loaded TOML config file /workspaces/minecraftrpg/servidor_minecraft/config/ars_nouveau/rewind.toml
[02May2025 20:51:15.387] [Server thread/DEBUG] [net.minecraftforge.fml.config.ConfigFileTypeHandler/CONFIG]: Watching TOML config file /workspaces/minecraftrpg/servidor_minecraft/config/ars_nouveau/rewind.toml for changes
[02May2025 20:51:15.388] [Thread-3/DEBUG] [net.minecraftforge.fml.config.ConfigFileTypeHandler/CONFIG]: Config file ars_nouveau/rewind.toml changed, sending notifies
[02May2025 20:51:15.388] [Thread-3/DEBUG] [net.minecraftforge.fml.config.ConfigFileTypeHandler/CONFIG]: Config file ars_nouveau/rewind.toml changed, sending notifies
[02May2025 20:51:15.389] [Server thread/DEBUG] [net.minecraftforge.fml.config.ConfigFileTypeHandler/CONFIG]: Built TOML config for /workspaces/minecraftrpg/servidor_minecraft/config/ars_nouveau-server.toml
[02May2025 20:51:15.391] [Server thread/DEBUG] [net.minecraftforge.fml.config.ConfigFileTypeHandler/CONFIG]: Loaded TOML config file /workspaces/minecraftrpg/servidor_minecraft/config/ars_nouveau-server.toml
[02May2025 20:51:15.392] [Server thread/DEBUG] [net.minecraftforge.fml.config.ConfigFileTypeHandler/CONFIG]: Watching TOML config file /workspaces/minecraftrpg/servidor_minecraft/config/ars_nouveau-server.toml for changes
[02May2025 20:51:15.393] [Server thread/DEBUG] [net.minecraftforge.fml.config.ConfigFileTypeHandler/CONFIG]: Built TOML config for ./world/serverconfig/forge-server.toml
[02May2025 20:51:15.397] [Server thread/DEBUG] [net.minecraftforge.fml.config.ConfigFileTypeHandler/CONFIG]: Loaded TOML config file ./world/serverconfig/forge-server.toml
[02May2025 20:51:15.398] [Server thread/DEBUG] [net.minecraftforge.fml.config.ConfigFileTypeHandler/CONFIG]: Watching TOML config file ./world/serverconfig/forge-server.toml for changes
[02May2025 20:51:15.400] [Server thread/DEBUG] [net.minecraftforge.common.ForgeConfig/FORGEMOD]: Loaded forge config file forge-server.toml
[02May2025 20:51:15.403] [Thread-3/DEBUG] [net.minecraftforge.fml.config.ConfigFileTypeHandler/CONFIG]: Config file forge-server.toml changed, sending notifies
[02May2025 20:51:15.403] [Thread-3/DEBUG] [net.minecraftforge.common.ForgeConfig/FORGEMOD]: Forge config just got changed on the file system!
[02May2025 20:51:15.608] [Server thread/DEBUG] [Paraglider/]: Start adding village structures
[02May2025 20:51:15.609] [Server thread/DEBUG] [Paraglider/]: Added 2 elements to template pool 'minecraft:village/desert/houses'
[02May2025 20:51:15.609] [Server thread/DEBUG] [Paraglider/]: Added 2 elements to template pool 'minecraft:village/plains/houses'
[02May2025 20:51:15.609] [Server thread/DEBUG] [Paraglider/]: Added 2 elements to template pool 'minecraft:village/savanna/houses'
[02May2025 20:51:15.609] [Server thread/DEBUG] [Paraglider/]: Added 1 elements to template pool 'minecraft:village/snowy/houses'
[02May2025 20:51:15.609] [Server thread/DEBUG] [Paraglider/]: Added 2 elements to template pool 'minecraft:village/taiga/houses'
[02May2025 20:51:15.610] [Server thread/DEBUG] [Paraglider/]: Finished adding village structures
[02May2025 20:51:17.308] [Server thread/INFO] [terrablender/]: Initialized TerraBlender biomes for level stem minecraft:overworld
[02May2025 20:51:17.312] [Server thread/INFO] [terrablender/]: Initialized TerraBlender biomes for level stem minecraft:the_nether
[02May2025 20:51:17.314] [Server thread/INFO] [net.minecraft.server.dedicated.DedicatedServer/]: Preparing level "world"
[02May2025 20:51:17.338] [Server thread/DEBUG] [net.minecraftforge.coremod.transformer.CoreModBaseTransformer/COREMOD]: Transforming net/minecraft/world/level/levelgen/PhantomSpawner
[02May2025 20:51:17.379] [Server thread/DEBUG] [net.minecraftforge.coremod.transformer.CoreModBaseTransformer/COREMOD]: Transforming net/minecraft/world/level/levelgen/PatrolSpawner
[02May2025 20:51:17.411] [Server thread/DEBUG] [net.minecraftforge.coremod.transformer.CoreModBaseTransformer/COREMOD]: Transforming net/minecraft/world/entity/npc/CatSpawner
[02May2025 20:51:17.437] [Server thread/DEBUG] [net.minecraftforge.coremod.transformer.CoreModBaseTransformer/COREMOD]: Transforming net/minecraft/world/entity/ai/village/VillageSiege
[02May2025 20:51:17.803] [Server thread/DEBUG] [mixin/]: Mixing ChunkMapAccessor from skinrestorer.mixins.json into net.minecraft.server.level.ChunkMap
[02May2025 20:51:17.804] [Server thread/DEBUG] [mixin/]: skinrestorer.mixins.json:ChunkMapAccessor: Class version 61 required is higher than the class version supported by the current version of Mixin (JAVA_8 supports class version 52)
[02May2025 20:51:17.805] [Server thread/DEBUG] [mixin/]: Mixing camera.ChunkMapMixin from ars_nouveau.mixins.json into net.minecraft.server.level.ChunkMap
[02May2025 20:51:17.808] [Server thread/DEBUG] [mixin/]: Renaming synthetic method lambda$updateAccordingToCamera$0(Lnet/minecraft/world/level/ChunkPos;IILorg/apache/commons/lang3/mutable/MutableObject;Lnet/minecraft/server/level/ServerPlayer;)V to md6c06bc$lambda$updateAccordingToCamera$0$0 in ars_nouveau.mixins.json:camera.ChunkMapMixin
[02May2025 20:51:35.156] [Server thread/INFO] [net.minecraft.server.MinecraftServer/]: Preparing start region for dimension minecraft:overworld
[02May2025 20:51:39.216] [Server thread/DEBUG] [mixin/]: Mixing MixinChunkSerializer from architectury.mixins.json into net.minecraft.world.level.chunk.storage.ChunkSerializer
[02May2025 20:51:40.514] [Server thread/DEBUG] [net.minecraftforge.coremod.transformer.CoreModBaseTransformer/COREMOD]: Transforming net/minecraft/world/level/levelgen/structure/templatesystem/StructureTemplate
[02May2025 20:51:40.807] [Server thread/DEBUG] [mixin/]: Mixing structure.StructureTemplateAccessor from ars_nouveau.mixins.json into net.minecraft.world.level.levelgen.structure.templatesystem.StructureTemplate
[02May2025 20:51:40.808] [Server thread/DEBUG] [mixin/]: Mixing structure.StructureTemplateMixin from ars_nouveau.mixins.json into net.minecraft.world.level.levelgen.structure.templatesystem.StructureTemplate
[02May2025 20:51:40.808] [Server thread/DEBUG] [mixin/]: Renaming synthetic method lambda$ars_nouveau_preventAutoWaterlogging$0(Lnet/minecraft/world/level/levelgen/structure/templatesystem/StructureProcessor;)Z to md6c06bc$lambda$ars_nouveau_preventAutoWaterlogging$0$0 in ars_nouveau.mixins.json:structure.StructureTemplateMixin
[02May2025 20:51:45.303] [Worker-Main-1/INFO] [net.minecraft.server.level.progress.LoggerChunkProgressListener/]: Preparing spawn area: 0%
[02May2025 20:51:45.374] [Worker-Main-1/INFO] [net.minecraft.server.level.progress.LoggerChunkProgressListener/]: Preparing spawn area: 0%
[02May2025 20:51:45.408] [Worker-Main-1/INFO] [net.minecraft.server.level.progress.LoggerChunkProgressListener/]: Preparing spawn area: 0%
[02May2025 20:51:45.432] [Worker-Main-1/INFO] [net.minecraft.server.level.progress.LoggerChunkProgressListener/]: Preparing spawn area: 0%
[02May2025 20:51:45.466] [Worker-Main-1/INFO] [net.minecraft.server.level.progress.LoggerChunkProgressListener/]: Preparing spawn area: 0%
[02May2025 20:51:45.507] [Worker-Main-1/INFO] [net.minecraft.server.level.progress.LoggerChunkProgressListener/]: Preparing spawn area: 0%
[02May2025 20:51:45.542] [Worker-Main-1/INFO] [net.minecraft.server.level.progress.LoggerChunkProgressListener/]: Preparing spawn area: 0%
[02May2025 20:51:45.560] [Worker-Main-1/INFO] [net.minecraft.server.level.progress.LoggerChunkProgressListener/]: Preparing spawn area: 0%
[02May2025 20:51:45.575] [Worker-Main-1/INFO] [net.minecraft.server.level.progress.LoggerChunkProgressListener/]: Preparing spawn area: 0%
[02May2025 20:51:45.599] [Worker-Main-1/INFO] [net.minecraft.server.level.progress.LoggerChunkProgressListener/]: Preparing spawn area: 0%
[02May2025 20:51:45.645] [Worker-Main-1/INFO] [net.minecraft.server.level.progress.LoggerChunkProgressListener/]: Preparing spawn area: 0%
[02May2025 20:51:45.681] [Worker-Main-1/INFO] [net.minecraft.server.level.progress.LoggerChunkProgressListener/]: Preparing spawn area: 0%
[02May2025 20:51:45.694] [Worker-Main-1/INFO] [net.minecraft.server.level.progress.LoggerChunkProgressListener/]: Preparing spawn area: 0%
[02May2025 20:51:45.713] [Worker-Main-1/INFO] [net.minecraft.server.level.progress.LoggerChunkProgressListener/]: Preparing spawn area: 0%
[02May2025 20:51:45.719] [Worker-Main-1/INFO] [net.minecraft.server.level.progress.LoggerChunkProgressListener/]: Preparing spawn area: 0%
[02May2025 20:51:45.741] [Worker-Main-1/INFO] [net.minecraft.server.level.progress.LoggerChunkProgressListener/]: Preparing spawn area: 0%
[02May2025 20:51:45.768] [Worker-Main-1/INFO] [net.minecraft.server.level.progress.LoggerChunkProgressListener/]: Preparing spawn area: 0%
[02May2025 20:51:45.795] [Worker-Main-1/INFO] [net.minecraft.server.level.progress.LoggerChunkProgressListener/]: Preparing spawn area: 0%
[02May2025 20:51:45.855] [Worker-Main-1/INFO] [net.minecraft.server.level.progress.LoggerChunkProgressListener/]: Preparing spawn area: 0%
[02May2025 20:51:45.879] [Worker-Main-1/INFO] [net.minecraft.server.level.progress.LoggerChunkProgressListener/]: Preparing spawn area: 0%
[02May2025 20:51:45.891] [Worker-Main-1/INFO] [net.minecraft.server.level.progress.LoggerChunkProgressListener/]: Preparing spawn area: 0%
[02May2025 20:51:45.908] [Worker-Main-1/INFO] [net.minecraft.server.level.progress.LoggerChunkProgressListener/]: Preparing spawn area: 0%
[02May2025 20:51:46.165] [Worker-Main-1/INFO] [net.minecraft.server.level.progress.LoggerChunkProgressListener/]: Preparing spawn area: 0%
[02May2025 20:51:47.054] [Worker-Main-1/INFO] [net.minecraft.server.level.progress.LoggerChunkProgressListener/]: Preparing spawn area: 0%
[02May2025 20:51:47.183] [Worker-Main-1/INFO] [net.minecraft.server.level.progress.LoggerChunkProgressListener/]: Preparing spawn area: 0%
[02May2025 20:51:47.660] [Worker-Main-1/INFO] [net.minecraft.server.level.progress.LoggerChunkProgressListener/]: Preparing spawn area: 0%
[02May2025 20:51:48.161] [Worker-Main-1/INFO] [net.minecraft.server.level.progress.LoggerChunkProgressListener/]: Preparing spawn area: 0%
[02May2025 20:51:48.660] [Worker-Main-1/INFO] [net.minecraft.server.level.progress.LoggerChunkProgressListener/]: Preparing spawn area: 0%
[02May2025 20:51:49.160] [Worker-Main-1/INFO] [net.minecraft.server.level.progress.LoggerChunkProgressListener/]: Preparing spawn area: 0%
[02May2025 20:51:50.006] [Server thread/INFO] [net.minecraft.server.level.progress.LoggerChunkProgressListener/]: Time elapsed: 14847 ms
[02May2025 20:51:50.007] [Server thread/INFO] [net.minecraft.server.dedicated.DedicatedServer/]: Done (34.865s)! For help, type "help"
[02May2025 20:51:50.021] [Server thread/DEBUG] [net.minecraftforge.network.DualStackUtils/]: Detected IPv6 address: "0:0:0:0:0:0:0:0"
[02May2025 20:51:50.082] [Server thread/DEBUG] [net.minecraftforge.common.ForgeI18n/CORE]: Loading I18N data entries: 7140
[02May2025 20:51:50.088] [Server thread/INFO] [net.minecraftforge.server.permission.PermissionAPI/]: Successfully initialized permission handler forge:default_handler
[02May2025 20:51:50.089] [Server thread/INFO] [com.becks.uniquedungeons.UniqueDungeons/]: HELLO from server starting
[02May2025 20:51:50.093] [Server thread/INFO] [bountiful/]: Registering Bounty Board Jigsaw Piece for Village Type: plains
[02May2025 20:51:50.103] [Server thread/INFO] [bountiful/]: Registering Bounty Board Jigsaw Piece for Village Type: savanna
[02May2025 20:51:50.104] [Server thread/INFO] [bountiful/]: Registering Bounty Board Jigsaw Piece for Village Type: snowy
[02May2025 20:51:50.105] [Server thread/INFO] [bountiful/]: Registering Bounty Board Jigsaw Piece for Village Type: taiga
[02May2025 20:51:50.106] [Server thread/INFO] [bountiful/]: Registering Bounty Board Jigsaw Piece for Village Type: desert
[02May2025 20:51:50.382] [Server thread/INFO] [net.bettercombat.logic.WeaponRegistry/]: Encoded Weapon Attribute registry size (with package overhead): 125551 bytes (in 13 string chunks with the size of 10000)
[02May2025 20:51:50.389] [Server thread/INFO] [patchouli/]: Sending reload packet to clients
[02May2025 20:51:50.406] [Server thread/WARN] [voicechat/]: [voicechat] Running in offline mode - Voice chat encryption is not secure!
[02May2025 20:51:50.418] [Server thread/DEBUG] [voicechat/]: [voicechat] Using default voicechat socket implementation
[02May2025 20:51:50.429] [Server thread/DEBUG] [voicechat/]: [voicechat] Synchronizing volume category own_voice with all players
[02May2025 20:51:50.430] [VoiceChatServerThread/INFO] [voicechat/]: [voicechat] Voice host is '25565'
[02May2025 20:51:50.432] [VoiceChatServerThread/INFO] [voicechat/]: [voicechat] Voice chat server started at port 13018
[02May2025 20:51:50.493] [Server thread/DEBUG] [net.minecraftforge.coremod.transformer.CoreModBaseTransformer/COREMOD]: Transforming net/minecraft/world/level/NaturalSpawner
[02May2025 20:51:50.584] [Server thread/DEBUG] [mixin/]: Mixing TrackedEntityAccessorInvoker from skinrestorer.mixins.json into net.minecraft.server.level.ChunkMap$TrackedEntity
[02May2025 20:51:50.585] [Server thread/DEBUG] [mixin/]: skinrestorer.mixins.json:TrackedEntityAccessorInvoker: Class version 61 required is higher than the class version supported by the current version of Mixin (JAVA_8 supports class version 52)
[02May2025 20:51:50.585] [Server thread/DEBUG] [mixin/]: Mixing camera.TrackedEntityMixin from ars_nouveau.mixins.json into net.minecraft.server.level.ChunkMap$TrackedEntity
[02May2025 20:51:50.627] [Server thread/INFO] [net.minecraft.server.MinecraftServer/]: Unknown or incomplete command, see below for error
[02May2025 20:51:50.628] [Server thread/INFO] [net.minecraft.server.MinecraftServer/]: home/codespace/.python/current/bin/python /workspaces/minecraftrpg/msx.py<--[HERE]
[02May2025 20:56:50.414] [Server thread/DEBUG] [net.minecraftforge.common.ForgeHooks/WP]: Gathering id map for writing to world save world
[02May2025 20:56:50.490] [Server thread/DEBUG] [net.minecraftforge.common.ForgeHooks/WP]: ID Map collection complete world
